id,y_pred,score_riesgo,y_true,TOXICITY,SEVERE_TOXICITY,INSULT,PROFANITY,IDENTITY_ATTACK,THREAT,SEXUALLY_EXPLICIT,FLIRTATION,num_offensive_words
0,1,0.42349213,0,0.42349213,0.023076924,0.03511308,0.3938786,0.008139528,0.0077802283,0.61515623,0.6767019,0
1,0,0.11171334,0,0.11171334,0.0076675415,0.032138187,0.097129054,0.015154205,0.020091362,0.114720635,0.3584673,0
2,0,0.14082454,1,0.14082454,0.0026893616,0.06757036,0.022559889,0.004180758,0.0079873605,0.00604516,0.4283372,0
3,0,0.049584184,0,0.049584184,0.0024032593,0.011958904,0.02030538,0.025002124,0.011430934,0.011264639,0.26403612,0
4,0,0.17458448,1,0.17458448,0.0059890747,0.07016616,0.059948977,0.020078164,0.017156094,0.025714045,0.32391295,0
5,0,0.11419344,0,0.11419344,0.0031089783,0.04969218,0.01579636,0.007843546,0.009929225,0.014272475,0.5533787,0
6,0,0.04067813,0,0.04067813,0.0019454956,0.011578901,0.02119352,0.008768492,0.008505191,0.04857324,0.5677133,0
7,0,0.009357343,0,0.0025289198,0.00029325485,0.005726865,0.009357343,0.00022661187,0.00541439,0.0051310137,0.24448462,0
8,0,0.017504321,0,0.016838523,0.0013923645,0.00815888,0.017504321,0.004587734,0.008194493,0.014980201,0.46664825,0
9,0,0.045378547,1,0.045378547,0.0019836426,0.015720926,0.017504321,0.008694496,0.009281937,0.019934284,0.43717107,0
10,0,0.1140901,0,0.1140901,0.0038528442,0.027476108,0.05393682,0.008324518,0.009204263,0.021821553,0.14426512,0
11,0,0.056263726,1,0.056263726,0.002117157,0.012452906,0.02522431,0.009360458,0.009566744,0.04980995,0.51423055,0
12,0,0.10566349,0,0.10566349,0.0061035156,0.019870255,0.064458095,0.011025362,0.04686524,0.04115297,0.35523278,0
13,0,0.2463217,0,0.24282593,0.006713867,0.09563028,0.08613731,0.2463217,0.0074954215,0.020524055,0.17891726,0
14,0,0.2524482,1,0.2524482,0.0042152405,0.23237456,0.024472807,0.008953481,0.0078449575,0.0073426575,0.39385223,0
15,0,0.20009702,0,0.20009702,0.005645752,0.05262003,0.023516348,0.17925262,0.027170537,0.012916001,0.4244548,0
16,0,0.07291982,0,0.07291982,0.005531311,0.023866551,0.055940874,0.028016793,0.011430934,0.0521067,0.34466198,0
17,1,0.43296707,1,0.3969567,0.0065994263,0.43296707,0.025907494,0.028628819,0.0077672824,0.00666442,0.2561055,0
18,0,0.05799546,0,0.05799546,0.0031280518,0.009108886,0.015523086,0.0038292783,0.044925548,0.005602831,0.26777995,0
19,0,0.0438942,0,0.0438942,0.0028419495,0.008975885,0.022901481,0.006178642,0.014738814,0.028898813,0.40453938,0
20,0,0.23812068,1,0.23812068,0.0125103295,0.029493837,0.06195303,0.009249465,0.1284288,0.028426996,0.36568454,0
21,0,0.08637348,1,0.08637348,0.0018024445,0.018452216,0.016957775,0.078392304,0.0062008454,0.00687084,0.1957334,0
22,0,0.010313802,0,0.008105109,0.0004887581,0.00647737,0.010313802,0.0014429165,0.0062332097,0.0037745389,0.56830615,0
23,1,0.15600902,1,0.15600902,0.0076675415,0.019741343,0.06295506,0.029660052,0.053330876,0.039209563,0.23848547,1
24,0,0.28857216,1,0.28857216,0.015221698,0.06459839,0.12035047,0.2795294,0.12996206,0.1868743,0.69374985,0
25,1,0.27236435,1,0.27236435,0.007972717,0.20434737,0.08290444,0.022188433,0.01086132,0.016631562,0.50815177,3
26,0,0.048099842,0,0.048099842,0.0021266937,0.017356457,0.028776871,0.0042547537,0.00704232,0.0501633,0.57403994,0
27,0,0.031684756,0,0.031684756,0.0025367737,0.013364912,0.027683776,0.005771666,0.008065036,0.025949955,0.33266765,0
28,1,0.16331999,1,0.16331999,0.0045394897,0.033680726,0.04216301,0.013144426,0.008259222,0.27564603,0.5222204,2
29,1,0.38601747,1,0.38601747,0.02453801,0.24767025,0.30161268,0.09410924,0.0287245,0.40438387,0.91981745,3
30,0,0.13908891,0,0.13908891,0.004501343,0.0670459,0.07126612,0.0057346676,0.0067834044,0.0353863,0.49681464,0
31,0,0.04290464,0,0.04290464,0.002861023,0.011540901,0.02344803,0.006511623,0.011456826,0.024416547,0.2753208,0
32,0,0.15656179,0,0.15656179,0.0061035156,0.03885912,0.08193458,0.026810925,0.015256803,0.06553386,0.22722816,0
33,0,0.048594624,0,0.048594624,0.0011587143,0.019676886,0.014669105,0.0029043318,0.0063367756,0.006752886,0.20789349,0
34,0,0.0438942,0,0.0438942,0.0011825562,0.014428918,0.014942379,0.026609946,0.006537435,0.00896453,0.12086383,0
35,0,0.11109332,1,0.11109332,0.002632141,0.03070583,0.018802373,0.006881601,0.020609349,0.024298593,0.45597708,0
36,0,0.06065326,0,0.06065326,0.0030899048,0.02212623,0.026180768,0.0048097214,0.010680079,0.023354959,0.18210949,0
37,0,0.2854835,0,0.2854835,0.01121521,0.023995465,0.24631839,0.007880543,0.0076507707,0.4138546,0.4674809,0
38,0,0.039226998,0,0.039226998,0.0008058548,0.02051482,0.011082385,0.0019978844,0.006097279,0.0034059316,0.191724,0
39,0,0.23162876,1,0.23162876,0.004425049,0.11172232,0.03464781,0.015455672,0.010809537,0.018990649,0.32929367,0
40,0,0.06025757,0,0.06025757,0.0018405914,0.014428918,0.02023706,0.0047357255,0.013165667,0.01604179,0.1953364,0
41,0,0.10609736,0,0.10609736,0.0043296814,0.028832749,0.06044999,0.0057346676,0.009955117,0.06624055,0.36572945,0
42,0,0.15932569,1,0.15932569,0.0059509277,0.06354945,0.060951006,0.020580608,0.013476364,0.026185863,0.3555596,0
43,0,0.39021665,1,0.39021665,0.023076924,0.27763805,0.19524631,0.3817989,0.025271246,0.32828313,0.25981578,0
44,0,0.1996317,1,0.1996317,0.015544481,0.04910661,0.15283443,0.06567776,0.13815513,0.33130673,0.5223959,0
45,1,0.61223894,1,0.61223894,0.10702737,0.15769513,0.5188411,0.028886627,0.029933142,0.698005,0.84875846,1
46,0,0.26859093,0,0.26859093,0.013091337,0.06794841,0.07740857,0.008879486,0.061089642,0.11778534,0.36950183,0
47,1,0.19694418,1,0.19694418,0.006713867,0.030485468,0.07967158,0.016460562,0.012130005,0.3743851,0.38540834,5
48,0,0.30439767,0,0.30439767,0.009918213,0.1087965,0.17987521,0.054763943,0.019228047,0.3673684,0.60139614,0
49,0,0.20219094,1,0.20219094,0.006752014,0.076502606,0.10240069,0.025605056,0.014048163,0.037981298,0.29840636,0
50,0,0.32919475,1,0.32919475,0.021031776,0.13064787,0.1631077,0.09162762,0.06238277,0.06447382,0.39914098,0
51,0,0.13908891,1,0.13908891,0.0039863586,0.04910661,0.024677763,0.013244915,0.028897164,0.013151909,0.4885665,0
52,0,0.11171334,0,0.11171334,0.0024414063,0.043250903,0.02344803,0.0052906936,0.009696201,0.011441571,0.5523944,0
53,1,0.6827122,0,0.6827122,0.032316983,0.082619295,0.54024357,0.015857628,0.009851551,0.86834824,0.708932,1
54,0,0.18554166,1,0.18554166,0.006790161,0.0836065,0.05268429,0.08170113,0.035458352,0.03609403,0.4688564,0
55,0,0.2540519,1,0.2540519,0.011291504,0.16853803,0.110447146,0.012240025,0.019746035,0.059526972,0.5509234,0
56,1,0.63782936,1,0.63782936,0.16960317,0.3493834,0.541926,0.48990932,0.035803676,0.729935,0.6138037,4
57,1,0.45090583,1,0.45090583,0.023076924,0.16868424,0.30866358,0.062039822,0.079364374,0.50039214,0.8099426,2
58,1,0.6744087,0,0.6744087,0.16960317,0.082619295,0.58072567,0.027011903,0.010809537,0.89176697,0.62068266,2
59,0,0.39231625,1,0.39231625,0.020257099,0.24928534,0.19278693,0.023796257,0.046541955,0.124132246,0.21071622,0
60,0,0.09033044,0,0.09033044,0.003604889,0.021803947,0.032894265,0.016360072,0.011482717,0.026775636,0.2508455,0
61,0,0.04760506,1,0.04760506,0.0023174286,0.009241886,0.022286616,0.0034223017,0.011922873,0.053520087,0.4632794,0
62,0,0.04315203,1,0.04315203,0.0011396408,0.013326911,0.012995303,0.026007013,0.0070164283,0.030432219,0.27751458,0
63,0,0.041915078,0,0.041915078,0.0016117096,0.012528907,0.018597418,0.004125261,0.007870848,0.018400878,0.31007677,0
64,0,0.2191003,0,0.2191003,0.012435913,0.07872037,0.08096472,0.02439919,0.0130621,0.13301791,0.7560769,0
65,0,0.06579731,1,0.06579731,0.0018024445,0.020063626,0.014976538,0.023796257,0.010913103,0.008492713,0.37172225,0
66,0,0.07212844,0,0.07212844,0.0023651123,0.026831545,0.02385794,0.006030651,0.007262398,0.016513607,0.15669398,0
67,0,0.050573748,0,0.050573748,0.0032615662,0.011274899,0.023311393,0.0055866763,0.011508608,0.025124274,0.34175962,0
68,1,0.7105462,1,0.7105462,0.35368225,0.5739874,0.68353343,0.19693321,0.033386398,0.26233563,0.78649646,10
69,1,0.6863638,0,0.6863638,0.08332442,0.24493282,0.62717754,0.019575719,0.012596053,0.6478222,0.6409486,1
70,0,0.11378009,0,0.11378009,0.0032234192,0.06739554,0.027547138,0.00899048,0.0064597605,0.010085096,0.29408476,0
71,0,0.07845957,1,0.07845957,0.0012874603,0.034341812,0.014327513,0.003385304,0.0063432488,0.004629708,0.28761303,0
72,0,0.06421452,0,0.06421452,0.0029754639,0.02012808,0.027137227,0.0059936526,0.009825659,0.025242228,0.49748313,0
73,1,0.50789946,1,0.50789946,0.16960317,0.3486032,0.26586622,0.08170113,0.5252479,0.3250454,0.7784964,0
74,0,0.0438942,0,0.0438942,0.0018882751,0.018710041,0.015728042,0.0048097214,0.007741391,0.010615891,0.28724864,0
75,1,0.5101222,1,0.45761138,0.019224197,0.5101222,0.15985115,0.35624164,0.00899713,0.0521067,0.4668694,0
76,0,0.039935954,0,0.039935954,0.0014781952,0.015568925,0.014805742,0.010581387,0.007573096,0.008315781,0.4558605,0
77,0,0.1460314,1,0.1460314,0.010757446,0.060752302,0.026180768,0.057037655,0.008168601,0.012149297,0.42654452,0
78,0,0.03969839,0,0.03969839,0.003528595,0.013554913,0.038154904,0.009064475,0.012958534,0.036565844,0.37252927,0
79,0,0.113263406,1,0.113263406,0.0038909912,0.034011267,0.042413518,0.011691323,0.009023022,0.14825049,0.48486838,0
80,0,0.3811502,1,0.3811502,0.023176458,0.12159709,0.33023968,0.052035484,0.077831104,0.4138546,0.87596726,0
81,0,0.03734144,0,0.03734144,0.0025939941,0.012072904,0.021398475,0.009915425,0.009851551,0.020759964,0.3391119,0
82,0,0.20009702,0,0.20009702,0.0074386597,0.034672357,0.023174755,0.06704199,0.13815513,0.014921224,0.2319955,0
83,0,0.05354243,0,0.05354243,0.0023841858,0.014504919,0.02385794,0.006511623,0.012337137,0.017457243,0.27797145,0
84,0,0.30136615,1,0.30136615,0.017416617,0.07238392,0.22653213,0.021585498,0.058826666,0.28650177,0.46339008,0
85,0,0.1798404,1,0.1798404,0.003452301,0.06599696,0.028913507,0.10221587,0.007586042,0.0046591964,0.28148922,0
86,0,0.053295042,0,0.053295042,0.0022411346,0.022384055,0.018119188,0.006992595,0.007521313,0.013269863,0.37141246,0
87,0,0.13214645,1,0.13214645,0.0048065186,0.03885912,0.04667213,0.012340514,0.020091362,0.023472913,0.36892128,0
88,0,0.3367073,1,0.3367073,0.023364257,0.08410009,0.23857519,0.09824528,0.29834318,0.27139205,0.7311985,0
89,0,0.28547668,1,0.28547668,0.00869751,0.24928534,0.057944927,0.1007269,0.01254427,0.02477041,0.3625905,0
90,0,0.37576625,1,0.37576625,0.023076924,0.25998658,0.26586622,0.094936445,0.06432246,0.3726061,0.38415805,0
91,0,0.165053,0,0.165053,0.0059127808,0.021417208,0.01893901,0.14661247,0.05947323,0.0071952147,0.35694122,0
92,1,0.8364697,1,0.8364697,0.4195425,0.75027496,0.70864636,0.3758158,0.020954676,0.4138546,0.85219896,1
93,1,0.23235008,1,0.23235008,0.00541687,0.04207976,0.09486605,0.020781586,0.009463178,0.3743851,0.8981763,2
94,0,0.25915736,0,0.25915736,0.0037574768,0.18728738,0.031140719,0.006696612,0.0066280556,0.011913388,0.30274191,0
95,0,0.123468354,0,0.123468354,0.0028038025,0.034341812,0.03615085,0.0064006294,0.009644418,0.028780859,0.4266035,0
96,1,0.3827457,1,0.3827457,0.023076924,0.36537176,0.22562476,0.04667538,0.012026439,0.35544872,0.2974398,1
97,1,0.3389984,1,0.3389984,0.01735206,0.034451995,0.26802593,0.02128403,0.0130621,0.40438387,0.8981763,1
98,0,0.06104896,0,0.06104896,0.0016880035,0.02193286,0.015215653,0.0042732526,0.009230154,0.007726009,0.3685547,0
99,0,0.04785245,0,0.04785245,0.0015354156,0.019870255,0.010894509,0.01374736,0.007081157,0.004452776,0.192556,0
100,0,0.3722269,1,0.3722269,0.014253352,0.35161978,0.08452088,0.22859548,0.012078222,0.055640165,0.36500448,0
101,1,0.20335422,1,0.20335422,0.012833111,0.025800243,0.06796519,0.04280826,0.12382901,0.037037663,0.20841949,1
102,0,0.038991302,0,0.038991302,0.002822876,0.015188923,0.02932342,0.003921773,0.0078449575,0.020877918,0.5017913,0
103,0,0.11419344,1,0.11419344,0.0028038025,0.037395194,0.02474608,0.009619443,0.007819066,0.07126439,0.67946273,0
104,1,0.47119883,1,0.47119883,0.023076924,0.17237684,0.38063943,0.03636306,0.010395273,0.57420796,0.86835784,1
105,0,0.34000012,0,0.3389984,0.014511578,0.23237456,0.16171204,0.34000012,0.010032792,0.10519598,0.6415538,0
106,0,0.17891699,1,0.17891699,0.0052261353,0.039151907,0.042413518,0.10221587,0.008556974,0.01250316,0.16444528,0
107,0,0.011765569,0,0.008482091,0.0005245209,0.007360875,0.011765569,0.0020163832,0.0056894873,0.005514365,0.5731009,0
108,0,0.044141594,0,0.044141594,0.0019359589,0.013174911,0.019553876,0.0023678627,0.0083886795,0.028426996,0.37353307,0
109,0,0.103928015,0,0.103928015,0.0062561035,0.0198058,0.044668075,0.00899048,0.05721026,0.058466934,0.41153347,0
110,1,0.78207105,1,0.78207105,0.44713756,0.66500133,0.7181329,0.6928741,0.057856824,0.3743851,0.29776937,1
111,0,0.07845957,0,0.07845957,0.002670288,0.014428918,0.02071529,0.0059936526,0.02250864,0.013859635,0.38743123,0
112,1,0.38811707,0,0.38811707,0.023076924,0.061976057,0.26603898,0.05612817,0.032695748,0.46473637,0.436245,1
113,0,0.04315203,0,0.04315203,0.0014400482,0.017872108,0.015932998,0.0038292783,0.007249452,0.008787598,0.20861122,0
114,0,0.05651112,0,0.05651112,0.0024986267,0.0233509,0.019143965,0.004994711,0.008246276,0.012739069,0.84875846,0
115,1,0.7092837,0,0.57271194,0.041283876,0.24835461,0.7092837,0.01656105,0.008401625,0.17925422,0.23479873,0
116,0,0.043646812,1,0.043646812,0.0015354156,0.012794908,0.012995303,0.024600167,0.009307829,0.0060156714,0.3479478,0
117,0,0.13214645,1,0.13214645,0.008087158,0.04969218,0.08452088,0.018872296,0.019055385,0.048926584,0.35449073,0
118,0,0.0926474,0,0.0926474,0.0042915344,0.018710041,0.026317406,0.00569767,0.04167421,0.02500632,0.25866428,0
119,0,0.121732734,1,0.121732734,0.0074005127,0.018258847,0.045670103,0.047706615,0.035113025,0.025714045,0.27942583,0
120,0,0.15213956,1,0.15213956,0.0022506714,0.046178754,0.022218296,0.0037552824,0.008634649,0.008669644,0.18586147,0
121,1,0.60311776,1,0.60311776,0.044870634,0.082619295,0.5013569,0.10221587,0.009618527,0.8439066,0.6865104,2
122,0,0.048099842,0,0.048099842,0.0016975403,0.019354604,0.018392462,0.003089321,0.006925808,0.010321004,0.521074,0
123,1,0.26293078,1,0.26293078,0.0126394415,0.08434689,0.13873272,0.019374741,0.008919456,0.3743851,0.67318416,6
124,0,0.13388206,0,0.13388206,0.0037384033,0.033570543,0.039407436,0.009545447,0.011068452,0.028780859,0.33320665,0
125,0,0.06381883,0,0.06381883,0.0034332275,0.020063626,0.029888187,0.009915425,0.011767523,0.03562221,0.20903164,0
126,0,0.06500591,0,0.06500591,0.003490448,0.024124376,0.044417568,0.008213525,0.00866054,0.024888365,0.28194988,0
127,1,0.55803186,0,0.54823303,0.06011435,0.47273466,0.29209393,0.55803186,0.03856628,0.055286817,0.41150418,0
128,0,0.25462922,0,0.25462922,0.00869751,0.06582214,0.06796519,0.18903255,0.012026439,0.021113826,0.23398896,0
129,0,0.042657252,0,0.042657252,0.001821518,0.014960921,0.018392462,0.0048097214,0.0073789097,0.015334064,0.34994516,0
130,0,0.17718399,1,0.17718399,0.0062179565,0.06669625,0.08775374,0.019073274,0.012440704,0.03991626,0.18238847,0
131,0,0.20172562,0,0.20172562,0.010147095,0.02425329,0.10363861,0.00984143,0.05397744,0.19658402,0.5471863,0
132,0,0.113263406,1,0.113263406,0.0026893616,0.03566399,0.030890211,0.005956655,0.012233571,0.01686747,0.23352931,0
133,0,0.28548008,0,0.28548008,0.010986328,0.0808917,0.14578357,0.1015541,0.012958534,0.3250454,0.67243195,0
134,1,0.11440011,1,0.11440011,0.0036811829,0.03335018,0.035148825,0.007917541,0.0086087575,0.19856313,0.3659991,1
135,1,0.25462922,1,0.25462922,0.014705247,0.02708937,0.24341469,0.013646871,0.011974656,0.3250454,0.44933262,1
136,0,0.23667802,1,0.23667802,0.013995127,0.02425329,0.029186781,0.007917541,0.2836219,0.010792822,0.36176956,0
137,0,0.3260917,1,0.3260917,0.022452017,0.20201176,0.17752954,0.084182754,0.035803676,0.059526972,0.4082207,0
138,0,0.08795626,1,0.08795626,0.002708435,0.025800243,0.023106437,0.06658725,0.0076507707,0.031611763,0.3343953,0
139,0,0.103928015,0,0.103928015,0.0016498566,0.03768798,0.01805087,0.0068076057,0.008259222,0.010792822,0.22256415,0
140,1,0.4269174,1,0.4269174,0.023364257,0.36021477,0.29279903,0.07012023,0.0130621,0.08793254,0.5377728,1
141,0,0.049089402,1,0.049089402,0.003414154,0.016024929,0.018392462,0.0024418586,0.014566151,0.013977589,0.20275632,0
142,0,0.2524482,1,0.2524482,0.005874634,0.09124154,0.052934792,0.09245483,0.008349842,0.09626661,0.81984735,0
143,0,0.30716252,1,0.30716252,0.023076924,0.0279513,0.10301965,0.034300596,0.42388117,0.059526972,0.4693355,0
144,0,0.08241652,0,0.08241652,0.0014781952,0.045007613,0.016137952,0.0055866763,0.0065180166,0.012444182,0.40867767,0
145,1,0.46028158,1,0.45243698,0.023317307,0.2469859,0.19278693,0.46028158,0.046218675,0.028662905,0.2568329,0
146,0,0.05230548,0,0.05230548,0.0022029877,0.020837102,0.019075647,0.009249465,0.010421164,0.011854411,0.38376063,0
147,0,0.19504376,0,0.19504376,0.0073623657,0.06302499,0.02973333,0.013345404,0.06787856,0.0074901003,0.23637415,0
148,0,0.1641865,1,0.1641865,0.005531311,0.06652143,0.05543986,0.018470341,0.016292779,0.02418064,0.38829955,0
149,0,0.069754265,0,0.069754265,0.0011920929,0.029273475,0.013780965,0.0057346676,0.0062785195,0.0042463564,0.30056763,0
150,1,0.584095,1,0.584095,0.08069076,0.15982662,0.46460027,0.052944973,0.021990653,0.7439005,0.8981763,0
151,0,0.069754265,1,0.069754265,0.0025367737,0.021675033,0.03239325,0.019073274,0.009566744,0.067692645,0.60388106,0
152,0,0.25462922,1,0.25462922,0.0077819824,0.06617179,0.1067334,0.043581683,0.009955117,0.3673684,0.5456272,0
153,1,0.11078331,1,0.11078331,0.0035095215,0.04090862,0.0569429,0.015355183,0.011638066,0.026185863,0.4272203,1
154,0,0.39669925,1,0.39669925,0.023223408,0.1378885,0.33453682,0.09659086,0.022853967,0.4382661,0.8992871,0
155,0,0.06546012,0,0.05725329,0.003452301,0.017485369,0.06546012,0.007547563,0.009981008,0.034678575,0.18538067,0
156,0,0.04166769,0,0.04166769,0.0023937225,0.014884921,0.024951037,0.005364689,0.01086132,0.018872695,0.32002068,0
157,0,0.2028889,1,0.2028889,0.008277893,0.025929155,0.09195647,0.03894114,0.03373172,0.27309364,0.59701866,0
158,1,0.60254884,1,0.60254884,0.0394905,0.15698463,0.46460027,0.039456755,0.013010317,0.7535295,0.87298226,0
159,0,0.15324512,1,0.15324512,0.0073623657,0.026831545,0.078378424,0.021786476,0.0287245,0.05882028,0.2633402,0
160,1,0.53579444,1,0.53579444,0.21290472,0.29383746,0.5013569,0.2795294,0.04132889,0.3935998,0.22731964,0
161,1,0.11212669,0,0.11212669,0.0037002563,0.018516673,0.04266402,0.005512681,0.008556974,0.13301791,0.85022646,1
162,0,0.20149297,1,0.20149297,0.00831604,0.04442204,0.11725569,0.035074018,0.013113883,0.16602182,0.35235912,0
163,0,0.2553839,0,0.2553839,0.009994507,0.08558089,0.035649836,0.10221587,0.13853464,0.01480327,0.5239433,0
164,0,0.044388983,0,0.044388983,0.002861023,0.013326911,0.022764845,0.008139528,0.010964886,0.02500632,0.5972118,0
165,0,0.01646154,0,0.01646154,0.0011777878,0.007721877,0.01627459,0.003884775,0.008065036,0.013092931,0.46316844,0
166,0,0.147767,0,0.147767,0.007972717,0.028832749,0.0816113,0.008102531,0.015429466,0.09209958,0.23629813,0
167,0,0.102626406,0,0.102626406,0.0049591064,0.01625293,0.028913507,0.009545447,0.04167421,0.020642009,0.22337551,0
168,0,0.16098402,1,0.16098402,0.0031661987,0.033239998,0.032643758,0.004347248,0.011586283,0.015334064,0.22818363,0
169,1,0.33453682,1,0.2786282,0.02077355,0.06424874,0.33453682,0.035589635,0.018537397,0.40971115,0.45703208,3
170,0,0.30716252,1,0.30716252,0.009765625,0.16809943,0.08064143,0.23542951,0.008841781,0.051753357,0.6791058,0
171,0,0.04290464,0,0.04290464,0.0023078918,0.014048916,0.022628209,0.006178642,0.009100696,0.016395653,0.26270276,0
172,0,0.14950264,1,0.14950264,0.0060272217,0.022706337,0.020510335,0.01274247,0.10389658,0.009259416,0.23785819,0
173,0,0.044388983,0,0.044388983,0.0014305115,0.014390918,0.013712646,0.031980325,0.006712203,0.014862247,0.25605926,0
174,1,0.28425202,1,0.28425202,0.011444092,0.0820023,0.15724123,0.025404079,0.012906751,0.37587395,0.5148014,2
175,0,0.15711457,0,0.15711457,0.0049209595,0.035553806,0.025770858,0.008176526,0.020609349,0.014095544,0.19287388,0
176,0,0.04735767,0,0.04735767,0.0019931793,0.010856897,0.024267852,0.0034408006,0.012440704,0.016985426,0.18034433,0
177,0,0.051563308,0,0.051563308,0.002784729,0.014808921,0.022354934,0.030175667,0.011560392,0.019344512,0.24388686,0
178,1,0.044883765,1,0.044883765,0.002193451,0.018710041,0.022764845,0.005253696,0.0103175985,0.017339287,0.4365443,1
179,0,0.2922276,1,0.2922276,0.019095084,0.097093195,0.20916378,0.29188538,0.13161413,0.34261686,0.29450434,0
180,0,0.038519915,0,0.038519915,0.0010204315,0.0151129225,0.01261955,0.002626848,0.007365964,0.004895105,0.2820858,0
181,0,0.08241652,1,0.08241652,0.0020217896,0.023028618,0.026044132,0.02048012,0.008712323,0.03397085,0.22000332,0
182,0,0.048842013,0,0.048842013,0.002298355,0.017088935,0.021398475,0.008435511,0.0104988385,0.020877918,0.32730636,0
183,1,0.3561489,1,0.3561489,0.016190045,0.022964163,0.29209393,0.015254694,0.008427517,0.43923062,0.44322658,1
184,0,0.036870047,0,0.036870047,0.002937317,0.012186904,0.022696527,0.011839314,0.009644418,0.016277699,0.22140187,0
185,0,0.19986437,1,0.19986437,0.0063705444,0.07967083,0.085167445,0.017867407,0.009540852,0.06376713,0.44427553,0
186,0,0.30136615,0,0.30136615,0.009498596,0.26957804,0.11725569,0.026609946,0.0071847234,0.03208358,0.21684955,0
187,1,0.3317266,1,0.3317266,0.018707745,0.15485314,0.21997347,0.14661247,0.017846745,0.40438387,0.30462575,1
188,0,0.15103401,1,0.15103401,0.004425049,0.0623257,0.037904397,0.013847848,0.012803185,0.019226557,0.39370114,0
189,1,0.39842087,1,0.39842087,0.023076924,0.056719027,0.3194067,0.055673428,0.030623792,0.46473637,0.9107203,1
190,1,0.4269174,1,0.4269174,0.023692908,0.08508729,0.33453682,0.057492398,0.053007595,0.5342658,0.5322215,1
191,0,0.36095104,0,0.36095104,0.01322045,0.3493834,0.041912504,0.293411,0.008440462,0.014095544,0.49410364,0
192,0,0.20242359,0,0.20242359,0.008277893,0.0638991,0.11168506,0.026207991,0.016465442,0.068883225,0.27268055,0
193,0,0.19789438,1,0.19789438,0.0074768066,0.02657372,0.07047026,0.05794714,0.055270568,0.153328,0.58120626,0
194,0,0.058490243,0,0.058490243,0.0032997131,0.01961243,0.033645786,0.011025362,0.012026439,0.0353863,0.35574713,0
195,0,0.11212669,1,0.11212669,0.004501343,0.028061481,0.06746418,0.028628819,0.010964886,0.08436079,0.6269605,0
196,0,0.04834723,0,0.04834723,0.0019550323,0.011958904,0.022901481,0.009545447,0.009463178,0.02146769,0.15279453,0
197,1,0.509388,1,0.509388,0.044870634,0.24903896,0.36230123,0.40713623,0.108496375,0.52728915,0.4645075,1
198,0,0.04834723,0,0.04834723,0.0022220612,0.018452216,0.020510335,0.009989422,0.010964886,0.014508383,0.42850202,0
199,0,0.14082454,1,0.14082454,0.003414154,0.027730936,0.030639706,0.050671257,0.008077981,0.19131936,0.3879263,0
200,0,0.10739898,0,0.10739898,0.0017547607,0.03768798,0.012482914,0.00673361,0.0072753434,0.00666442,0.2848776,0
201,1,0.14082454,1,0.14082454,0.006942749,0.05144889,0.06546012,0.047190998,0.04686524,0.074836135,0.629624,3
202,1,0.30427247,1,0.30427247,0.0128976675,0.045007613,0.25549942,0.014350293,0.00933372,0.4138546,0.677316,1
203,0,0.17025198,0,0.17025198,0.0059509277,0.07365121,0.08096472,0.00899048,0.0089712385,0.025714045,0.34761992,0
204,0,0.24924077,1,0.24924077,0.0104522705,0.029053112,0.12096943,0.01656105,0.07093142,0.3673684,0.7819056,0
205,0,0.050326355,0,0.050326355,0.001206398,0.020772645,0.018597418,0.0027008436,0.006485652,0.011618502,0.1895996,0
206,0,0.32971194,0,0.32971194,0.020515325,0.061801232,0.16171204,0.038683333,0.4326697,0.034678575,0.25859773,0
207,1,0.41031027,1,0.3811502,0.024960563,0.24767025,0.41031027,0.043839492,0.014393489,0.19618818,0.23878394,1
208,0,0.04290464,0,0.04290464,0.0023078918,0.013592913,0.027547138,0.0061416444,0.008427517,0.020759964,0.18948978,0
209,0,0.05898502,0,0.05898502,0.0018692017,0.019419061,0.016479544,0.033011556,0.0082074385,0.0204061,0.5713515,0
210,0,0.09872158,0,0.09872158,0.0023651123,0.032248367,0.022764845,0.0049577127,0.008077981,0.014095544,0.23853903,0
211,0,0.14082454,1,0.14082454,0.003643036,0.029493837,0.056441884,0.083355546,0.008375733,0.09983836,0.24383403,0
212,0,0.09958932,1,0.09958932,0.004043579,0.031036375,0.029460056,0.011469335,0.0115345,0.03750948,0.36766186,0
213,0,0.056016337,0,0.056016337,0.0020599365,0.015416925,0.024062896,0.005253696,0.008220384,0.016985426,0.19574426,0
214,0,0.27975297,0,0.27975297,0.018449519,0.06407392,0.17148167,0.020882076,0.04029291,0.25920478,0.6743693,0
215,0,0.17025198,1,0.17025198,0.005493164,0.019741343,0.058946952,0.0060676485,0.035803676,0.2015318,0.2677117,0
216,0,0.32971194,1,0.32971194,0.023076924,0.027218282,0.099305905,0.029144434,0.42388117,0.036801755,0.3350086,0
217,0,0.08581402,0,0.07450261,0.006904602,0.015948927,0.08581402,0.0047727237,0.0100069,0.06553386,0.21230774,0
218,0,0.07371122,0,0.07371122,0.0033187866,0.020385906,0.032894265,0.010803374,0.009747985,0.037981298,0.17863004,0
219,1,0.37795907,1,0.37795907,0.022322904,0.045593183,0.29168049,0.020781586,0.020436687,0.4334452,0.9118002,1
220,1,0.47772613,0,0.47772613,0.031420294,0.16195811,0.39409557,0.10221587,0.42133212,0.47026813,0.54724044,0
221,1,0.7761081,1,0.7761081,0.15443328,0.17486192,0.57488567,0.02721288,0.010731863,0.8924512,0.7784964,0
222,1,0.85333383,1,0.85333383,0.45895407,0.65231085,0.844891,0.17847598,0.042662576,0.3738246,0.34002772,2
223,0,0.12867521,1,0.12867521,0.0024604797,0.04032305,0.024677763,0.0059936526,0.011068452,0.073645554,0.44632196,0
224,1,0.50789946,1,0.50789946,0.23125283,0.34101152,0.47001255,0.17381613,0.13279422,0.56581086,0.705593,4
225,0,0.2855005,1,0.2855005,0.014769804,0.039737478,0.17008601,0.01766643,0.06690872,0.1938594,0.3932219,0
226,0,0.16678599,1,0.16678599,0.004634857,0.04090862,0.04366605,0.03636306,0.021127338,0.12540163,0.6697262,0
227,0,0.03734144,0,0.03734144,0.0021362305,0.012148905,0.024609445,0.0042547537,0.008919456,0.015216109,0.24591531,0
228,0,0.03734144,0,0.03734144,0.0013923645,0.015644927,0.01627459,0.012943448,0.006550381,0.007667032,0.30437016,0
229,0,0.050573748,0,0.050573748,0.0019550323,0.024897853,0.016957775,0.006511623,0.00866054,0.022175416,0.33456522,0
230,0,0.1641865,1,0.1641865,0.005531311,0.06652143,0.05543986,0.018470341,0.016292779,0.02418064,0.39688268,0
231,0,0.24924077,0,0.24924077,0.007019043,0.0813853,0.09098661,0.0066596144,0.015256803,0.025242228,0.30878004,0
232,0,0.25462922,0,0.25462922,0.014963473,0.05144889,0.196476,0.014249804,0.012699619,0.34261686,0.56069875,0
233,1,0.70864636,1,0.6407703,0.14126498,0.36798462,0.70864636,0.021987455,0.03373172,0.1703641,0.35694948,1
234,1,0.4269174,1,0.4269174,0.023364257,0.36021477,0.29279903,0.07012023,0.0130621,0.08793254,0.520581,1
235,1,0.45243698,1,0.45243698,0.023076924,0.06319981,0.32965264,0.024600167,0.012181788,0.57420796,0.656432,1
236,1,0.11078331,1,0.11078331,0.0035095215,0.04090862,0.0569429,0.015355183,0.011638066,0.026185863,0.2831443,1
237,0,0.17718399,1,0.17718399,0.00957489,0.024382202,0.1067334,0.02128403,0.0138755,0.19658402,0.31967902,0
238,0,0.1100022,0,0.1100022,0.005264282,0.022512967,0.06395709,0.009175468,0.012078222,0.056700204,0.42708352,0
239,1,0.23415339,1,0.23415339,0.015544481,0.062150877,0.18786818,0.025605056,0.100830056,0.28160158,0.51139444,1
240,0,0.2330714,1,0.2330714,0.0074386597,0.047349896,0.077731855,0.11280017,0.012337137,0.037981298,0.1778541,0
241,0,0.14950264,0,0.14950264,0.0019454956,0.06494803,0.022149978,0.008213525,0.008026198,0.007902941,0.24910048,0
242,0,0.20149297,1,0.20149297,0.008239746,0.04852104,0.053435806,0.011691323,0.1329628,0.03903289,0.5900033,0
243,0,0.07845957,1,0.07845957,0.001821518,0.02373764,0.014225035,0.0054756827,0.011922873,0.010321004,0.29030383,0
244,0,0.08479069,1,0.08479069,0.0026130676,0.023866551,0.031641733,0.008953481,0.01254427,0.023708822,0.2947084,0
245,0,0.13388206,0,0.13388206,0.00579834,0.047349896,0.027683776,0.034816213,0.055270568,0.018636785,0.4965468,0
246,1,0.41445592,1,0.41445592,0.023076924,0.107333586,0.34682226,0.034300596,0.0097738765,0.5122568,0.3940844,1
247,0,0.27750343,1,0.27750343,0.011062622,0.061101943,0.14754629,0.011987305,0.032695748,0.06412047,0.35125133,0
248,0,0.31547862,1,0.31547862,0.019095084,0.07808672,0.2258264,0.051808115,0.03304107,0.3743851,0.967854,0
249,0,0.008622919,0,0.00178281,0.00017404556,0.005674615,0.008622919,0.00021505004,0.0053310515,0.0022853652,0.25104368,0
250,0,0.26293078,1,0.26293078,0.012435913,0.07428485,0.097129054,0.089145996,0.044278983,0.027601315,0.21198347,0
251,0,0.067380086,0,0.067380086,0.0013256073,0.018452216,0.011065305,0.047190998,0.0070034824,0.0040694247,0.17176943,0
252,0,0.1460314,1,0.1460314,0.00415802,0.06757036,0.04366605,0.011617327,0.008336896,0.03750948,0.4719802,0
253,0,0.25727063,1,0.25727063,0.0076675415,0.0820023,0.08807703,0.18158256,0.030278467,0.06164705,0.30260912,0
254,0,0.21241048,1,0.21241048,0.006942749,0.05144889,0.08064143,0.17070955,0.010395273,0.0903137,0.24394065,0
255,0,0.28674445,1,0.28674445,0.017739398,0.047349896,0.12220735,0.016862517,0.2836219,0.023826776,0.19213718,0
256,1,0.65996873,1,0.65996873,0.16960317,0.26957804,0.541926,0.07094744,0.019055385,0.80728596,0.7904494,2
257,1,0.5885171,1,0.5885171,0.20373066,0.0808917,0.257327,0.053854458,0.6615786,0.030196311,0.2492996,0
258,0,0.32236105,1,0.32236105,0.017416617,0.06494803,0.2661081,0.030175667,0.022853967,0.3743851,0.53951836,0
259,1,0.44002727,1,0.44002727,0.101760045,0.30326313,0.41436642,0.08583717,0.013702838,0.4078614,0.5077037,0
260,0,0.112953395,1,0.112953395,0.0061416626,0.018065477,0.09292633,0.012943448,0.010550622,0.19004935,0.16135898,0
261,1,0.4645176,1,0.4645176,0.024819711,0.16846494,0.36230123,0.09328204,0.065292306,0.5342658,0.56027293,2
262,0,0.10609736,0,0.10609736,0.004825592,0.021417208,0.04867618,0.010137413,0.015602129,0.04857324,0.33462057,0
263,0,0.09308127,0,0.09308127,0.002861023,0.02051482,0.025907494,0.0032373124,0.009411395,0.039739583,0.27347302,0
264,0,0.045378547,1,0.045378547,0.0023269653,0.013934915,0.023516348,0.006474625,0.011249693,0.019344512,0.34090844,0
265,0,0.3260917,1,0.3260917,0.017158391,0.11616662,0.12220735,0.026810925,0.05753354,0.34261686,0.46344736,0
266,1,0.20126031,1,0.20126031,0.008010864,0.070482984,0.07676199,0.016762028,0.025098583,0.024062686,0.5134511,13
267,0,0.063423134,0,0.063423134,0.0034713745,0.015340924,0.022696527,0.009175468,0.012958534,0.017575197,0.2842637,0
268,1,0.43965456,1,0.43965456,0.023293832,0.39743927,0.1654338,0.06795148,0.3423812,0.19737566,0.70689374,0
269,0,0.18554166,1,0.18554166,0.014059683,0.06459839,0.12991914,0.072601855,0.039947584,0.118420035,0.70246816,0
270,0,0.079250954,0,0.079250954,0.0016498566,0.029273475,0.016069634,0.0026638457,0.0064144502,0.009554301,0.21688771,0
271,0,0.11419344,1,0.11419344,0.004119873,0.017088935,0.050429728,0.005253696,0.01086132,0.20113598,0.7040735,0
272,0,0.03875561,0,0.03875561,0.003452301,0.013706914,0.021876704,0.0071775843,0.007340072,0.037037663,0.54720855,0
273,1,0.4269174,1,0.4269174,0.023364257,0.36021477,0.29279903,0.07012023,0.0130621,0.08793254,0.4986986,1
274,1,0.44002727,1,0.44002727,0.05832097,0.24928534,0.40185395,0.05794714,0.04686524,0.46473637,0.6795721,1
275,0,0.113263406,0,0.113263406,0.0048828125,0.055547886,0.0569429,0.01139534,0.009359611,0.02854495,0.36640713,0
276,1,0.40243408,1,0.37751234,0.010375977,0.40243408,0.09775851,0.014953227,0.008738215,0.01686747,0.25253084,0
277,1,0.39842087,1,0.39842087,0.020386212,0.10294484,0.3424554,0.029660052,0.010421164,0.4138546,0.94505495,1
278,0,0.05280026,0,0.05280026,0.001821518,0.01625293,0.020100424,0.0026453468,0.008272167,0.011677479,0.16688587,0
279,0,0.055026773,0,0.055026773,0.00207901,0.016860934,0.022969801,0.007954539,0.009722093,0.014272475,0.22911504,0
280,0,0.13908891,0,0.13908891,0.004749298,0.02122384,0.030639706,0.08583717,0.04363242,0.016159745,0.27425134,0
281,1,0.86331284,0,0.7856813,0.18232453,0.24928534,0.86331284,0.016862517,0.009126588,0.18433428,0.40122613,1
282,0,0.048099842,0,0.048099842,0.003604889,0.015340924,0.044668075,0.006030651,0.010058682,0.040446278,0.4506659,0
283,0,0.112953395,0,0.112953395,0.004196167,0.024768941,0.026727317,0.0066596144,0.046541955,0.021939507,0.366918,0
284,1,0.37751234,1,0.37751234,0.01825585,0.028061481,0.26586622,0.01139534,0.013113883,0.50039214,0.6703185,1
285,0,0.11429678,0,0.11429678,0.0022697449,0.06687108,0.019143965,0.006696612,0.0083886795,0.01102873,0.31317842,0
286,1,0.5885171,1,0.5885171,0.02458496,0.18355975,0.42102736,0.26325142,0.008466354,0.73542696,0.9201803,0
287,0,0.0078265825,0,0.0003004074,8.225441e-05,0.004802391,0.0078265825,5.6652967e-05,0.0052028075,0.0017545708,0.2544202,0
288,1,0.6020386,1,0.6020386,0.044870634,0.24287975,0.5013569,0.02821777,0.033386398,0.6775737,0.8475193,1
289,1,0.78207105,1,0.78207105,0.16960317,0.2817503,0.6643082,0.07921951,0.01698343,0.89176697,0.7804444,1
290,1,0.19893374,1,0.19893374,0.004310608,0.02618698,0.06796519,0.008953481,0.009307829,0.37138757,0.3519722,2
291,0,0.28087774,0,0.28087774,0.00957489,0.07903719,0.1854088,0.011025362,0.008362788,0.34261686,0.39550182,0
292,0,0.10045706,1,0.10045706,0.0029182434,0.021610579,0.045670103,0.006437627,0.010654188,0.028780859,0.25561193,0
293,1,0.41910073,1,0.41910073,0.023076924,0.06494803,0.32965264,0.02821777,0.02440793,0.46473637,0.9691357,1
294,0,0.103060275,1,0.103060275,0.0024414063,0.02708937,0.020578653,0.016360072,0.008712323,0.024062686,0.33013037,0
295,1,0.33453682,1,0.2786282,0.02077355,0.06424874,0.33453682,0.035589635,0.018537397,0.40971115,0.4949355,3
296,1,0.73663366,1,0.73663366,0.17926651,0.36798462,0.541926,0.46028158,0.02371728,0.80728596,0.7860553,0
297,0,0.0438942,0,0.0438942,0.0010442734,0.019096779,0.014054239,0.003366805,0.007534259,0.0059861825,0.20242913,0
298,0,0.37340668,1,0.37340668,0.016706496,0.08558089,0.36230123,0.010655383,0.019228047,0.057406895,0.38535258,0
299,0,0.057005897,0,0.057005897,0.0026893616,0.01632893,0.029186781,0.0058826595,0.010369381,0.023472913,0.21744259,0
300,0,0.25462922,1,0.25462922,0.0075531006,0.05027775,0.0838743,0.009064475,0.042985857,0.038453113,0.18800807,0
301,1,0.4977744,1,0.4977744,0.023076924,0.17610447,0.39207047,0.04203484,0.010550622,0.6349965,0.35174218,1
302,0,0.13908891,0,0.13908891,0.004749298,0.025542418,0.017845914,0.10221587,0.030623792,0.010026119,0.26838592,0
303,0,0.112643376,0,0.112643376,0.005378723,0.036545437,0.05268429,0.025806036,0.011741633,0.036329936,0.52914685,0
304,1,0.26104406,1,0.26104406,0.011291504,0.07460167,0.11168506,0.04048799,0.019918699,0.34505856,0.46549305,1
305,0,0.08479069,0,0.08479069,0.0017738342,0.027476108,0.014156717,0.018369852,0.0066668927,0.011618502,0.57021356,0
306,0,0.25915736,1,0.25915736,0.011672974,0.06599696,0.07870171,0.12440576,0.018364733,0.02665768,0.20839669,0
307,1,0.8364697,1,0.8364697,0.2391185,0.37960073,0.7888968,0.28034934,0.028206514,0.8490814,0.68046236,1
308,0,0.2854937,1,0.2854937,0.010681152,0.076819435,0.099305905,0.22063516,0.03649433,0.029724494,0.2069699,0
309,0,0.049831573,0,0.049831573,0.0046920776,0.01767874,0.046922635,0.012641981,0.01119791,0.03991626,0.40317833,0
310,1,0.5039629,0,0.4475325,0.03321367,0.28997475,0.19278693,0.5039629,0.2836219,0.06947852,0.2968235,0
311,0,0.00948544,0,0.0018927631,0.0002002716,0.005201987,0.00948544,0.00036997857,0.0054758824,0.004482265,0.43977666,0
312,1,0.6027529,1,0.6027529,0.08859174,0.24928534,0.5013569,0.10221587,0.013165667,0.73542696,0.8665174,1
313,0,0.16158698,1,0.16158698,0.004196167,0.06739554,0.060951006,0.0054756827,0.007365964,0.046453163,0.67238283,0
314,0,0.2853768,1,0.2853768,0.023076924,0.028171662,0.07255927,0.04667538,0.34804323,0.028898813,0.4662135,0
315,1,0.7252971,1,0.7252971,0.03590374,0.6798578,0.5318404,0.04023018,0.008466354,0.04980995,0.24915877,0
316,0,0.040430736,1,0.040430736,0.001373291,0.0151129225,0.016752819,0.00466173,0.008298059,0.015039179,0.45713794,0
317,0,0.06896287,0,0.06896287,0.0016593933,0.02425329,0.015215653,0.008916483,0.008168601,0.00979021,0.4326957,0
318,0,0.059232414,0,0.059232414,0.004749298,0.015796926,0.017094411,0.0027378413,0.05268431,0.008315781,0.54143476,0
319,1,0.64460015,0,0.60152835,0.0394905,0.16883044,0.64460015,0.01756594,0.008323951,0.80728596,0.77458155,0
320,0,0.04735767,0,0.04735767,0.00096321106,0.020901557,0.012722028,0.002210622,0.0069516995,0.0046591964,0.23587961,0
321,1,0.19124292,1,0.19124292,0.006752014,0.06494803,0.10054382,0.030949092,0.010265815,0.27479523,0.8916195,2
322,1,0.55739564,1,0.55739564,0.16960317,0.37052566,0.47435758,0.10221587,0.07399795,0.6358031,0.6007015,2
323,0,0.0414203,1,0.0414203,0.0013828278,0.011692902,0.014498309,0.004328749,0.009903334,0.022647234,0.3215245,0
324,1,0.45090583,1,0.45090583,0.03680043,0.26196828,0.2813443,0.07012023,0.04098356,0.4138546,0.8981763,0
325,0,0.081625134,0,0.081625134,0.0039100647,0.012832909,0.025087673,0.009360458,0.025098583,0.020877918,0.4527732,0
326,0,0.05824285,0,0.05824285,0.003452301,0.013972916,0.034397304,0.01555616,0.010058682,0.046099816,0.30483344,0
327,0,0.2396185,1,0.2396185,0.012962224,0.11172232,0.21024476,0.03223813,0.01698343,0.16348305,0.54905903,0
328,0,0.0438942,0,0.0438942,0.0024795532,0.0140109155,0.028776871,0.0102854045,0.00948907,0.040976297,0.7132363,0
329,0,0.104795754,1,0.104795754,0.002746582,0.05027775,0.018734055,0.02138452,0.007909686,0.015805881,0.55615205,0
330,0,0.22445217,1,0.22445217,0.0049209595,0.07396803,0.05543986,0.017967897,0.029587816,0.023001095,0.5455205,0
331,0,0.22311419,1,0.22311419,0.016512826,0.053205602,0.16589902,0.04538634,0.077831104,0.18115924,0.3927228,0
332,0,0.040430736,0,0.040430736,0.00207901,0.018967867,0.022969801,0.006030651,0.007909686,0.012680092,0.276805,0
333,0,0.0926474,1,0.0926474,0.0032615662,0.032799274,0.032894265,0.010433395,0.012130005,0.044156414,0.595132,0
334,0,0.15158679,1,0.15158679,0.003490448,0.06669625,0.02167175,0.060220852,0.010990778,0.014567361,0.44316933,0
335,1,0.4269174,1,0.4269174,0.023076924,0.09416737,0.33317488,0.04512853,0.042662576,0.49289867,0.4008667,2
336,0,0.17285149,0,0.17285149,0.007095337,0.03070583,0.09292633,0.013948337,0.019918699,0.07007381,0.2563209,0
337,0,0.22980402,0,0.22980402,0.01121521,0.06494803,0.16822512,0.04435511,0.021990653,0.0706691,0.69612044,0
338,0,0.06500591,0,0.06500591,0.0019359589,0.01838776,0.017777596,0.04925346,0.0072365063,0.011087708,0.513222,0
339,0,0.04216247,0,0.04216247,0.0018692017,0.010970897,0.018734055,0.0034038029,0.0138755,0.012857023,0.16926311,0
340,0,0.03734144,0,0.03734144,0.0018501282,0.013554913,0.022969801,0.00776955,0.008945347,0.01480327,0.35216,0
341,0,0.049336795,0,0.049336795,0.001821518,0.017936565,0.01846078,0.014249804,0.0068869707,0.01020305,0.19711581,0
342,0,0.14082454,0,0.14082454,0.0025749207,0.06267534,0.021056883,0.00569767,0.006304411,0.009908165,0.16871528,0
343,1,0.37751234,1,0.37751234,0.02378681,0.24928534,0.3283819,0.2854555,0.04524883,0.3935998,0.59773314,1
344,0,0.010108846,0,0.0042410456,0.00020623207,0.0063823694,0.010108846,0.0003815404,0.0053569432,0.003980959,0.31810364,0
345,0,0.055521555,0,0.055521555,0.0016880035,0.022384055,0.021398475,0.005771666,0.007197669,0.008256803,0.27577242,0
346,0,0.079250954,0,0.079250954,0.0025749207,0.02373764,0.026863953,0.0039587705,0.008919456,0.015805881,0.30331808,0
347,0,0.30319387,1,0.30319387,0.017610285,0.06889887,0.08775374,0.28034934,0.021472665,0.03562221,0.16112265,0
348,0,0.09486605,0,0.091913216,0.005722046,0.019161236,0.09486605,0.00673361,0.010032792,0.050516643,0.20761667,0
349,0,0.09655223,0,0.09655223,0.0036811829,0.02173949,0.038906425,0.015455672,0.010369381,0.030078357,0.20928107,0
350,0,0.05750068,0,0.05750068,0.0023460388,0.016100928,0.027273865,0.021083053,0.01052473,0.023354959,0.5025192,0
351,0,0.05255287,0,0.05255287,0.0011873245,0.021159383,0.015113175,0.004069764,0.0067769317,0.0094363475,0.29188177,0
352,0,0.044141594,0,0.044141594,0.0025558472,0.012338906,0.022628209,0.005919657,0.019918699,0.020759964,0.35189274,0
353,0,0.10739898,0,0.10739898,0.005302429,0.016632931,0.032894265,0.010803374,0.06238277,0.026185863,0.26914513,0
354,1,0.43720075,1,0.43720075,0.023076924,0.060927123,0.33453682,0.050216515,0.014048163,0.5372281,0.74637204,1
355,0,0.040183347,0,0.040183347,0.0017738342,0.0154929245,0.021603432,0.008213525,0.0077154995,0.012739069,0.26013315,0
356,0,0.04290464,0,0.04290464,0.0018310547,0.012224905,0.01941724,0.005512681,0.010369381,0.013564749,0.16938993,0
357,0,0.042657252,0,0.042657252,0.0019931793,0.024640027,0.040158957,0.003607291,0.0058416002,0.021703599,0.27016824,0
358,1,0.60254884,1,0.60254884,0.45895407,0.50440645,0.5865656,0.5504064,0.1115629,0.45888397,0.51750803,0
359,0,0.041915078,0,0.041915078,0.0017929077,0.01929015,0.02126184,0.004846719,0.00780612,0.010674868,0.18472509,0
360,0,0.034041706,0,0.034041706,0.0011301041,0.021094928,0.017094411,0.0039772694,0.0058416002,0.007047772,0.25248104,0
361,0,0.03828422,0,0.03828422,0.0023078918,0.010096892,0.0147374235,0.0029783275,0.011819307,0.013859635,0.28633144,0
362,0,0.010945748,0,0.0072569004,0.0004005432,0.0077598775,0.010945748,0.0010960615,0.0055551752,0.004688685,0.5428496,0
363,0,0.008093451,0,0.0013508516,7.8082085e-05,0.0053183627,0.008093451,0.00018036456,0.005252568,0.0012974978,0.32867464,0
364,0,0.104795754,0,0.104795754,0.0030326843,0.034011267,0.08193458,0.0047727237,0.007935578,0.024888365,0.35170165,0
365,0,0.041915078,0,0.041915078,0.0012302399,0.013934915,0.0117997285,0.030949092,0.0060260775,0.008787598,0.21601811,0
366,1,0.20312156,0,0.20312156,0.0038337708,0.09855611,0.029888187,0.047190998,0.0067186756,0.017575197,0.60583615,1
367,0,0.0113215,0,0.0103670005,0.0006198883,0.0073988754,0.0113215,0.0031263188,0.0062849927,0.0054848767,0.34950227,0
368,0,0.079250954,0,0.079250954,0.0034713745,0.014732921,0.041912504,0.0048097214,0.009799767,0.09686191,0.15881987,0
369,0,0.27236435,0,0.27236435,0.0077056885,0.17237684,0.09001675,0.011321344,0.010395273,0.030668128,0.25543693,0
370,0,0.050573748,0,0.050573748,0.001449585,0.02122384,0.017436003,0.0032928092,0.0073789097,0.008256803,0.35163662,0
371,1,0.20126031,1,0.20126031,0.008201599,0.06354945,0.078378424,0.019475231,0.013528148,0.21537295,0.41070408,1
372,0,0.016587202,0,0.016587202,0.0011873245,0.0076268767,0.014361672,0.0038477771,0.0078449575,0.010556913,0.4379836,0
373,0,0.103494145,0,0.103494145,0.003528595,0.05027775,0.03464781,0.009767435,0.009955117,0.019226557,0.33375588,0
374,0,0.01174849,0,0.0045551974,0.00038862228,0.00646787,0.01174849,0.0008925733,0.0055454657,0.005514365,0.4996556,0
375,0,0.03545588,0,0.03545588,0.0020599365,0.012490907,0.018734055,0.004328749,0.008039144,0.015569973,0.7206297,0
376,0,0.10783285,0,0.10783285,0.0036811829,0.019999169,0.016479544,0.0047172266,0.048481647,0.0031847672,0.26322544,0
377,0,0.040925518,0,0.040925518,0.0017642975,0.018452216,0.019485557,0.004402745,0.008556974,0.011736456,0.54087293,0
378,0,0.009468361,0,0.0019948622,0.0001347065,0.0051022363,0.009468361,0.000271703,0.005392544,0.0032879773,0.4221432,0
379,0,0.048099842,0,0.048099842,0.0017166138,0.020063626,0.019622196,0.0050317086,0.007327127,0.009200439,0.25051224,0
380,0,0.012312118,0,0.009613037,0.0006723404,0.007892879,0.012312118,0.003921773,0.005582685,0.004482265,0.64103913,0
381,0,0.03734144,0,0.03734144,0.001206398,0.016632931,0.014669105,0.006363631,0.007819066,0.007667032,0.19557081,0
382,0,0.012448754,0,0.010743983,0.00076293945,0.007645877,0.012448754,0.0016371552,0.0064468146,0.0069003287,0.2961332,0
383,0,0.112850055,0,0.112850055,0.003490448,0.032909457,0.029460056,0.012139536,0.009463178,0.017457243,0.36514267,0
384,0,0.04315203,0,0.04315203,0.0017356873,0.018710041,0.019758832,0.005253696,0.009592636,0.01102873,0.2718121,0
385,0,0.19694418,0,0.19694418,0.014511578,0.062150877,0.037403382,0.018470341,0.13815513,0.0129749775,0.24362849,0
386,0,0.14256015,0,0.14256015,0.0063705444,0.033460364,0.06195303,0.10221587,0.007547205,0.022765188,0.13322093,0
387,0,0.06500591,0,0.06500591,0.006942749,0.047349896,0.058946952,0.024801146,0.019228047,0.05157668,0.42527273,0
388,0,0.11119666,0,0.11119666,0.00289917,0.056133457,0.023994578,0.005253696,0.00789674,0.011264639,0.43692395,0
389,0,0.11367676,0,0.11367676,0.00705719,0.014808921,0.051181246,0.0057346676,0.067232,0.08197963,0.49815956,0
390,0,0.23739935,0,0.23739935,0.012574885,0.029714199,0.17055123,0.049989145,0.027515862,0.3743851,0.5697512,0
391,0,0.10696511,0,0.10696511,0.0037765503,0.03412145,0.04216301,0.010951365,0.010990778,0.027129497,0.3055497,0
392,0,0.25084448,0,0.25084448,0.005264282,0.16751462,0.05168226,0.0103594,0.0076637166,0.016631562,0.18986376,0
393,0,0.09611836,0,0.09611836,0.0043678284,0.02618698,0.06044999,0.019676208,0.010032792,0.04238968,0.28052577,0
394,0,0.13388206,0,0.13388206,0.003643036,0.030816011,0.030639706,0.0070665907,0.020264024,0.023472913,0.4201865,0
395,0,0.03969839,0,0.03969839,0.0018310547,0.0116169015,0.016547862,0.028886627,0.007689608,0.009554301,0.25283793,0
396,0,0.058737632,0,0.058737632,0.00289917,0.013782915,0.022286616,0.0073995716,0.01254427,0.01769315,0.2410494,0
397,1,0.5716857,1,0.5716857,0.16960317,0.27763805,0.48510036,0.08170113,0.04132889,0.6775737,0.5452493,3
398,0,0.009570839,0,0.0024660896,0.00027298927,0.006068867,0.009570839,0.00034454255,0.0054111537,0.0029930912,0.272427,0
399,0,0.08479069,0,0.08479069,0.0051879883,0.017743196,0.06395709,0.009249465,0.010576514,0.15586677,0.4292414,0
400,0,0.28674445,1,0.28674445,0.021031776,0.021868404,0.087430455,0.024600167,0.3526302,0.036565844,0.28196228,0
401,0,0.05725329,0,0.05725329,0.0011920929,0.024640027,0.01261955,0.0032928092,0.006530962,0.0039514704,0.14740893,0
402,0,0.038048524,0,0.038048524,0.00093460083,0.016936934,0.01309778,0.0029413297,0.007094103,0.004983571,0.281819,0
403,0,0.07687678,0,0.07687678,0.0039482117,0.012946909,0.04592061,0.0047727237,0.011042561,0.0772173,0.2519232,0
404,0,0.04315203,0,0.04315203,0.0018501282,0.011920903,0.018255826,0.0040327664,0.008712323,0.0353863,0.33296284,0
405,1,0.61223894,1,0.61223894,0.06488878,0.24171697,0.5188411,0.028886627,0.032695748,0.698005,0.84875846,1
406,0,0.09033044,0,0.09033044,0.0024795532,0.031917825,0.025360947,0.007806548,0.007365964,0.013918612,0.21503085,0
407,0,0.045131154,0,0.045131154,0.003929138,0.014808921,0.02836696,0.009545447,0.011456826,0.027011544,0.30137822,0
408,0,0.050821137,0,0.050821137,0.0015640259,0.014428918,0.015864678,0.036105253,0.0064532873,0.008846575,0.15078032,0
409,1,0.6027529,1,0.6027529,0.232236,0.36798462,0.5318404,0.105256535,0.077831104,0.72641456,0.6874258,3
410,0,0.021196328,0,0.021196328,0.0015926361,0.009431887,0.017231047,0.00414376,0.008815889,0.017457243,0.3021009,0
411,0,0.19939905,0,0.19939905,0.0029754639,0.0838533,0.028776871,0.0035702933,0.007909686,0.014095544,0.33188006,0
412,0,0.01127026,0,0.008733413,0.00057935715,0.0073988754,0.01127026,0.0034592997,0.005524429,0.005602831,0.6060416,0
413,0,0.08874765,0,0.08874765,0.0029182434,0.03070583,0.028093686,0.01656105,0.0077025536,0.042743027,0.3783543,0
414,0,0.05799546,0,0.05799546,0.0031089783,0.017614283,0.028093686,0.009767435,0.010550622,0.022765188,0.33503178,0
415,0,0.09438288,0,0.09438288,0.007209778,0.016708933,0.05168226,0.0068446035,0.03407705,0.057760242,0.67794603,0
416,0,0.040430736,0,0.040430736,0.0023174286,0.01309891,0.026180768,0.00984143,0.00951496,0.033499032,0.25259706,0
417,0,0.0137468055,0,0.007853788,0.0011396408,0.007189874,0.0137468055,0.0012209293,0.005974294,0.010026119,0.60314286,0
418,0,0.036870047,0,0.036870047,0.0017166138,0.010400894,0.018597418,0.020882076,0.0078449575,0.010497936,0.19792658,0
419,0,0.11192002,0,0.11192002,0.0050735474,0.034011267,0.04867618,0.012842959,0.01119791,0.033027213,0.20438413,0
420,0,0.06579731,1,0.06579731,0.0029754639,0.014808921,0.028913507,0.0068446035,0.010110466,0.044863105,0.24396126,0
421,0,0.03109552,0,0.03109552,0.0012779236,0.0233509,0.016479544,0.0018961402,0.0058577824,0.0061926027,0.5242662,0
422,0,0.04166769,0,0.04166769,0.0022029877,0.01306091,0.021056883,0.006992595,0.0083886795,0.020877918,0.4090545,0
423,0,0.025085296,0,0.025085296,0.0019454956,0.009545889,0.018119188,0.0047727237,0.008077981,0.018636785,0.48038533,0
424,0,0.38811707,0,0.38811707,0.017481172,0.33896056,0.36225098,0.013546381,0.009877442,0.041506317,0.49837333,0
425,0,0.079250954,0,0.079250954,0.0043296814,0.021675033,0.04141149,0.015355183,0.010938995,0.05316674,0.35989156,0
426,0,0.04711028,0,0.04711028,0.002231598,0.015264924,0.020100424,0.027614836,0.0077672824,0.010910776,0.17168163,0
427,0,0.0438942,0,0.0438942,0.0013256073,0.023866551,0.013712646,0.0041067624,0.007909686,0.0065759546,0.34640875,0
428,0,0.044636376,0,0.044636376,0.0021743774,0.019547975,0.015386449,0.012061302,0.007145886,0.0094363475,0.3954044,0
429,0,0.012722028,0,0.0055604824,0.00037431717,0.005693615,0.012722028,0.00056884205,0.0055438476,0.008020895,0.3305088,0
430,1,0.40243408,0,0.3389984,0.0036621094,0.40243408,0.04892669,0.0051427023,0.0061878995,0.005897717,0.3441704,0
431,0,0.049584184,0,0.049584184,0.0023651123,0.013592913,0.020851927,0.0026083488,0.012751401,0.020170191,0.3546222,0
432,0,0.12086493,0,0.12086493,0.007095337,0.022577424,0.049928714,0.007732552,0.05753354,0.057053547,0.67862266,0
433,0,0.010484599,0,0.004460952,0.000333786,0.005717365,0.010484599,0.00071683346,0.005553557,0.005543854,0.31200454,0
434,0,0.16331999,0,0.16331999,0.011749268,0.06319981,0.10920923,0.052490227,0.025616571,0.0772173,0.67181396,0
435,0,0.013268576,0,0.011183795,0.0007343292,0.007778878,0.013268576,0.0014244175,0.0066086366,0.010262027,0.37979454,0
436,0,0.1537979,0,0.1537979,0.0064849854,0.030926194,0.08355101,0.055673428,0.05753354,0.06164705,0.34634027,0
437,0,0.10826672,1,0.10826672,0.0017738342,0.03885912,0.021466793,0.0042917514,0.006317357,0.042213008,0.38251606,0
438,0,0.36702603,1,0.32712606,0.012283325,0.08508729,0.10797132,0.36702603,0.012751401,0.038679544,0.26308763,0
439,0,0.06896287,0,0.06896287,0.0039863586,0.017743196,0.029186781,0.008731495,0.026479885,0.030904036,0.49471468,0
440,0,0.049336795,0,0.049336795,0.002937317,0.016100928,0.030138692,0.0062526376,0.009644418,0.03373494,0.20900165,0
441,0,0.055274166,0,0.055274166,0.00166893,0.019354604,0.017094411,0.0055496786,0.010628296,0.010085096,0.16854264,0
442,0,0.03734144,0,0.03734144,0.0024604797,0.009526889,0.022286616,0.004846719,0.010731863,0.03184767,0.371661,0
443,0,0.04166769,0,0.04166769,0.0036239624,0.013326911,0.02932342,0.007954539,0.012958534,0.029960401,0.38539574,0
444,0,0.04785245,0,0.04785245,0.0022125244,0.014808921,0.019280603,0.02037963,0.008000307,0.011854411,0.45940652,0
445,0,0.09915545,0,0.09915545,0.0024032593,0.02567133,0.022013342,0.015154205,0.010964886,0.0056618084,0.20178524,0
446,0,0.03828422,0,0.03828422,0.0024032593,0.012604907,0.020783609,0.006289636,0.010938995,0.026303818,0.23153614,0
447,0,0.16043124,0,0.16043124,0.008659363,0.04852104,0.08452088,0.016058605,0.017846745,0.034914486,0.33195162,0
448,0,0.2524482,0,0.2524482,0.013091337,0.15414265,0.10240069,0.24970764,0.013165667,0.04168299,0.6719105,0
449,0,0.037105743,0,0.037105743,0.002784729,0.015416925,0.028913507,0.017465452,0.011922873,0.025478138,0.40304148,0
450,0,0.05725329,0,0.05725329,0.00289917,0.009355888,0.015010698,0.0030708222,0.051391184,0.0069003287,0.32185364,0
451,0,0.07291982,0,0.07291982,0.0030708313,0.021094928,0.02795705,0.005364689,0.0100069,0.025360184,0.49972507,0
452,0,0.051563308,1,0.051563308,0.0015544891,0.023608726,0.014088398,0.0045137387,0.009877442,0.0061336257,0.290165,0
453,0,0.1537979,0,0.1537979,0.0051879883,0.027218282,0.028503597,0.0043657473,0.10236332,0.06947852,0.49092105,0
454,0,0.11161,0,0.11161,0.005302429,0.033019636,0.042413518,0.008768492,0.016810767,0.042743027,0.24311422,0
455,1,0.5711371,0,0.50503236,0.34989303,0.5332045,0.5711371,0.035331827,0.00899713,0.330702,0.23466283,0
456,0,0.24442963,0,0.24442963,0.008239746,0.14512913,0.064458095,0.005401687,0.02181799,0.017221333,0.34952158,0
457,0,0.063423134,0,0.063423134,0.0019168854,0.030595649,0.01982715,0.006437627,0.007598988,0.012562137,0.40417364,0
458,0,0.20839658,0,0.20839658,0.014447021,0.024124376,0.110447146,0.012541492,0.043309137,0.27309364,0.6419262,0
459,0,0.11192002,1,0.11192002,0.0038337708,0.022577424,0.044417568,0.007917541,0.015256803,0.031375855,0.25679857,0
460,0,0.3389984,0,0.3389984,0.0061416626,0.3388922,0.07999486,0.010433395,0.0071847234,0.008787598,0.19697711,0
461,0,0.014088398,0,0.010304171,0.0007200241,0.010970897,0.014088398,0.000656712,0.005472646,0.0070772604,0.32937497,0
462,0,0.0969861,0,0.0969861,0.0031089783,0.027841117,0.026454043,0.0058086636,0.010265815,0.024534503,0.25364727,0
463,0,0.056263726,0,0.056263726,0.0014686584,0.026315894,0.012482914,0.002626848,0.007029374,0.0037155617,0.30772087,0
464,0,0.18554166,0,0.18554166,0.0062942505,0.03827355,0.06746418,0.008435511,0.021645326,0.03885622,0.33828813,0
465,0,0.3140926,0,0.3140926,0.017674843,0.024640027,0.08452088,0.034558404,0.44942492,0.036801755,0.2506066,0
466,0,0.085582085,0,0.085582085,0.0024223328,0.020966014,0.035148825,0.0039772694,0.008712323,0.031375855,0.4796464,0
467,0,0.06579731,0,0.06579731,0.0038146973,0.017872108,0.025497584,0.016762028,0.010447056,0.02418064,0.20988482,0
468,0,0.009382962,0,0.0042096307,0.0002360344,0.006059367,0.009382962,0.00043472482,0.0055195745,0.0041578906,0.5278276,0
469,0,0.24603334,0,0.24603334,0.009918213,0.07840354,0.06044999,0.009619443,0.039602257,0.16602182,0.2433865,0
470,0,0.1893425,0,0.1893425,0.0048065186,0.0350029,0.025087673,0.017264472,0.13448004,0.009495324,0.25062302,0
471,0,0.11440011,0,0.11440011,0.0066375732,0.04032305,0.0715894,0.048995655,0.012026439,0.040446278,0.44999266,0
472,0,0.0665887,0,0.0665887,0.0034713745,0.01819439,0.031391226,0.008768492,0.01254427,0.0353863,0.43831623,0
473,0,0.009408582,0,0.0022933062,0.00019669533,0.005216237,0.009408582,0.00027748392,0.0054645548,0.004895105,0.29719195,0
474,0,0.1013248,1,0.1013248,0.0029754639,0.04383647,0.034397304,0.0054756827,0.007974415,0.010497936,0.3962935,0
475,0,0.054037213,0,0.054037213,0.00289917,0.015872927,0.029596692,0.008028535,0.00899713,0.034442667,0.18080093,0
476,0,0.067380086,0,0.067380086,0.001964569,0.021675033,0.021056883,0.018771807,0.00951496,0.011972365,0.34378046,0
477,0,0.036870047,0,0.036870047,0.0016784668,0.009450888,0.02030538,0.0058826595,0.009540852,0.027365407,0.3072556,0
478,0,0.1460314,0,0.1460314,0.0073623657,0.034341812,0.07223598,0.0076955543,0.04524883,0.051046662,0.33290413,0
479,0,0.016587202,0,0.016587202,0.00068187714,0.012490907,0.014532468,0.0011284347,0.005398208,0.0094363475,0.33675978,0
480,0,0.2854699,0,0.2854699,0.017868511,0.08582769,0.11601777,0.2816105,0.014738814,0.04062295,0.46449536,0
481,0,0.045131154,0,0.045131154,0.0024795532,0.018258847,0.020168742,0.0065486208,0.010421164,0.02418064,0.5256096,0
482,0,0.046120718,0,0.046120718,0.0023937225,0.01625293,0.022559889,0.005956655,0.009696201,0.017339287,0.43077466,0
483,0,0.041172907,0,0.041172907,0.0016403198,0.019161236,0.012926984,0.0040142676,0.008414571,0.008905552,0.22537489,0
484,0,0.02543884,0,0.02543884,0.0018787384,0.010400894,0.01941724,0.004088263,0.0078449575,0.018518832,0.33846578,0
485,0,0.045625936,0,0.045625936,0.0015544891,0.019161236,0.021535112,0.0074365693,0.0071847234,0.010674868,0.16514169,0
486,0,0.055274166,0,0.055274166,0.0029754639,0.015644927,0.02836696,0.009175468,0.009126588,0.04238968,0.44735694,0
487,0,0.08874765,0,0.08874765,0.0029563904,0.024640027,0.02522431,0.0075105648,0.011223801,0.027601315,0.4606483,0
488,0,0.07054565,0,0.07054565,0.0013637543,0.026444806,0.016103793,0.0034038029,0.006479179,0.0058387397,0.297442,0
489,0,0.049336795,0,0.049336795,0.0015258789,0.022061773,0.015523086,0.008879486,0.009696201,0.008197826,0.4627245,0
490,0,0.104795754,0,0.104795754,0.0027656555,0.0279513,0.02071529,0.004920715,0.016292779,0.01020305,0.21411176,0
491,0,0.048594624,0,0.048594624,0.0031852722,0.0140109155,0.02973333,0.007547563,0.011922873,0.0353863,0.3058115,0
492,0,0.015386449,0,0.014639461,0.0010824203,0.0076268767,0.015386449,0.0032558115,0.0075083673,0.010615891,0.21982615,0
493,0,0.09785384,1,0.09785384,0.00289917,0.030265106,0.03389629,0.014752249,0.00866054,0.09983836,0.45801127,0
494,0,0.039935954,0,0.039935954,0.0018501282,0.012756908,0.02249157,0.006030651,0.009307829,0.015452018,0.5011948,0
495,0,0.1013248,0,0.1013248,0.0023841858,0.036435258,0.01887069,0.022791367,0.008556974,0.00896453,0.28444192,0
496,0,0.071337044,0,0.071337044,0.0030708313,0.013250912,0.019690514,0.02721288,0.012440704,0.012680092,0.28515437,0
497,0,0.23415339,0,0.23415339,0.007858276,0.1505596,0.10425757,0.009693438,0.0076507707,0.08793254,0.547386,0
498,0,0.045625936,0,0.045625936,0.002670288,0.012870909,0.02303812,0.007288578,0.00967031,0.027247453,0.20086555,0
499,0,0.112953395,0,0.112953395,0.0061416626,0.02122384,0.035649836,0.008916483,0.048158366,0.020642009,0.37085566,0
500,0,0.09785384,0,0.09785384,0.0038146973,0.02657372,0.027683776,0.008176526,0.0104988385,0.020524055,0.23593053,0
501,0,0.037577134,0,0.037577134,0.0021839142,0.014162917,0.019075647,0.0058086636,0.008272167,0.020524055,0.39524406,0
502,0,0.07608539,0,0.07608539,0.0051879883,0.014276917,0.029888187,0.008509507,0.022853967,0.033499032,0.333585,0
503,0,0.10089093,0,0.10089093,0.005531311,0.01632893,0.07611542,0.008324518,0.012492486,0.08138434,0.34901023,0
504,0,0.011253181,0,0.0045551974,0.0004529953,0.0058598663,0.011253181,0.00073995715,0.0059386934,0.0068118633,0.67859554,0
505,0,0.038519915,0,0.038519915,0.0009775162,0.015720926,0.013371054,0.0021828737,0.006874025,0.0057797628,0.20194373,0
506,0,0.056263726,0,0.056263726,0.002040863,0.018710041,0.01887069,0.003089321,0.008505191,0.0136827035,0.84875846,0
507,0,0.049584184,0,0.049584184,0.0031661987,0.012832909,0.03239325,0.009249465,0.01254427,0.021939507,0.22527298,0
508,0,0.17891699,0,0.17891699,0.0059127808,0.028612386,0.09868695,0.009101473,0.02682521,0.08852783,0.39785546,0
509,0,0.039226998,0,0.039226998,0.0016212463,0.016936934,0.016821137,0.006437627,0.0068416605,0.010497936,0.31695822,0
510,0,0.25462922,0,0.25462922,0.0128976675,0.02618698,0.1811049,0.011025362,0.06863153,0.3300973,0.41537377,0
511,0,0.038519915,0,0.038519915,0.0014781952,0.013858915,0.014293353,0.002885833,0.007417747,0.010910776,0.2677098,0
512,0,0.044141594,0,0.044141594,0.0032043457,0.017088935,0.03239325,0.0069185994,0.008893564,0.031611763,0.18571019,0
513,0,0.29953843,0,0.29953843,0.010910034,0.25404143,0.11725569,0.024198212,0.00866054,0.024062686,0.4933018,0
514,0,0.048099842,0,0.048099842,0.0015640259,0.014580919,0.01535229,0.018269362,0.008582866,0.0087286215,0.21116216,0
515,0,0.1798404,0,0.1798404,0.0073242188,0.035443626,0.09486605,0.006696612,0.012078222,0.12667102,0.30388725,0
516,0,0.09525062,0,0.09525062,0.002298355,0.023995465,0.027410502,0.011691323,0.009126588,0.014862247,0.23205554,0
517,0,0.07371122,0,0.07371122,0.0032615662,0.0154929245,0.031140719,0.011691323,0.020954676,0.040446278,0.5128062,0
518,0,0.03875561,0,0.03875561,0.0013065338,0.021481665,0.015591404,0.0034777985,0.0072365063,0.004836128,0.2807505,0
519,0,0.28547668,0,0.28547668,0.008201599,0.20434737,0.08613731,0.058856625,0.0071588317,0.047866546,0.3219557,0
520,0,0.039226998,0,0.039226998,0.0019264221,0.013668913,0.019007329,0.020279141,0.008362788,0.015216109,0.37872222,0
521,0,0.16851899,0,0.16851899,0.010070801,0.06372428,0.07223598,0.009693438,0.021990653,0.046806507,0.40533888,0
522,0,0.048594624,0,0.048594624,0.0018692017,0.012262905,0.019075647,0.0073995716,0.008867673,0.015805881,0.22090924,0
523,0,0.10826672,0,0.10826672,0.0075149536,0.0314771,0.082581155,0.053854458,0.013269233,0.067692645,0.44523206,0
524,0,0.045873325,0,0.045873325,0.0014781952,0.01767874,0.01893901,0.005364689,0.007197669,0.012385205,0.16933975,0
525,0,0.03734144,0,0.03734144,0.0026130676,0.01648093,0.028230323,0.00828752,0.009747985,0.02146769,0.29384264,0
526,0,0.2412222,0,0.2412222,0.007896423,0.071433455,0.06295506,0.012541492,0.045895394,0.014213498,0.29354241,0
527,0,0.039462693,0,0.039462693,0.0014209747,0.018129934,0.017572641,0.012340514,0.0070164283,0.020288147,0.5076383,0
528,0,0.029092113,0,0.029092113,0.0016498566,0.01302291,0.018324144,0.011691323,0.007741391,0.013387818,0.34837627,0
529,0,0.20312156,0,0.20312156,0.006904602,0.08484049,0.13961408,0.02721288,0.010783645,0.026775636,0.20734483,0
530,0,0.25462922,0,0.25462922,0.01121521,0.0813853,0.20262444,0.036878675,0.02250864,0.056700204,0.62504387,0
531,0,0.041915078,0,0.041915078,0.001821518,0.013782915,0.017572641,0.023796257,0.0072753434,0.009495324,0.16681062,0
532,0,0.102192536,0,0.102192536,0.0032424927,0.022964163,0.027683776,0.018972786,0.010188141,0.05246005,0.91981745,0
533,0,0.023317585,0,0.023317585,0.0009441376,0.014086916,0.010245483,0.004920715,0.005971058,0.0042463564,0.23963247,0
534,0,0.22846605,1,0.22846605,0.006828308,0.09855611,0.08710717,0.009989422,0.008194493,0.19258937,0.45851296,0
535,0,0.11398677,0,0.11398677,0.0020694733,0.04032305,0.01442999,0.06476828,0.006653947,0.0040694247,0.30914336,0
536,0,0.0414203,0,0.0414203,0.00166893,0.016632931,0.018324144,0.008065533,0.00780612,0.012208274,0.35534123,0
537,0,0.09828771,0,0.09828771,0.002298355,0.03158728,0.019485557,0.0038107792,0.007521313,0.012680092,0.2614752,0
538,0,0.07054565,0,0.07054565,0.0049209595,0.0151129225,0.038906425,0.014953227,0.018537397,0.04062295,0.5929702,0
539,0,0.044388983,0,0.044388983,0.0016212463,0.018774498,0.017914234,0.0034223017,0.008129764,0.0143904295,0.45535997,0
540,0,0.057748068,0,0.057748068,0.0022411346,0.025413504,0.036651865,0.0042917514,0.008945347,0.013151909,0.29478827,0
541,0,0.11202335,0,0.11202335,0.0027275085,0.03235855,0.02126184,0.009027477,0.009696201,0.019108603,0.6205419,0
542,0,0.057748068,0,0.057748068,0.002002716,0.01890341,0.019143965,0.0030338243,0.008738215,0.016749516,0.49717104,0
543,0,0.11078331,1,0.11078331,0.0035095215,0.04090862,0.0569429,0.015355183,0.011638066,0.026185863,0.27847457,0
544,0,0.1537979,0,0.1537979,0.0032615662,0.06302499,0.03765389,0.004328749,0.0070552654,0.014567361,0.1528325,0
545,0,0.045625936,0,0.045625936,0.0010490417,0.019483518,0.01354185,0.003144818,0.0067834044,0.005042548,0.38306174,0
546,0,0.053295042,0,0.053295042,0.0023174286,0.014390918,0.019212283,0.004125261,0.011715741,0.013800657,0.2766643,0
547,0,0.26293078,0,0.26293078,0.013285006,0.123407245,0.16031636,0.01766643,0.011430934,0.153328,0.67398757,0
548,0,0.102192536,0,0.102192536,0.0041007996,0.031807642,0.049928714,0.00725158,0.008090926,0.03208358,0.27549133,0
549,0,0.10089093,0,0.10089093,0.0026512146,0.03423163,0.024609445,0.021585498,0.006543908,0.020524055,0.32113087,0
550,0,0.03357032,0,0.03357032,0.0028419495,0.010248893,0.022013342,0.005105704,0.011586283,0.039739583,0.2633584,0
551,0,0.13908891,0,0.13908891,0.0035476685,0.035333443,0.031140719,0.0053276913,0.009256045,0.01792906,0.20497283,0
552,0,0.045378547,0,0.045378547,0.0029182434,0.009678889,0.022354934,0.0043102503,0.012233571,0.021939507,0.3379478,0
553,0,0.23812068,1,0.23812068,0.0061798096,0.13064787,0.027273865,0.1007269,0.009592636,0.039209563,0.3181593,0
554,0,0.16158698,0,0.16158698,0.009765625,0.06826523,0.11911256,0.04306607,0.008867673,0.04168299,0.18849038,0
555,0,0.1013248,0,0.1013248,0.003490448,0.03158728,0.02474608,0.00899048,0.008686432,0.020170191,0.548039,0
556,0,0.009442741,0,0.002261891,0.0001847744,0.005356363,0.009442741,0.0005919657,0.00535047,0.003921982,0.4518208,0
557,0,0.05898502,0,0.05898502,0.0033187866,0.0142009165,0.03715288,0.01191331,0.009281937,0.10460069,0.25422147,0
558,0,0.08637348,0,0.08637348,0.004501343,0.018516673,0.038154904,0.00776955,0.012492486,0.041506317,0.2666082,0
559,0,0.3389984,0,0.3389984,0.01483436,0.30326313,0.2188925,0.052490227,0.018019408,0.052990068,0.46225384,0
560,0,0.011970525,0,0.0074139764,0.0005841255,0.0064583695,0.011970525,0.0030523231,0.0059807673,0.0072541917,0.2711581,0
561,0,0.09568449,0,0.09568449,0.003490448,0.022512967,0.031391226,0.0061416444,0.013424582,0.017457243,0.46149743,0
562,0,0.07371122,0,0.07371122,0.0030708313,0.014238917,0.023994578,0.011099357,0.029415153,0.022529278,0.30758816,0
563,0,0.016021729,0,0.016021729,0.00078201294,0.010590895,0.011509376,0.0027008436,0.0057995263,0.006605443,0.30159885,0
564,0,0.03592727,0,0.03592727,0.0024032593,0.013744914,0.022423252,0.014953227,0.009074804,0.024416547,0.17247841,0
565,0,0.06263174,0,0.06263174,0.0016307831,0.02567133,0.017094411,0.011987305,0.007573096,0.0129749775,0.46298137,0
566,0,0.04216247,0,0.04216247,0.0019168854,0.015036922,0.019622196,0.00362579,0.008065036,0.017811105,0.2841204,0
567,0,0.049584184,0,0.049584184,0.0015640259,0.014808921,0.019553876,0.0046987277,0.008440462,0.008197826,0.20592815,0
568,0,0.05205809,0,0.05205809,0.0021266937,0.018838953,0.02023706,0.0102854045,0.007974415,0.013387818,0.3451924,0
569,0,0.046120718,0,0.046120718,0.0030517578,0.013364912,0.024541125,0.008176526,0.02181799,0.024652457,0.5648464,0
570,0,0.37751234,0,0.37751234,0.021031776,0.24928534,0.35848376,0.03249594,0.008155655,0.35285118,0.29845864,0
571,0,0.36043653,0,0.36043653,0.01302678,0.25602314,0.049678206,0.018269362,0.06626215,0.02229337,0.19020283,0
572,0,0.2667042,0,0.2667042,0.0128976675,0.15698463,0.11354194,0.06340405,0.01052473,0.05193003,0.5420903,0
573,0,0.25184435,0,0.24763705,0.013414118,0.034672357,0.25184435,0.008657498,0.009566744,0.36586943,0.6743769,0
574,0,0.05750068,0,0.05750068,0.0022792816,0.015872927,0.024814399,0.0036812867,0.008815889,0.048749913,0.5231588,0
575,0,0.059479803,0,0.059479803,0.0018787384,0.023995465,0.017709278,0.0051797,0.007909686,0.012208274,0.3504344,0
576,0,0.037105743,0,0.037105743,0.0021266937,0.014808921,0.022149978,0.005512681,0.009126588,0.024652457,0.3668011,0
577,0,0.11109332,0,0.11109332,0.004196167,0.02283525,0.040158957,0.016460562,0.010602405,0.101624236,0.64941007,0
578,0,0.11223003,0,0.11223003,0.00541687,0.034011267,0.082581155,0.014350293,0.0101363575,0.13682605,0.5272908,0
579,0,0.012414595,0,0.004869349,0.00036478043,0.006030867,0.012414595,0.00071220874,0.0055584116,0.0061926027,0.50734246,0
580,0,0.09033044,0,0.09033044,0.0049591064,0.020579277,0.06596114,0.010729378,0.038911607,0.0353863,0.3539959,0
581,1,0.049089402,0,0.049089402,0.002746582,0.019225692,0.02385794,0.012139536,0.010162249,0.020052237,0.46633798,1
582,0,0.3722269,1,0.3722269,0.023076924,0.029714199,0.13608865,0.02721288,0.45336214,0.0521067,0.37080258,0
583,0,0.30539915,0,0.30539915,0.01935331,0.02657372,0.104876526,0.009545447,0.4352635,0.0475132,0.67081594,0
584,0,0.040925518,0,0.040925518,0.0024223328,0.009241886,0.019622196,0.005105704,0.023199292,0.023237005,0.3215034,0
585,0,0.12520397,0,0.12520397,0.0039863586,0.07396803,0.066963166,0.0058826595,0.006835188,0.01710338,0.31655592,0
586,0,0.050078966,0,0.050078966,0.0017356873,0.020901557,0.022218296,0.0057346676,0.0072882893,0.013505772,0.23319535,0
587,0,0.055768944,0,0.055768944,0.0024318695,0.020772645,0.026727317,0.009545447,0.008065036,0.021939507,0.3994367,0
588,0,0.038519915,0,0.038519915,0.0022125244,0.013212911,0.019485557,0.0052166977,0.009178371,0.015687928,0.24637218,0
589,0,0.061444655,0,0.061444655,0.0027275085,0.014580919,0.020920247,0.004421244,0.011974656,0.024416547,0.379722,0
590,0,0.046368107,0,0.046368107,0.0013542175,0.016024929,0.011663092,0.0071405866,0.011275585,0.0129749775,0.36111355,0
591,0,0.15048122,0,0.15048122,0.005455017,0.02618698,0.08064143,0.013345404,0.011974656,0.16348305,0.3369582,0
592,0,0.054531995,0,0.054531995,0.0016880035,0.017936565,0.019007329,0.04177703,0.006550381,0.010910776,0.25135997,0
593,1,0.46716887,1,0.46716887,0.023076924,0.06599696,0.36752504,0.021183543,0.027861187,0.51986235,0.58792573,1
594,0,0.046368107,0,0.046368107,0.0015544891,0.019934712,0.020442016,0.0055496786,0.0072235605,0.008138849,0.24749334,0
595,0,0.1641865,0,0.1641865,0.0025749207,0.053791173,0.016616182,0.003866276,0.008867673,0.006340046,0.3981608,0
596,0,0.044388983,0,0.044388983,0.001745224,0.020966014,0.01846078,0.015355183,0.00704232,0.008020895,0.20157115,0
597,0,0.07450261,0,0.07450261,0.0041389465,0.023995465,0.04491858,0.019676208,0.011146127,0.04009293,0.299104,0
598,0,0.11223003,0,0.11223003,0.0040626526,0.030154925,0.05393682,0.007288578,0.009929225,0.033027213,0.34483635,0
599,0,0.112953395,0,0.112953395,0.005569458,0.018323302,0.058445938,0.0071405866,0.021472665,0.13682605,0.67527056,0
600,0,0.3127066,0,0.3127066,0.008964539,0.08030447,0.18663849,0.053854458,0.0086087575,0.01769315,0.27412307,0
601,0,0.31686464,0,0.31686464,0.008163452,0.27763805,0.046922635,0.10221587,0.007598988,0.012916001,0.21964066,0
602,0,0.021785567,0,0.021785567,0.0015926361,0.008386881,0.01887069,0.0050687063,0.009281937,0.014921224,0.52800536,0
603,0,0.071337044,0,0.071337044,0.0020694733,0.014238917,0.023379711,0.008139528,0.01238892,0.022529278,0.200676,0
604,0,0.05750068,0,0.05750068,0.0026512146,0.018710041,0.028230323,0.0061046463,0.007857903,0.020995872,0.1980151,0
605,0,0.044388983,0,0.044388983,0.0023078918,0.012224905,0.024814399,0.006437627,0.010239923,0.029134722,0.6732025,0
606,0,0.0438942,0,0.0438942,0.0026893616,0.018452216,0.036401358,0.0042547537,0.008440462,0.02394473,0.4201624,0
607,1,0.85333383,1,0.85333383,0.45895407,0.71027446,0.7796426,0.21866,0.13700877,0.34261686,0.3614795,1
608,0,0.119997114,0,0.119997114,0.00415802,0.03335018,0.036401358,0.030175667,0.011741633,0.046629835,0.6696365,0
609,0,0.049584184,0,0.049584184,0.0010824203,0.02264188,0.011219022,0.004920715,0.006770459,0.0034501643,0.27397352,0
610,0,0.037577134,0,0.037577134,0.0016593933,0.02122384,0.018802373,0.0039957687,0.006543908,0.009908165,0.4051553,0
611,0,0.08874765,0,0.08874765,0.004749298,0.020772645,0.030138692,0.02238941,0.023889944,0.028073132,0.2755731,0
612,0,0.20265625,0,0.20265625,0.0065994263,0.08212569,0.04065997,0.010063417,0.010472948,0.019108603,0.24984239,0
613,0,0.22043827,0,0.22043827,0.0051498413,0.061976057,0.0684662,0.016862517,0.026652548,0.007372146,0.22957164,0
614,0,0.045873325,0,0.045873325,0.001821518,0.015264924,0.016957775,0.027614836,0.006848133,0.008256803,0.19526832,0
615,0,0.038048524,0,0.038048524,0.0014305115,0.015264924,0.016172111,0.0028673338,0.007948523,0.015452018,0.348496,0
616,1,0.4402136,1,0.4402136,0.023176458,0.06250052,0.36230123,0.022188433,0.027515862,0.4837645,0.967854,1
617,0,0.038991302,0,0.038991302,0.0024223328,0.012604907,0.023311393,0.007880543,0.009178371,0.029488584,0.3024776,0
618,0,0.07054565,0,0.07054565,0.0037002563,0.0233509,0.026727317,0.010433395,0.008945347,0.04980995,0.3564833,0
619,0,0.04711028,0,0.04711028,0.0019264221,0.012680908,0.023584666,0.0035147965,0.009566744,0.014449406,0.18065314,0
620,0,0.08874765,0,0.08874765,0.00415802,0.018516673,0.041160982,0.007029593,0.0138755,0.032791305,0.25748026,0
621,0,0.10609736,0,0.10609736,0.0023651123,0.03257891,0.027683776,0.004439743,0.007948523,0.008787598,0.17618859,0
622,0,0.029917045,0,0.029917045,0.0020885468,0.017936565,0.01627459,0.008028535,0.006058442,0.013800657,0.27152482,0
623,0,0.0665887,0,0.0665887,0.0016784668,0.03257891,0.020100424,0.004606233,0.0066086366,0.007902941,0.32768115,0
624,0,0.09394901,0,0.09394901,0.0037002563,0.020966014,0.04792466,0.023193322,0.018882722,0.03991626,0.36863276,0
625,0,0.03969839,0,0.03969839,0.0015735626,0.017163089,0.019075647,0.0075105648,0.008712323,0.014095544,0.27842268,0
626,0,0.09438288,0,0.09438288,0.004787445,0.022512967,0.040158957,0.009989422,0.018882722,0.034442667,0.30615783,0
627,0,0.040430736,0,0.040430736,0.0014209747,0.018001022,0.016821137,0.0039772694,0.008738215,0.011087708,0.3574025,0
628,0,0.07608539,0,0.07608539,0.0048828125,0.014732921,0.027683776,0.015254694,0.020436687,0.021231782,0.3608846,0
629,0,0.30993456,0,0.30993456,0.014382465,0.24171697,0.117874645,0.058401883,0.009385503,0.044156414,0.5478984,0
630,0,0.15158679,0,0.15158679,0.00541687,0.07016616,0.08840031,0.039972372,0.016638106,0.06270709,0.35593408,0
631,0,0.08795626,0,0.08795626,0.0018978119,0.029383656,0.019075647,0.0037182847,0.008194493,0.011323617,0.3361915,0
632,0,0.041915078,0,0.041915078,0.0017166138,0.014428918,0.019553876,0.0042177555,0.009566744,0.008905552,0.26114076,0
633,0,0.10045706,0,0.10045706,0.002117157,0.026702631,0.015386449,0.0775651,0.0067316215,0.008905552,0.2542405,0
634,0,0.23198941,0,0.23198941,0.0066375732,0.16266862,0.0569429,0.014149316,0.014566151,0.016513607,0.28855333,0
635,0,0.043399423,0,0.043399423,0.0015354156,0.013896915,0.013780965,0.005956655,0.0097738765,0.02229337,0.25296006,0
636,0,0.12867521,0,0.12867521,0.0063705444,0.028612386,0.03765389,0.00725158,0.014393489,0.044156414,0.7963357,0
637,0,0.09438288,0,0.09438288,0.001821518,0.034562174,0.020032106,0.008435511,0.00823333,0.017811105,0.3554781,0
638,0,0.05378982,0,0.05378982,0.0019073486,0.020063626,0.016957775,0.003311308,0.007094103,0.014980201,0.17842288,0
639,0,0.040430736,1,0.040430736,0.0012111664,0.021352753,0.014634945,0.00776955,0.0074048014,0.010969753,0.5506693,0
640,0,0.04067813,0,0.04067813,0.0018405914,0.019032324,0.021808386,0.0060676485,0.007637825,0.010969753,0.28276175,0
641,0,0.043399423,0,0.043399423,0.0022602081,0.009545889,0.024814399,0.003311308,0.008841781,0.047866546,0.4246954,0
642,0,0.03969839,0,0.03969839,0.002336502,0.01465692,0.022149978,0.008213525,0.009929225,0.019934284,0.29311532,0
643,0,0.09785384,0,0.09785384,0.0044822693,0.017227544,0.035148825,0.006955597,0.025098583,0.043273047,0.36809632,0
644,0,0.048099842,0,0.048099842,0.0012016296,0.018838953,0.01490822,0.002552852,0.0065827454,0.0065759546,0.21718694,0
645,0,0.03828422,0,0.03828422,0.0015735626,0.013706914,0.012414595,0.006289636,0.008815889,0.013446795,0.4467744,0
646,0,0.011628932,0,0.010492661,0.0005340576,0.008576883,0.011628932,0.00103594,0.006356194,0.005101525,0.27283266,0
647,0,0.10522962,0,0.10522962,0.0014305115,0.058475737,0.016821137,0.0029968263,0.006382086,0.00687084,0.3552149,0
648,1,0.68408644,1,0.68408644,0.23225832,0.34032786,0.5643384,0.1294935,0.055270568,0.80728596,0.96315885,2
649,0,0.104795754,0,0.104795754,0.002937317,0.027730936,0.021603432,0.005660672,0.01254427,0.00937737,0.29281276,0
650,0,0.03734144,0,0.03734144,0.0011968613,0.015568925,0.017914234,0.0073625734,0.006647474,0.009141461,0.15872039,0
651,0,0.16678599,0,0.16678599,0.0077819824,0.035443626,0.064458095,0.034042787,0.018710058,0.08436079,0.7113491,0
652,0,0.043646812,0,0.043646812,0.0018787384,0.012490907,0.018255826,0.0042917514,0.010809537,0.012444182,0.35106337,0
653,0,0.054779384,0,0.054779384,0.002117157,0.023221988,0.024267852,0.0036627878,0.008116818,0.011205662,0.35080695,0
654,0,0.07450261,0,0.07450261,0.004005432,0.018001022,0.03715288,0.006770608,0.011974656,0.04132964,0.28400433,0
655,0,0.0414203,0,0.0414203,0.0021743774,0.012756908,0.023243073,0.004587734,0.007974415,0.025360184,0.26088998,0
656,0,0.26293078,0,0.26293078,0.0063323975,0.16195811,0.09583591,0.028628819,0.008815889,0.019462466,0.31849396,0
657,0,0.08874765,0,0.08874765,0.0019550323,0.029934563,0.017982552,0.008250522,0.006653947,0.0074901003,0.4694599,0
658,0,0.11440011,0,0.11440011,0.0032806396,0.04090862,0.022559889,0.008583503,0.012854968,0.01332884,0.39421296,0
659,0,0.015625564,0,0.008419261,0.0006532669,0.0068763723,0.015625564,0.0007954539,0.0056409407,0.018518832,0.555466,0
660,0,0.104795754,0,0.104795754,0.004386902,0.027347196,0.06295506,0.035589635,0.010032792,0.028662905,0.30948833,0
661,0,0.071337044,0,0.071337044,0.0030899048,0.026444806,0.026863953,0.007547563,0.007521313,0.018990649,0.34845853,0
662,0,0.050821137,0,0.050821137,0.0021648407,0.016784932,0.017709278,0.0058456613,0.007948523,0.014862247,0.409033,0
663,0,0.03875561,0,0.03875561,0.0018405914,0.012794908,0.014395831,0.013345404,0.010421164,0.010321004,0.17500049,0
664,0,0.039462693,0,0.039462693,0.00084877014,0.021675033,0.010245483,0.0018498929,0.006912862,0.0032290001,0.3957314,0
665,0,0.085582085,0,0.085582085,0.0024223328,0.03665562,0.02795705,0.00449524,0.008039144,0.011972365,0.44039598,0
666,0,0.08004235,0,0.08004235,0.0039863586,0.027476108,0.031641733,0.008916483,0.011715741,0.020642009,0.5071287,0
667,0,0.055026773,0,0.055026773,0.0026893616,0.015948927,0.026180768,0.005105704,0.009385503,0.018990649,0.15583368,0
668,0,0.104361884,0,0.104361884,0.0019073486,0.04442204,0.018187506,0.0059936526,0.0062008454,0.006399023,0.18378267,0
669,0,0.112953395,0,0.112953395,0.002670288,0.038566336,0.035900343,0.0032928092,0.008686432,0.02146769,0.46588767,0
670,0,0.11316007,0,0.11316007,0.0063323975,0.021675033,0.07449899,0.008583503,0.020782012,0.09209958,0.5620796,0
671,0,0.112746716,0,0.112746716,0.0050735474,0.016708933,0.023106437,0.013445892,0.075531214,0.011264639,0.25786024,0
672,1,0.6611249,1,0.6611249,0.13336399,0.36798462,0.5722072,0.089973204,0.009696201,0.631894,0.4859149,1
673,0,0.04785245,0,0.04785245,0.0025367737,0.0115029,0.028913507,0.005253696,0.009799767,0.043273047,0.21166655,0
674,0,0.103494145,0,0.103494145,0.005455017,0.019676886,0.05393682,0.00984143,0.011819307,0.06376713,0.30627698,0
675,0,0.040430736,0,0.040430736,0.0013828278,0.022577424,0.014532468,0.004421244,0.007094103,0.0071952147,0.41729438,0
676,0,0.09112182,0,0.09112182,0.0026512146,0.017743196,0.020510335,0.006437627,0.029415153,0.006605443,0.29716226,0
677,0,0.061444655,0,0.061444655,0.0009536743,0.025413504,0.011970525,0.0058826595,0.0060260775,0.0035533744,0.36406195,0
678,0,0.09351514,0,0.09351514,0.00541687,0.014580919,0.07385241,0.007991537,0.015774792,0.12794039,0.39912987,0
679,0,0.09525062,0,0.09525062,0.002231598,0.035443626,0.018255826,0.007880543,0.0076507707,0.0071362373,0.20146975,0
680,0,0.26859093,0,0.26859093,0.0073623657,0.17610447,0.05268429,0.011173353,0.013579931,0.021113826,0.33707115,0
681,0,0.0438942,0,0.0438942,0.0017261505,0.019741343,0.019895468,0.00569767,0.007573096,0.009141461,0.18699482,0
682,0,0.25462922,0,0.25462922,0.0050354004,0.16773392,0.030138692,0.010803374,0.007832011,0.015805881,0.39884838,0
683,0,0.1140901,0,0.1140901,0.007019043,0.028942931,0.04892669,0.015857628,0.035113025,0.037037663,0.38722092,0
684,0,0.038519915,0,0.038519915,0.0009059906,0.015340924,0.013131939,0.0103594,0.0070034824,0.019934284,0.20956862,0
685,1,0.4014846,0,0.4014846,0.021419114,0.34314156,0.20700185,0.078392304,0.027861187,0.04910326,0.5907445,0
686,0,0.050429728,0,0.044388983,0.0037384033,0.015872927,0.050429728,0.0068446035,0.008090926,0.0429197,0.22194855,0
687,0,0.11336674,0,0.11336674,0.0032615662,0.028281843,0.032142747,0.036878675,0.00814271,0.06828794,0.22019908,0
688,0,0.057748068,0,0.057748068,0.0037765503,0.014580919,0.024814399,0.0076585566,0.018192071,0.02689359,0.31512555,0
689,0,0.17111848,0,0.17111848,0.011062622,0.054962315,0.14049543,0.009767435,0.010757755,0.07602672,0.76209015,0
690,0,0.07212844,0,0.07212844,0.0027275085,0.022512967,0.027683776,0.006363631,0.00823333,0.02689359,0.31721878,0
691,0,0.034277402,0,0.034277402,0.0029945374,0.010400894,0.030138692,0.003903274,0.010809537,0.04079962,0.46413594,0
692,0,0.06184035,0,0.06184035,0.001783371,0.02103047,0.019348921,0.0039957687,0.0089712385,0.011736456,0.34318307,0
693,0,0.019100413,0,0.019100413,0.0007867813,0.016100928,0.013302735,0.0010035669,0.005738034,0.0045117536,0.32641226,0
694,0,0.04735767,0,0.04735767,0.0030517578,0.011958904,0.026180768,0.006696612,0.013113883,0.027601315,0.3613422,0
695,0,0.1100022,0,0.1100022,0.004863739,0.023028618,0.032643758,0.011025362,0.012751401,0.03585812,0.23191132,0
696,1,0.45751464,1,0.45751464,0.023076924,0.08030447,0.39409557,0.06522302,0.008815889,0.50465125,0.6767781,1
697,0,0.3140926,0,0.3140926,0.014963473,0.0836065,0.1696208,0.01656105,0.008492245,0.40438387,0.2471472,0
698,0,0.048594624,0,0.048594624,0.002784729,0.015948927,0.031641733,0.0062526376,0.009307829,0.04804322,0.45289314,0
699,0,0.010074687,0,0.006345861,0.00052690506,0.0062208683,0.010074687,0.0017388993,0.0063238298,0.006605443,0.39843863,0
700,0,0.049831573,0,0.049831573,0.002231598,0.020708188,0.027273865,0.012340514,0.007793174,0.01604179,0.205178,0
701,0,0.24442963,0,0.24442963,0.0077056885,0.17858955,0.07223598,0.028886627,0.0076637166,0.012916001,0.24061197,0
702,0,0.24282593,0,0.24282593,0.0034713745,0.16839184,0.022423252,0.006437627,0.0082074385,0.020642009,0.3422679,0
703,1,0.04735767,1,0.04735767,0.0025939941,0.015948927,0.027683776,0.009286462,0.009566744,0.023590868,0.22024274,1
704,0,0.07291982,0,0.07291982,0.0031661987,0.03136692,0.038655918,0.008213525,0.0079873605,0.020995872,0.2724228,0
705,0,0.08637348,0,0.08637348,0.0020313263,0.03412145,0.026180768,0.005512681,0.007689608,0.0069003287,0.4231633,0
706,0,0.008221549,0,0.0014529509,0.00013172626,0.005503614,0.008221549,0.0001977073,0.005243263,0.0015923836,0.53415775,0
707,0,0.06817148,0,0.06817148,0.002937317,0.0233509,0.036401358,0.01666154,0.009204263,0.024416547,0.20407413,0
708,0,0.083999306,0,0.083999306,0.0008678436,0.030375287,0.013507691,0.0016094068,0.0058221817,0.0035533744,0.13722552,0
709,0,0.3286776,0,0.3286776,0.015802706,0.05262003,0.25001678,0.00776955,0.012285355,0.3743851,0.35108998,0
710,1,0.102626406,1,0.102626406,0.0030708313,0.030265106,0.03615085,0.017967897,0.008116818,0.079598464,0.67355216,1
711,0,0.016889455,0,0.0137598375,0.0015068054,0.007892879,0.016889455,0.0029598286,0.008531082,0.014567361,0.36626247,0
712,0,0.03969839,0,0.03969839,0.0032234192,0.010742896,0.025907494,0.006474625,0.010369381,0.0353863,0.20169024,0
713,0,0.09438288,0,0.09438288,0.0032806396,0.023221988,0.030890211,0.0056236745,0.0101363575,0.030904036,0.49563685,0
714,0,0.200795,0,0.200795,0.008964539,0.06774519,0.1184936,0.08170113,0.011249693,0.2015318,0.967854,0
715,0,0.07371122,0,0.07371122,0.0037193298,0.019225692,0.044167064,0.01857083,0.01119791,0.035150394,0.5583899,0
716,0,0.13041082,0,0.13041082,0.008964539,0.01819439,0.06746418,0.009767435,0.035458352,0.13809544,0.7784964,0
717,0,0.0414203,0,0.0414203,0.0023174286,0.0113889,0.020373698,0.006955597,0.010472948,0.025360184,0.55493146,0
718,0,0.08320791,0,0.08320791,0.0039100647,0.026444806,0.029596692,0.007473567,0.013269233,0.03184767,0.23827972,0
719,0,0.14082454,0,0.14082454,0.008811951,0.032138187,0.10178173,0.042292643,0.02855184,0.20054224,0.851307,0
720,0,0.07371122,0,0.07371122,0.001449585,0.026444806,0.018734055,0.0068076057,0.008634649,0.009967142,0.21259701,0
721,0,0.056758508,0,0.056758508,0.0033950806,0.021546122,0.033645786,0.026207991,0.011482717,0.048219893,0.532282,0
722,0,0.03828422,0,0.03828422,0.0022411346,0.015948927,0.022833163,0.008842488,0.009877442,0.023354959,0.35531718,0
723,0,0.2312681,0,0.2312681,0.0049591064,0.16337912,0.019553876,0.022590388,0.0068999166,0.006340046,0.44127098,0
724,0,0.049336795,0,0.049336795,0.0019073486,0.0151129225,0.013780965,0.007473567,0.01052473,0.008787598,0.34145492,0
725,0,0.1269396,0,0.1269396,0.0023078918,0.05262003,0.019690514,0.005660672,0.0065633263,0.010615891,0.17158453,0
726,0,0.12520397,0,0.12520397,0.0051498413,0.015264924,0.08064143,0.005364689,0.011120236,0.17607917,0.25209752,0
727,0,0.023671126,0,0.023671126,0.0018405914,0.009355888,0.02208166,0.0060676485,0.009566744,0.020288147,0.32994956,0
728,0,0.03875561,0,0.03875561,0.0011634827,0.018258847,0.0147374235,0.00449524,0.0067251488,0.0129749775,0.4623458,0
729,0,0.11098998,1,0.11098998,0.0016880035,0.06267534,0.016137952,0.0029228306,0.006874025,0.006605443,0.30202904,0
730,0,0.06500591,0,0.06500591,0.0026512146,0.014808921,0.026454043,0.017867407,0.012958534,0.024534503,0.3193019,0
731,0,0.23739935,0,0.23739935,0.0090408325,0.11797678,0.10549548,0.025806036,0.007883795,0.04168299,0.54980874,0
732,0,0.008396614,0,0.0035184973,0.00016450882,0.0066863713,0.008396614,0.0003399178,0.0052246535,0.0018356644,0.5390482,0
733,0,0.15600902,0,0.15600902,0.0049209595,0.06889887,0.056441884,0.019776696,0.007521313,0.018990649,0.2341161,0
734,0,0.08479069,0,0.08479069,0.003967285,0.018516673,0.038154904,0.00899048,0.018192071,0.025124274,0.21454212,0
735,0,0.1182615,0,0.1182615,0.0075912476,0.025155678,0.060951006,0.012240025,0.12689553,0.058113586,0.39460853,0
736,0,0.1140901,0,0.1140901,0.0037384033,0.059061307,0.035900343,0.058856625,0.010938995,0.03956291,0.6779375,0
737,0,0.050326355,0,0.050326355,0.0018024445,0.018645585,0.02522431,0.007732552,0.009747985,0.012149297,0.35593003,0
738,0,0.11223003,0,0.11223003,0.004558563,0.025800243,0.06195303,0.015053716,0.016465442,0.04344972,0.29075897,0
739,0,0.03734144,0,0.03734144,0.0019931793,0.01632893,0.026317406,0.004920715,0.0062526283,0.031375855,0.540733,0
740,0,0.044388983,0,0.044388983,0.0026893616,0.01313691,0.020920247,0.018972786,0.010110466,0.01480327,0.30360556,0
741,0,0.09568449,0,0.09568449,0.0025749207,0.025929155,0.019895468,0.005401687,0.008026198,0.01332884,0.49641505,0
742,0,0.06896287,0,0.06896287,0.0029182434,0.014276917,0.023994578,0.0068076057,0.012803185,0.020052237,0.14804198,0
743,0,0.31547862,0,0.31547862,0.019740647,0.15698463,0.17520344,0.033011556,0.035113025,0.1997506,0.84875846,0
744,0,0.05898502,0,0.05898502,0.002632141,0.020192537,0.032142747,0.005105704,0.007353018,0.061293703,0.6002576,0
745,0,0.010552917,0,0.0028430715,0.00023961067,0.0054466133,0.010552917,0.00050640816,0.005466173,0.004836128,0.39574066,0
746,0,0.06421452,0,0.06421452,0.0025749207,0.015796926,0.021876704,0.007732552,0.011379151,0.022765188,0.2968125,0
747,0,0.010484599,0,0.0030786851,0.00028848648,0.0055083637,0.010484599,0.00044397428,0.0055131014,0.0055733426,0.32931507,0
748,0,0.10002319,0,0.10002319,0.004119873,0.02708937,0.03840541,0.012061302,0.01254427,0.05440345,0.6746085,0
749,0,0.040183347,0,0.040183347,0.0012159348,0.023093075,0.01627459,0.0036997858,0.006084333,0.007224703,0.27417308,0
750,0,0.016587202,0,0.016587202,0.0012302399,0.007721877,0.015932998,0.0039587705,0.008129764,0.013977589,0.5830751,0
751,0,0.034748793,0,0.034748793,0.0013828278,0.014048916,0.016479544,0.0027748393,0.0079873605,0.008197826,0.35129967,0
752,0,0.008631459,0,0.0025446275,0.00013887882,0.0054038633,0.008631459,0.00022314333,0.005365034,0.002771927,0.2871433,0
753,0,0.041915078,0,0.041915078,0.0016307831,0.012870909,0.016342908,0.013646871,0.009307829,0.009613278,0.23206773,0
754,0,0.0414203,0,0.0414203,0.0034332275,0.0113889,0.029460056,0.007473567,0.011430934,0.0429197,0.2873102,0
755,1,0.47886392,0,0.47886392,0.023076924,0.05144889,0.4193644,0.014149316,0.007961469,0.57420796,0.6759259,0
756,0,0.09394901,0,0.09394901,0.0044822693,0.010970897,0.025634222,0.007917541,0.051391184,0.010438959,0.2040722,0
757,0,0.18079062,0,0.18079062,0.0077056885,0.026315894,0.09899642,0.007029593,0.03373172,0.22789632,0.40674606,0
758,0,0.081625134,0,0.081625134,0.0044441223,0.016784932,0.045419596,0.0073995716,0.0116639575,0.0837655,0.26037654,0
759,1,0.15269235,1,0.15269235,0.0051116943,0.029714199,0.046171114,0.02721288,0.035803676,0.27819842,0.4664429,1
760,0,0.043399423,0,0.043399423,0.001335144,0.012984909,0.017026093,0.009767435,0.007534259,0.007372146,0.27597323,0
761,0,0.011253181,0,0.0074768066,0.00036239624,0.00650587,0.011253181,0.0007954539,0.0055454657,0.0048656166,0.4338491,0
762,0,0.01579636,0,0.013634177,0.0012874603,0.007645877,0.01579636,0.005401687,0.008039144,0.015805881,0.306657,0
763,0,0.04315203,0,0.04315203,0.0021648407,0.010552894,0.024199532,0.006511623,0.009618527,0.010497936,0.17469822,0
764,0,0.13388206,0,0.13388206,0.0026893616,0.03566399,0.021945024,0.0058086636,0.024062606,0.010910776,0.5429411,0
765,0,0.009767254,0,0.0018692017,0.0001424551,0.0052209874,0.009767254,0.00021505004,0.0053035417,0.0032732328,0.23158287,0
766,0,0.012687869,0,0.011058134,0.0005674362,0.008500882,0.012687869,0.0015261616,0.0055033923,0.006222091,0.52321124,0
767,0,0.062236045,0,0.062236045,0.0023078918,0.02283525,0.022628209,0.0068446035,0.007741391,0.01604179,0.327253,0
768,1,0.6852916,1,0.6852916,0.055630904,0.15840563,0.5365423,0.04332388,0.010628296,0.86834824,0.5438245,1
769,0,0.039226998,0,0.039226998,0.0020503998,0.013212911,0.020032106,0.022590388,0.009592636,0.01374168,0.20518781,0
770,1,0.45758462,0,0.44393396,0.070156105,0.45758462,0.26628086,0.11047905,0.13751452,0.31862146,0.7098172,0
771,1,0.7308154,1,0.7308154,0.20067264,0.5678696,0.5188411,0.13805299,0.010628296,0.51986235,0.53862333,0
772,0,0.04834723,0,0.04834723,0.0024604797,0.012148905,0.020920247,0.0065856185,0.012026439,0.023472913,0.6703659,0
773,0,0.25915736,0,0.25915736,0.014898917,0.03257891,0.22572558,0.013345404,0.013476364,0.3743851,0.36714333,0
774,0,0.010484599,0,0.005906049,0.0005173683,0.00810188,0.010484599,0.000776955,0.0053617978,0.0042463564,0.24614047,0
775,0,0.038048524,0,0.038048524,0.0017356873,0.015036922,0.020646973,0.006696612,0.0091524795,0.016749516,0.35090935,0
776,0,0.11479026,1,0.11479026,0.004634857,0.021352753,0.036401358,0.009619443,0.03235042,0.031611763,0.3430739,0
777,0,0.069969244,0,0.040925518,0.005607605,0.024511116,0.069969244,0.014852738,0.010239923,0.043273047,0.49264306,0
778,0,0.03875561,0,0.03875561,0.0023937225,0.011540901,0.016752819,0.022188433,0.009048914,0.009023507,0.16464725,0
779,0,0.06579731,0,0.06579731,0.002374649,0.019483518,0.021603432,0.0045322375,0.009023022,0.023826776,0.40016398,0
780,0,0.2854733,0,0.2854733,0.01825585,0.06319981,0.10797132,0.021987455,0.13815513,0.09864778,0.48337835,0
781,0,0.09525062,0,0.09525062,0.0019454956,0.025155678,0.019485557,0.0058456613,0.008893564,0.01102873,0.24093589,0
782,0,0.062236045,0,0.062236045,0.0031471252,0.018516673,0.035148825,0.011025362,0.008893564,0.016277699,0.26724675,0
783,0,0.23379272,0,0.23379272,0.0074768066,0.15236975,0.08678388,0.013546381,0.009204263,0.023472913,0.4883438,0
784,0,0.09112182,0,0.09112182,0.0041770935,0.022255141,0.029888187,0.0062526376,0.008634649,0.02146769,0.21015154,0
785,0,0.038991302,0,0.038991302,0.0013637543,0.019419061,0.018255826,0.0039957687,0.00704232,0.018518832,0.28812453,0
786,0,0.07212844,0,0.07212844,0.0040626526,0.010248893,0.02392626,0.002552852,0.05559385,0.0136827035,0.40300113,0
787,0,0.0969861,0,0.0969861,0.0026512146,0.019354604,0.036401358,0.004328749,0.010628296,0.055286817,0.7784964,0
788,0,0.0926474,0,0.0926474,0.0021457672,0.02425329,0.02344803,0.0043657473,0.008039144,0.00855169,0.19091727,0
789,1,0.33255672,1,0.33255672,0.011138916,0.075868964,0.16357292,0.04667538,0.011586283,0.41481546,0.33996373,1
790,0,0.03357032,0,0.03357032,0.0021362305,0.009203887,0.022218296,0.0054756827,0.011353259,0.04132964,0.39462918,0
791,0,0.07371122,1,0.07371122,0.004711151,0.011274899,0.031641733,0.005364689,0.017156094,0.03562221,0.22110043,0
792,0,0.16245349,0,0.16245349,0.005340576,0.081508696,0.094219476,0.020882076,0.0100069,0.036565844,0.39601764,0
793,0,0.16331999,0,0.16331999,0.004463196,0.042665333,0.04742365,0.042292643,0.006925808,0.16475244,0.40568593,0
794,0,0.013985921,0,0.011686437,0.0006198883,0.00975489,0.013985921,0.001655654,0.0057930537,0.006222091,0.24786344,0
795,0,0.08241652,0,0.08241652,0.0020217896,0.031807642,0.020510335,0.006696612,0.008919456,0.011677479,0.36055756,0
796,1,0.4475325,1,0.4475325,0.02430326,0.0820023,0.39409557,0.038683333,0.023199292,0.46473637,0.9441759,1
797,0,0.18079062,1,0.18079062,0.0032615662,0.06494803,0.02973333,0.024600167,0.011353259,0.03938624,0.21373127,0
798,0,0.1537979,0,0.1537979,0.0028800964,0.06634661,0.026863953,0.0050317086,0.006912862,0.015923835,0.15914232,0
799,0,0.039462693,0,0.039462693,0.0011301041,0.017420914,0.0127903465,0.0018036455,0.0069516995,0.0061926027,0.18636172,0
800,0,0.2854835,0,0.2854835,0.011749268,0.06442356,0.050680235,0.009434453,0.34804323,0.010792822,0.26423398,0
801,0,0.042657252,0,0.042657252,0.0026512146,0.017743196,0.020032106,0.006474625,0.008272167,0.012326228,0.36762372,0
802,0,0.038519915,0,0.038519915,0.0024795532,0.009678889,0.022149978,0.006622616,0.013217449,0.017339287,0.35936615,0
803,0,0.09394901,0,0.09394901,0.0034332275,0.025026767,0.026863953,0.026609946,0.010291707,0.020642009,0.22970335,0
804,0,0.17025198,0,0.17025198,0.009307861,0.03235855,0.0864606,0.020279141,0.03787563,0.15459739,0.35680944,0
805,0,0.06500591,0,0.06500591,0.0030136108,0.017356457,0.026590679,0.010211408,0.009592636,0.008787598,0.23378707,0
806,0,0.049089402,0,0.049089402,0.001964569,0.01313691,0.018665737,0.00414376,0.013321015,0.0080798725,0.3438049,0
807,0,0.075294,0,0.075294,0.0032424927,0.020063626,0.04792466,0.00932346,0.010084574,0.030668128,0.40120196,0
808,0,0.063027434,0,0.063027434,0.0026512146,0.021997316,0.03489832,0.00725158,0.009307829,0.025949955,0.34466964,0
809,0,0.14082454,0,0.14082454,0.0063323975,0.015568925,0.018597418,0.004347248,0.13815513,0.0060156714,0.37713936,0
810,0,0.04166769,0,0.04166769,0.0024986267,0.014580919,0.026863953,0.007806548,0.010214032,0.025124274,0.24298403,0
811,0,0.014395831,0,0.009110395,0.0007867813,0.0072658747,0.014395831,0.0017388993,0.006530962,0.011382594,0.39060748,0
812,0,0.08479069,0,0.08479069,0.0030136108,0.019483518,0.031391226,0.005364689,0.009722093,0.020288147,0.15152965,0
813,0,0.05824285,0,0.05824285,0.0020503998,0.016100928,0.020168742,0.009027477,0.00948907,0.013918612,0.26321277,0
814,0,0.0466155,0,0.0466155,0.0017929077,0.015416925,0.01805087,0.002626848,0.008893564,0.016631562,0.3838733,0
815,0,0.054531995,0,0.054531995,0.0018310547,0.018516673,0.017709278,0.0034223017,0.008919456,0.008846575,0.21635324,0
816,0,0.15048122,0,0.15048122,0.0029754639,0.07555214,0.04065997,0.009064475,0.006861079,0.026067909,0.37851924,0
817,0,0.06421452,0,0.06421452,0.0032615662,0.018452216,0.02392626,0.025002124,0.010809537,0.014980201,0.3150925,0
818,0,0.050326355,0,0.050326355,0.0026893616,0.015188923,0.023789622,0.004994711,0.010887212,0.01875474,0.35719353,0
819,0,0.059974585,0,0.059974585,0.002784729,0.011958904,0.017982552,0.0102854045,0.01940071,0.01875474,0.26291874,0
820,0,0.04240986,0,0.04240986,0.0011587143,0.01632893,0.013985921,0.0032743104,0.0069387536,0.009967142,0.36204335,0
821,0,0.08083374,0,0.08083374,0.0025367737,0.025413504,0.024199532,0.0091384705,0.007922632,0.03208358,0.6745322,0
822,0,0.06500591,0,0.06500591,0.0023555756,0.020063626,0.024199532,0.007843546,0.00951496,0.012326228,0.2915778,0
823,0,0.075294,0,0.075294,0.004119873,0.01632893,0.031391226,0.00776955,0.015429466,0.045039777,0.33512342,0
824,0,0.09033044,0,0.09033044,0.0030899048,0.031917825,0.017982552,0.006955597,0.01698343,0.010438959,0.31280127,0
825,0,0.09785384,0,0.09785384,0.0026512146,0.02264188,0.018665737,0.09410924,0.006537435,0.008256803,0.28214824,0
826,0,0.052183274,0,0.050573748,0.004043579,0.015188923,0.052183274,0.004846719,0.011353259,0.034914486,0.16349897,0
827,0,0.038519915,0,0.038519915,0.0013446808,0.012034904,0.017504321,0.004643231,0.00756015,0.010969753,0.19877921,0
828,0,0.05750068,0,0.05750068,0.0018501282,0.018516673,0.022764845,0.004088263,0.0103175985,0.015452018,0.17740868,0
829,0,0.05750068,0,0.05750068,0.0017547607,0.020450363,0.019963788,0.005401687,0.0071070488,0.014980201,0.18669146,0
830,0,0.049831573,0,0.049831573,0.0038719177,0.014428918,0.026863953,0.006955597,0.018710058,0.020995872,0.39877406,0
831,0,0.054037213,0,0.054037213,0.0035095215,0.014884921,0.027000591,0.0074365693,0.015256803,0.03885622,0.46154407,0
832,0,0.016411226,0,0.010304171,0.00088214874,0.00813988,0.016411226,0.001812895,0.0058869105,0.013564749,0.5591188,0
833,0,0.046120718,0,0.046120718,0.00166893,0.01929015,0.019758832,0.018872296,0.0062785195,0.011500548,0.3170756,0
834,0,0.05255287,0,0.05255287,0.0010728836,0.0233509,0.012448754,0.0039402717,0.00598724,0.0057797628,0.31223327,0
835,1,0.48141238,1,0.48141238,0.02453801,0.17237684,0.37352943,0.10221587,0.042662576,0.51986235,0.67022365,1
836,1,0.40336934,0,0.40336934,0.018707745,0.04383647,0.39409557,0.00932346,0.009437286,0.5418567,0.7784964,0
837,0,0.08083374,0,0.08083374,0.0039863586,0.0105148945,0.02973333,0.0058456613,0.04524883,0.029252676,0.23143245,0
838,0,0.15048122,0,0.15048122,0.008468628,0.02618698,0.082581155,0.010211408,0.02855184,0.086741954,0.37508634,0
839,0,0.20916378,0,0.17371799,0.0049209595,0.026960457,0.20916378,0.0053276913,0.011146127,0.032791305,0.25653955,0
840,0,0.10566349,0,0.10566349,0.0020503998,0.03511308,0.01887069,0.005364689,0.0066668927,0.00855169,0.32566664,0
841,0,0.043646812,0,0.043646812,0.003452301,0.0118069025,0.025634222,0.005401687,0.011146127,0.038453113,0.5124053,0
842,0,0.056263726,0,0.056263726,0.0026512146,0.018838953,0.02167175,0.0053276913,0.009048914,0.018990649,0.20290293,0
843,0,0.036634352,0,0.036634352,0.0020599365,0.010666896,0.022628209,0.005438685,0.009929225,0.038453113,0.22298916,0
844,0,0.18649188,1,0.18649188,0.008430481,0.047349896,0.10178173,0.04925346,0.012751401,0.12667102,0.64172876,0
845,0,0.09394901,0,0.09394901,0.0031471252,0.025155678,0.019280603,0.031206898,0.010395273,0.012680092,0.32394806,0
846,0,0.091913216,0,0.091913216,0.0042915344,0.015872927,0.044417568,0.00725158,0.019746035,0.058113586,0.5141299,0
847,0,0.049089402,0,0.049089402,0.0024032593,0.01625293,0.023584666,0.0075105648,0.0071588317,0.03727357,0.34386927,0
848,0,0.00995513,0,0.0037384033,0.00033855438,0.006990373,0.00995513,0.0004162259,0.0053375247,0.003376443,0.30965298,0
849,0,0.06579731,0,0.06579731,0.0030136108,0.015796926,0.027137227,0.00828752,0.009307829,0.030668128,0.34442,0
850,0,0.04760506,0,0.04760506,0.0025367737,0.011198899,0.01354185,0.022992345,0.015947454,0.0068413517,0.35779315,0
851,0,0.1100022,0,0.1100022,0.0061035156,0.012452906,0.029050145,0.0062526376,0.08856395,0.022529278,0.21761182,0
852,0,0.34000012,0,0.3047732,0.013607788,0.08831572,0.10240069,0.34000012,0.011974656,0.19955269,0.6708299,0
853,0,0.05131592,0,0.05131592,0.002193451,0.01313691,0.021466793,0.0073625734,0.008272167,0.017811105,0.21218692,0
854,0,0.04216247,0,0.04216247,0.001039505,0.015948927,0.013473531,0.0061416444,0.006874025,0.0052784565,0.25774378,0
855,0,0.06104896,0,0.06104896,0.00333786,0.017485369,0.025770858,0.00725158,0.011715741,0.02854495,0.59085804,0
856,0,0.07047026,0,0.062236045,0.0030708313,0.016556932,0.07047026,0.008250522,0.009799767,0.05599351,0.34855375,0
857,0,0.050821137,0,0.050821137,0.0014305115,0.015264924,0.013883443,0.028628819,0.00713294,0.016985426,0.26290572,0
858,0,0.014011159,0,0.014011159,0.0009965897,0.0073798755,0.013234417,0.0018313939,0.0066086366,0.012857023,0.31610727,0
859,0,0.17805049,0,0.17805049,0.005264282,0.06459839,0.057443913,0.031980325,0.011456826,0.021349736,0.1858506,0
860,0,0.15158679,0,0.15158679,0.0047302246,0.061801232,0.036651865,0.014350293,0.008220384,0.016631562,0.22578423,0
861,0,0.07054565,0,0.07054565,0.0017166138,0.02051482,0.015830519,0.0052166977,0.009100696,0.017221333,0.35774428,0
862,1,0.49139655,1,0.49139655,0.35368225,0.33998606,0.2813443,0.13591312,0.56065804,0.19579236,0.6058727,0
863,0,0.011594773,0,0.0074139764,0.0004720688,0.007189874,0.011594773,0.0031263188,0.0053617978,0.0037450502,0.5031538,0
864,0,0.09112182,0,0.09112182,0.0019168854,0.03827355,0.016411226,0.0047172266,0.0072365063,0.008669644,0.23121834,0
865,0,0.22846605,1,0.22846605,0.00793457,0.034341812,0.099305905,0.015857628,0.011767523,0.3743851,0.5277331,0
866,0,0.039935954,0,0.039935954,0.0018596649,0.018516673,0.018802373,0.006289636,0.008427517,0.008374758,0.34618592,0
867,0,0.04834723,0,0.04834723,0.0024032593,0.012148905,0.02126184,0.016058605,0.0103175985,0.01958042,0.44816747,0
868,0,0.027442247,0,0.027442247,0.002937317,0.010666896,0.027000591,0.0032558115,0.009747985,0.04009293,0.4066181,0
869,0,0.04760506,0,0.04760506,0.0025558472,0.013706914,0.019348921,0.0042177555,0.012906751,0.028662905,0.27139273,0
870,0,0.08637348,0,0.08637348,0.003604889,0.026960457,0.043165036,0.008139528,0.008090926,0.02500632,0.26725093,0
871,0,0.17536941,0,0.16043124,0.006713867,0.029604018,0.03840541,0.17536941,0.009981008,0.012208274,0.33628327,0
872,0,0.10175867,0,0.10175867,0.005760193,0.020708188,0.049678206,0.007991537,0.026652548,0.07840788,0.54135805,0
873,0,0.049584184,0,0.049584184,0.0025177002,0.016100928,0.020578653,0.026207991,0.009618527,0.0150981555,0.31504875,0
874,0,0.17111848,1,0.17111848,0.010070801,0.06477321,0.09518933,0.035074018,0.0347677,0.052813396,0.34224957,0
875,0,0.081625134,0,0.081625134,0.004005432,0.014504919,0.056441884,0.005956655,0.009074804,0.040446278,0.4351691,0
876,0,0.07608539,0,0.07608539,0.0033950806,0.020708188,0.028913507,0.0058086636,0.00866054,0.040269602,0.22601566,0
877,0,0.014942379,0,0.012503231,0.0012207031,0.0070473733,0.014942379,0.002830336,0.007870848,0.012385205,0.27517965,0
878,0,0.040430736,0,0.040430736,0.0024223328,0.013820915,0.026317406,0.009212466,0.01238892,0.025714045,0.35828912,0
879,0,0.037577134,0,0.037577134,0.0016307831,0.01625293,0.016069634,0.008879486,0.0074824756,0.012208274,0.24600954,0
880,0,0.09828771,0,0.09828771,0.0018787384,0.033901088,0.017231047,0.00466173,0.0072106146,0.012857023,0.5427697,0
881,0,0.25462922,0,0.25462922,0.012283325,0.17486192,0.16822512,0.019575719,0.009204263,0.04980995,0.35901824,0
882,0,0.3140926,1,0.3140926,0.023076924,0.025155678,0.11663672,0.022992345,0.40858683,0.049456604,0.35157308,0
883,0,0.19219314,0,0.19219314,0.006713867,0.03599453,0.030639706,0.09741807,0.009048914,0.0143904295,0.24080119,0
884,0,0.2553839,0,0.2553839,0.004749298,0.24767025,0.04892669,0.008435511,0.0113014765,0.028426996,0.3500714,0
885,0,0.07054565,0,0.07054565,0.0018119812,0.022706337,0.018255826,0.0037922803,0.00823333,0.011736456,0.21871118,0
886,0,0.04686289,0,0.04686289,0.0021457672,0.013402912,0.018187506,0.010507392,0.008582866,0.009908165,0.46179482,0
887,0,0.05280026,0,0.05280026,0.003376007,0.009336887,0.016616182,0.0053276913,0.03235042,0.010026119,0.39069262,0
888,0,0.18364124,0,0.18364124,0.0077056885,0.03412145,0.10797132,0.008916483,0.014911477,0.10817243,0.3854588,0
889,0,0.07608539,0,0.07608539,0.0037574768,0.020772645,0.026180768,0.008065533,0.012958534,0.02205746,0.2461609,0
890,0,0.009801413,0,0.0024975047,0.00020623207,0.005479864,0.009801413,0.0003329807,0.0053860713,0.0043643108,0.3589957,0
891,0,0.15711457,1,0.15711457,0.004081726,0.06372428,0.03239325,0.0070665907,0.011327368,0.010262027,0.3700546,0
892,0,0.083999306,0,0.083999306,0.0019264221,0.027730936,0.020168742,0.012061302,0.006246155,0.008905552,0.2533009,0
893,0,0.3260917,0,0.3260917,0.01412424,0.24928534,0.17752954,0.07177465,0.0091524795,0.12667102,0.23495664,0
894,0,0.20265625,0,0.20265625,0.0076675415,0.033570543,0.075792134,0.034816213,0.012647836,0.014095544,0.22485736,0
895,0,0.10175867,0,0.10175867,0.00459671,0.018323302,0.031641733,0.021585498,0.021472665,0.016277699,0.42273775,0
896,0,0.077668175,0,0.077668175,0.0023651123,0.029273475,0.017572641,0.005956655,0.0076637166,0.0101440735,0.3349514,0
897,0,0.21241048,1,0.21241048,0.008735657,0.08831572,0.0864606,0.089145996,0.079364374,0.10102894,0.5771426,0
898,0,0.22177623,0,0.22177623,0.0038528442,0.0836065,0.026180768,0.0063266335,0.0083886795,0.008787598,0.24261919,0
899,0,0.20009702,0,0.20009702,0.008735657,0.07491849,0.09195647,0.038167715,0.012130005,0.04804322,0.5367134,0
900,0,0.056263726,0,0.056263726,0.0018692017,0.023221988,0.019212283,0.016259583,0.007521313,0.008787598,0.2211198,0
901,0,0.057443913,0,0.03734144,0.0030517578,0.017088935,0.057443913,0.0035147965,0.0066668927,0.0665939,0.30050424,0
902,0,0.04290464,0,0.04290464,0.0016212463,0.01617693,0.018187506,0.0021273769,0.00933372,0.014508383,0.31434363,0
903,0,0.044883765,0,0.044883765,0.0025558472,0.017420914,0.023516348,0.013345404,0.009903334,0.019226557,0.40512854,0
904,0,0.0414203,0,0.0414203,0.0015735626,0.018581128,0.01893901,0.0047357255,0.0071847234,0.008610667,0.2017637,0
905,0,0.06104896,0,0.06104896,0.00166893,0.018452216,0.017777596,0.0045137387,0.008686432,0.010910776,0.20574692,0
906,0,0.11098998,0,0.11098998,0.0030136108,0.054962315,0.027547138,0.0064006294,0.007365964,0.012326228,0.6685853,0
907,0,0.113263406,0,0.113263406,0.003929138,0.028942931,0.033645786,0.01087737,0.012026439,0.034914486,0.2719859,0
908,0,0.064458095,0,0.063423134,0.004501343,0.019096779,0.064458095,0.019173764,0.011042561,0.032791305,0.42190135,0
909,0,0.09112182,0,0.09112182,0.002746582,0.026444806,0.024541125,0.015857628,0.00967031,0.020288147,0.31657776,0
910,0,0.11388343,0,0.11388343,0.005378723,0.024382202,0.039407436,0.053399716,0.025961896,0.024062686,0.36193147,0
911,0,0.039226998,0,0.039226998,0.0014305115,0.015872927,0.016103793,0.0074365693,0.0072882893,0.012857023,0.2499424,0
912,0,0.08083374,1,0.08083374,0.0029754639,0.021803947,0.030389199,0.006030651,0.009722093,0.0706691,0.5656088,0
913,0,0.009271945,0,0.00408397,0.00024318695,0.0064393696,0.009271945,0.0006613367,0.005511483,0.002624484,0.38631508,0
914,0,0.12520397,0,0.12520397,0.0062561035,0.033460364,0.085167445,0.033011556,0.037530303,0.067692645,0.2622311,0
915,0,0.07212844,0,0.07212844,0.0042152405,0.01640493,0.044417568,0.020580608,0.024062606,0.058113586,0.42687926,0
916,0,0.056016337,0,0.056016337,0.0025749207,0.014314918,0.014976538,0.0034962974,0.022681303,0.0087286215,0.23204565,0
917,0,0.07608539,0,0.07608539,0.0031089783,0.0154929245,0.022833163,0.009360458,0.03649433,0.015923835,0.32968038,0
918,0,0.0103821205,0,0.0039111865,0.00034093857,0.0055558644,0.0103821205,0.0006659614,0.005864255,0.0069003287,0.30193767,0
919,0,0.1460314,0,0.1460314,0.002784729,0.06372428,0.020988565,0.00569767,0.0064727063,0.009672256,0.21077631,0
920,1,0.5188411,1,0.50789946,0.18232453,0.3388922,0.5188411,0.19495805,0.05430072,0.51986235,0.8945816,2
921,0,0.3817989,1,0.3389984,0.023076924,0.08459369,0.16589902,0.3817989,0.018019408,0.026303818,0.40729573,0
922,0,0.044883765,1,0.044883765,0.0014591217,0.014238917,0.019348921,0.005253696,0.008893564,0.010792822,0.3724392,0
923,0,0.06500591,0,0.06500591,0.0031280518,0.0279513,0.032643758,0.0071035884,0.007521313,0.020642009,0.27198246,0
924,0,0.04760506,0,0.04760506,0.002670288,0.014048916,0.028640235,0.0051427023,0.010731863,0.026303818,0.24595799,0
925,0,0.057748068,0,0.057748068,0.0022220612,0.023221988,0.015864678,0.0051797,0.008362788,0.011972365,0.43292424,0
926,0,0.10826672,0,0.10826672,0.0029563904,0.039737478,0.036651865,0.004402745,0.008440462,0.023472913,0.24900353,0
927,0,0.19524631,0,0.18554166,0.012359619,0.026315894,0.19524631,0.021987455,0.00789674,0.3673684,0.46757445,0
928,0,0.13388206,0,0.13388206,0.0063323975,0.027218282,0.10549548,0.029144434,0.009048914,0.1469811,0.28006873,0
929,0,0.04166769,1,0.04166769,0.0012588501,0.015644927,0.012687869,0.0020163832,0.010110466,0.0059861825,0.480923,0
930,0,0.051563308,0,0.051563308,0.0025939941,0.02283525,0.024199532,0.008250522,0.007689608,0.019344512,0.6065804,0
931,1,0.44802538,0,0.4269174,0.01825585,0.44802538,0.1589207,0.11047905,0.007935578,0.024652457,0.23169181,0
932,0,0.06065326,0,0.06065326,0.0040626526,0.019934712,0.043415543,0.010803374,0.0104988385,0.039209563,0.50583506,0
933,0,0.081625134,0,0.081625134,0.00207901,0.025026767,0.026454043,0.0041992567,0.008000307,0.018282922,0.33256495,0
934,0,0.19599396,0,0.19599396,0.012283325,0.033570543,0.1110661,0.015958117,0.024753258,0.101624236,0.34274158,0
935,0,0.041915078,0,0.041915078,0.0018405914,0.019483518,0.020442016,0.007917541,0.008414571,0.01480327,0.38126543,0
936,0,0.2853768,0,0.2853768,0.014447021,0.1798321,0.13432594,0.09659086,0.012440704,0.08317021,0.6606554,0
937,0,0.11212669,0,0.11212669,0.0046539307,0.046178754,0.04867618,0.013144426,0.0104988385,0.03231949,0.41820228,0
938,0,0.11150667,0,0.11150667,0.002670288,0.028722567,0.020783609,0.07094744,0.008634649,0.010792822,0.4598479,0
939,0,0.049089402,0,0.049089402,0.0024032593,0.015644927,0.02208166,0.0074365693,0.009204263,0.017339287,0.21900927,0
940,0,0.12520397,0,0.12520397,0.0039863586,0.07396803,0.066963166,0.0058826595,0.006835188,0.01710338,0.31655592,0
941,0,0.16331999,0,0.16331999,0.005455017,0.070799805,0.0961592,0.011691323,0.00713294,0.03373494,0.28306487,0
942,0,0.10175867,0,0.10175867,0.006713867,0.025542418,0.06796519,0.025404079,0.031314444,0.047866546,0.3286008,0
943,0,0.011184863,0,0.0054662367,0.0004172325,0.0061068675,0.011184863,0.000827827,0.0057995263,0.005514365,0.311956,0
944,0,0.069754265,0,0.069754265,0.0013828278,0.025929155,0.017299367,0.0025713511,0.006543908,0.010026119,0.15862131,0
945,0,0.049584184,0,0.049584184,0.0024795532,0.018838953,0.026180768,0.022188433,0.007819066,0.03184767,0.3347816,0
946,0,0.051563308,0,0.051563308,0.0016117096,0.017420914,0.017094411,0.025203101,0.0066280556,0.007726009,0.26554498,0
947,0,0.03875561,0,0.03875561,0.0024795532,0.01648093,0.018665737,0.009101473,0.010783645,0.011205662,0.4233868,0
948,0,0.050078966,0,0.050078966,0.0018119812,0.022770792,0.017094411,0.00673361,0.007521313,0.010733845,0.37346733,0
949,0,0.041915078,0,0.041915078,0.0017738342,0.013820915,0.013678487,0.024600167,0.0075083673,0.0051310137,0.18215838,0
950,0,0.112746716,0,0.112746716,0.0023555756,0.03827355,0.03489832,0.016360072,0.008285114,0.02205746,0.35022464,0
951,1,0.6458014,1,0.584095,0.16960317,0.34203702,0.32658687,0.6458014,0.050098058,0.03562221,0.35091513,0
952,0,0.008044879,0,0.0055918973,0.00012457371,0.008044879,0.008016593,9.133846e-05,0.005239622,0.0011205663,0.65280783,0
953,0,0.30527395,0,0.30527395,0.010375977,0.17237684,0.18786818,0.019877186,0.010188141,0.05069332,0.4745743,0
954,0,0.049831573,0,0.049831573,0.001373291,0.019741343,0.014395831,0.0034038029,0.009178371,0.0094363475,0.37742594,0
955,0,0.041172907,0,0.041172907,0.0019073486,0.012490907,0.01982715,0.005512681,0.009540852,0.01710338,0.27443904,0
956,0,0.0969861,0,0.0969861,0.0061035156,0.019741343,0.035148825,0.0376521,0.012078222,0.0429197,0.23375796,0
957,0,0.15048122,0,0.15048122,0.0048828125,0.06739554,0.05243378,0.016762028,0.008945347,0.023826776,0.25073078,0
958,0,0.16851899,1,0.16851899,0.005722046,0.021481665,0.09195647,0.0091384705,0.010110466,0.34261686,0.6070248,0
959,0,0.044883765,0,0.044883765,0.0022220612,0.011996903,0.022901481,0.0037737815,0.009903334,0.025949955,0.45393842,0
960,0,0.3758158,0,0.3389984,0.020902663,0.08533409,0.1067334,0.3758158,0.13815513,0.025714045,0.24639745,0
961,0,0.040430736,0,0.040430736,0.0031089783,0.012490907,0.027273865,0.009545447,0.010990778,0.027601315,0.3053701,0
962,0,0.11181668,0,0.11181668,0.0021648407,0.05262003,0.020646973,0.0055496786,0.007637825,0.01604179,0.29770947,0
963,0,0.06817148,0,0.06817148,0.0018978119,0.030265106,0.025087673,0.00776955,0.007586042,0.02477041,0.21816406,0
964,0,0.037577134,0,0.037577134,0.0012016296,0.01465692,0.016616182,0.0073625734,0.006686311,0.008433735,0.22032875,0
965,0,0.1100022,0,0.1100022,0.0050354004,0.022899706,0.054938845,0.057037655,0.026652548,0.05440345,0.27396217,0
966,0,0.20572066,0,0.20572066,0.006828308,0.026831545,0.08193458,0.014249804,0.009100696,0.37959605,0.39702657,0
967,0,0.11078331,0,0.11078331,0.0030326843,0.023608726,0.02126184,0.06749674,0.0072106146,0.011323617,0.21720085,0
968,0,0.050573748,0,0.050573748,0.0029945374,0.017163089,0.028776871,0.008398513,0.008686432,0.026539726,0.20013893,0
969,0,0.05354243,0,0.05354243,0.0020503998,0.018710041,0.022354934,0.034300596,0.007068211,0.014921224,0.32822675,0
970,0,0.04686289,0,0.04686289,0.0021266937,0.01632893,0.020851927,0.003884775,0.009307829,0.016159745,0.5202969,0
971,0,0.06184035,0,0.06184035,0.0026893616,0.019354604,0.021740068,0.005512681,0.01052473,0.0150981555,0.26894388,0
972,0,0.32182294,0,0.32182294,0.006828308,0.30797598,0.08452088,0.009545447,0.006686311,0.016985426,0.19351487,0
973,0,0.045378547,0,0.045378547,0.0018405914,0.012718908,0.017709278,0.0029968263,0.01086132,0.042566355,0.4450471,0
974,0,0.37073207,1,0.37073207,0.01935331,0.071750276,0.25093055,0.05612817,0.043309137,0.4138546,0.56191385,0
975,1,0.4269174,1,0.4269174,0.023364257,0.36021477,0.29279903,0.07012023,0.0130621,0.08793254,0.50999045,1
976,0,0.08004235,1,0.08004235,0.001745224,0.026831545,0.016752819,0.0073255757,0.007741391,0.010085096,0.37580428,0
977,0,0.39915034,1,0.39915034,0.023076924,0.083112895,0.26937544,0.12735364,0.09623027,0.4382661,0.6717254,0
978,0,0.104795754,1,0.104795754,0.004081726,0.033790905,0.039407436,0.02128403,0.013269233,0.023001095,0.35772952,0
979,0,0.20973456,1,0.20973456,0.009727478,0.086852804,0.079025,0.028418748,0.02613456,0.036565844,0.23670025,0
980,0,0.009519599,0,0.002002716,0.0004172325,0.0056128646,0.009519599,0.0003191065,0.005292619,0.0048656166,0.33158848,0
981,0,0.044883765,0,0.044883765,0.002298355,0.018710041,0.022696527,0.005956655,0.008764107,0.013092931,0.37134585,0
982,0,0.07212844,0,0.07212844,0.0035095215,0.018452216,0.02795705,0.0070665907,0.010654188,0.028662905,0.26979682,0
983,0,0.38434127,0,0.38434127,0.023076924,0.06407392,0.047674157,0.01555616,0.52414405,0.009554301,0.27232516,0
984,0,0.044636376,0,0.044636376,0.0030136108,0.019934712,0.029186781,0.013445892,0.011094344,0.024298593,0.35760638,0
985,0,0.019690514,0,0.018974753,0.0012159348,0.0116169015,0.019690514,0.003884775,0.0061425893,0.010556913,0.42215168,0
986,0,0.18554166,0,0.18554166,0.0074005127,0.061101943,0.07708528,0.01857083,0.03407705,0.032791305,0.25163102,0
987,0,0.15600902,0,0.15600902,0.003490448,0.032468732,0.036401358,0.0047172266,0.011612174,0.023826776,0.27776486,0
988,0,0.028385026,0,0.028385026,0.0018310547,0.008728883,0.020373698,0.009989422,0.007637825,0.043096375,0.28057826,0
989,0,0.30993456,1,0.30993456,0.01159668,0.24835461,0.09001675,0.23922618,0.00951496,0.090909,0.54391736,0
990,0,0.2524482,0,0.2524482,0.013995127,0.06564732,0.17380778,0.04151922,0.015429466,0.3300973,0.8086562,0
991,0,0.059727192,0,0.059727192,0.003643036,0.01625293,0.034146797,0.0057346676,0.011715741,0.031611763,0.28647214,0
992,0,0.09915545,0,0.09915545,0.003452301,0.027730936,0.06145202,0.0076955543,0.00951496,0.043626394,0.4932757,0
993,0,0.098377466,0,0.08953904,0.009918213,0.0198058,0.098377466,0.0069185994,0.007301235,0.06235374,0.3811309,0
994,0,0.11078331,0,0.11078331,0.0013828278,0.06529768,0.01627459,0.0053276913,0.0063885585,0.004688685,0.27584267,0
995,0,0.04686289,0,0.04686289,0.0016784668,0.01465692,0.017709278,0.0037367835,0.009851551,0.026421772,0.2281958,0
996,0,0.25462922,0,0.25462922,0.014511578,0.023221988,0.12727508,0.008176526,0.13815513,0.32076278,0.36233708,0
997,0,0.02249265,0,0.02249265,0.0011587143,0.008291881,0.014976538,0.0031633168,0.0074824756,0.009318393,0.32925123,0
998,0,0.37751234,1,0.37751234,0.023076924,0.14512913,0.2761231,0.021786476,0.036149003,0.3743851,0.5903498,0
999,0,0.07845957,0,0.07845957,0.004825592,0.017549826,0.047173142,0.00880549,0.012233571,0.068883225,0.86877126,0
1000,0,0.03828422,0,0.03828422,0.0017642975,0.014428918,0.016547862,0.0042917514,0.007909686,0.010910776,0.27436587,0
1001,0,0.1641865,0,0.1641865,0.005722046,0.01890341,0.030138692,0.0049577127,0.13815513,0.035150394,0.58018243,0
1002,0,0.36702603,0,0.35186127,0.020257099,0.1469393,0.26645362,0.36702603,0.014220826,0.34261686,0.29142934,0
1003,0,0.05255287,1,0.05255287,0.0016975403,0.02193286,0.019212283,0.0027008436,0.0077025536,0.008020895,0.3516387,0
1004,0,0.059727192,0,0.059727192,0.0022506714,0.015948927,0.017504321,0.0047357255,0.01750142,0.010792822,0.36590624,0
1005,1,0.50789946,0,0.50789946,0.09385906,0.3388922,0.41436642,0.19890837,0.03718498,0.4837645,0.6185097,0
1006,0,0.041172907,0,0.041172907,0.0023651123,0.01309891,0.026044132,0.006030651,0.008246276,0.030078357,0.2927,0
1007,0,0.039226998,0,0.039226998,0.001821518,0.011996903,0.017436003,0.0038107792,0.012337137,0.012739069,0.45033678,0
1008,0,0.11036996,0,0.11036996,0.0032615662,0.022964163,0.024951037,0.036620867,0.009437286,0.027011544,0.24736567,0
1009,0,0.09828771,0,0.09828771,0.0034332275,0.024768941,0.033144772,0.015254694,0.009981008,0.027837224,0.21968456,0
1010,0,0.081625134,0,0.081625134,0.0026512146,0.021546122,0.027820412,0.007880543,0.008336896,0.02960654,0.39784163,0
1011,0,0.07054565,0,0.07054565,0.004119873,0.020063626,0.035900343,0.02439919,0.023889944,0.040976297,0.35487133,0
1012,0,0.0466155,0,0.0466155,0.0010871887,0.022512967,0.011475217,0.0014521659,0.0071199946,0.0034206759,0.30356935,0
1013,0,0.063423134,0,0.063423134,0.0018978119,0.01929015,0.020100424,0.049761772,0.0066280556,0.011441571,0.28446788,0
1014,0,0.3389984,0,0.3389984,0.018384963,0.039737478,0.0816113,0.026207991,0.49142194,0.060233664,0.65538466,0
1015,0,0.06579731,0,0.06579731,0.0038146973,0.019999169,0.032894265,0.019977676,0.02440793,0.037037663,0.36743572,0
1016,0,0.034748793,0,0.034748793,0.0024223328,0.0115029,0.024267852,0.008065533,0.010058682,0.026421772,0.47209626,0
1017,1,0.47119883,1,0.47119883,0.023076924,0.16195811,0.33082673,0.058401883,0.011715741,0.5740433,0.8463204,1
1018,0,0.041172907,0,0.041172907,0.0029754639,0.011312899,0.03389629,0.0041067624,0.011146127,0.04079962,0.24718031,0
1019,0,0.010723713,0,0.0066285976,0.000218153,0.005845616,0.010723713,0.0006752109,0.0055195745,0.011913388,0.39340758,0
1020,1,0.075468846,1,0.051810697,0.006866455,0.019096779,0.075468846,0.03249594,0.013217449,0.3079149,0.7010859,1
1021,0,0.011065305,0,0.0046180277,0.00034093857,0.0062303683,0.011065305,0.0012486777,0.0054742643,0.003686073,0.5517097,0
1022,0,0.07687678,0,0.07687678,0.0035858154,0.02103047,0.029460056,0.0045137387,0.011353259,0.021939507,0.22952484,0
1023,1,0.3302291,0,0.3302291,0.021935565,0.03312982,0.25824076,0.055218685,0.05268431,0.41559,0.4702786,1
1024,0,0.15303208,0,0.147767,0.011062622,0.037395194,0.07870171,0.15303208,0.027688526,0.03231949,0.40692425,0
1025,0,0.044141594,0,0.044141594,0.0020694733,0.012680908,0.02119352,0.0037182847,0.010576514,0.008433735,0.20646665,0
1026,0,0.08716487,0,0.08716487,0.0034713745,0.020192537,0.015079016,0.004846719,0.049451493,0.006104137,0.40647748,0
1027,0,0.29039988,1,0.29039988,0.013155893,0.22770336,0.09551262,0.053399716,0.01940071,0.046453163,0.41420034,0
1028,0,0.08004235,0,0.08004235,0.0034713745,0.01640493,0.026044132,0.00828752,0.04233929,0.028309042,0.5274566,0
1029,0,0.08716487,0,0.08716487,0.0043678284,0.014960921,0.041661996,0.008546505,0.010628296,0.043273047,0.24281965,0
1030,0,0.017367685,0,0.011183795,0.0008583069,0.008595883,0.017367685,0.0013966691,0.005867492,0.011913388,0.65495175,0
1031,0,0.051563308,0,0.051563308,0.0014305115,0.01961243,0.018734055,0.0029228306,0.006977591,0.01102873,0.26012295,0
1032,0,0.009417122,0,0.0024032593,0.0001835823,0.0052827373,0.009417122,0.000353792,0.005422481,0.0034501643,0.68119395,0
1033,1,0.64447093,0,0.64447093,0.023076924,0.5739874,0.4596479,0.0102854045,0.009955117,0.024652457,0.24496587,0
1034,0,0.040183347,0,0.040183347,0.002632141,0.011160898,0.026590679,0.004606233,0.008000307,0.036565844,0.38804728,0
1035,0,0.040925518,0,0.040925518,0.0015354156,0.016632931,0.015967157,0.0029968263,0.0073789097,0.009318393,0.140414,0
1036,0,0.039935954,0,0.039935954,0.0015735626,0.015644927,0.0127903465,0.005364689,0.00866054,0.005956694,0.22019012,0
1037,0,0.050573748,0,0.050573748,0.0014019012,0.020837102,0.02030538,0.0039402717,0.006925808,0.0072541917,0.20737898,0
1038,0,0.043399423,0,0.043399423,0.0036239624,0.011844902,0.02474608,0.008620501,0.012906751,0.034678575,0.25858113,0
1039,0,0.27412915,0,0.27412915,0.02116089,0.035333443,0.26593533,0.017264472,0.013010317,0.35155243,0.63904077,0
1040,0,0.09655223,0,0.09655223,0.0045394897,0.014808921,0.054938845,0.007473567,0.013010317,0.14317296,0.28419593,0
1041,0,0.17025198,0,0.17025198,0.007858276,0.029383656,0.057443913,0.00725158,0.049128212,0.06828794,0.27219266,0
1042,0,0.06500591,0,0.06500591,0.002708435,0.024511116,0.04516909,0.0102854045,0.010058682,0.025832001,0.34798384,0
1043,0,0.11078331,0,0.11078331,0.0035858154,0.028171662,0.026317406,0.006030651,0.009851551,0.015452018,0.21464567,0
1044,1,0.36095104,0,0.36095104,0.023076924,0.077136256,0.26802593,0.07673789,0.016465442,0.4138546,0.40062505,1
1045,0,0.010365041,0,0.00609454,0.00039339066,0.0067528714,0.010365041,0.0008648249,0.005568121,0.004275845,0.32353628,0
1046,0,0.37694603,1,0.37694603,0.01986976,0.1935001,0.21781154,0.07673789,0.036839653,0.13809544,0.5117246,0
1047,0,0.23812068,0,0.23812068,0.0127685545,0.030265106,0.124631,0.0102854045,0.028379176,0.3379586,0.86865306,0
1048,0,0.03828422,0,0.03828422,0.0016403198,0.014504919,0.02023706,0.006437627,0.006925808,0.011264639,0.24655066,0
1049,0,0.08320791,0,0.08320791,0.0016975403,0.027841117,0.02119352,0.0029413297,0.007314181,0.009200439,0.15237738,0
1050,0,0.034984488,0,0.034984488,0.0013923645,0.013174911,0.014259194,0.021083053,0.007081157,0.0070772604,0.3318337,0
1051,0,0.04240986,0,0.04240986,0.0012874603,0.015036922,0.017777596,0.0042177555,0.006912862,0.0070772604,0.18176019,0
1052,0,0.15766735,0,0.15766735,0.005264282,0.07460167,0.06044999,0.012943448,0.0113014765,0.017457243,0.37822172,0
1053,1,0.25462922,1,0.25462922,0.00541687,0.16861114,0.04592061,0.0073255757,0.007417747,0.0665939,0.59800106,1
1054,0,0.040183347,0,0.040183347,0.0022602081,0.012376905,0.024267852,0.017967897,0.009023022,0.022411324,0.32148665,0
1055,0,0.19504376,1,0.19504376,0.0064849854,0.08410009,0.051932767,0.023997234,0.013372798,0.023708822,0.3243878,0
1056,0,0.15822013,1,0.15822013,0.0036811829,0.07428485,0.023379711,0.008398513,0.012647836,0.009200439,0.5761075,0
1057,0,0.39644176,0,0.39644176,0.01896597,0.3682569,0.084844165,0.018872296,0.26455072,0.017575197,0.2344458,0
1058,0,0.2855005,0,0.2855005,0.011672974,0.24903896,0.06796519,0.023193322,0.0130621,0.031375855,0.26648808,0
1059,0,0.04240986,0,0.04240986,0.0013542175,0.015568925,0.013507691,0.0031633168,0.007624879,0.0057797628,0.2279239,0
1060,0,0.050821137,0,0.050821137,0.0020503998,0.022577424,0.02071529,0.0061046463,0.008764107,0.011854411,0.40588582,0
1061,0,0.059479803,0,0.059479803,0.0026893616,0.020643732,0.021535112,0.031980325,0.0083886795,0.015216109,0.2857441,0
1062,0,0.022728346,0,0.022728346,0.0016498566,0.009146886,0.017914234,0.00449524,0.007793174,0.017221333,0.67885184,0
1063,0,0.063423134,0,0.063423134,0.003490448,0.015872927,0.028230323,0.0051797,0.014220826,0.03397085,0.42735735,0
1064,0,0.06421452,0,0.06421452,0.0030326843,0.01648093,0.026454043,0.010211408,0.012596053,0.020642009,0.31713498,0
1065,0,0.1013248,0,0.1013248,0.0028800964,0.02373764,0.019963788,0.0042732526,0.02440793,0.015569973,0.3945393,0
1066,0,0.18364124,0,0.18364124,0.0063705444,0.042665333,0.058946952,0.011691323,0.013217449,0.0521067,0.26920822,0
1067,0,0.15269235,0,0.15269235,0.009231567,0.042665333,0.079025,0.014953227,0.04098356,0.043273047,0.42164868,0
1068,0,0.085582085,0,0.085582085,0.0040245056,0.021868404,0.050680235,0.024600167,0.011741633,0.036801755,0.5062924,0
1069,0,0.13214645,0,0.13214645,0.0043296814,0.021675033,0.053435806,0.011691323,0.010783645,0.27649683,0.2997776,0
1070,0,0.030506283,0,0.030506283,0.0017547607,0.013250912,0.018392462,0.010729378,0.007793174,0.012621114,0.32435858,0
1071,0,0.05824285,0,0.05824285,0.0014972687,0.021610579,0.016411226,0.004643231,0.006763986,0.007313169,0.23723175,0
1072,0,0.25462922,0,0.25462922,0.006713867,0.09124154,0.10301965,0.012541492,0.009747985,0.028898813,0.24721955,0
1073,0,0.0414203,0,0.0414203,0.0015354156,0.017420914,0.0166845,0.003385304,0.0062979385,0.008374758,0.50131774,0
1074,0,0.038048524,0,0.038048524,0.0022602081,0.013896915,0.022559889,0.009545447,0.008815889,0.026539726,0.5593973,0
1075,0,0.075294,0,0.075294,0.0032615662,0.023866551,0.04792466,0.0070665907,0.008181547,0.02689359,0.3955346,0
1076,1,0.06896287,0,0.06896287,0.0024986267,0.027347196,0.022628209,0.006622616,0.010032792,0.017339287,0.30504593,4
1077,0,0.0438942,0,0.0438942,0.0018405914,0.015036922,0.015044857,0.0040327664,0.009644418,0.010438959,0.32634035,0
1078,0,0.39021665,0,0.39021665,0.018449519,0.36798462,0.14049543,0.27914262,0.009877442,0.034678575,0.46465024,0
1079,0,0.040925518,0,0.040925518,0.0020503998,0.013782915,0.021603432,0.021585498,0.0074824756,0.025360184,0.967854,0
1080,0,0.15324512,0,0.15324512,0.0029754639,0.03827355,0.03239325,0.005919657,0.007857903,0.012621114,0.17298535,0
1081,0,0.05651112,0,0.05651112,0.0024318695,0.022770792,0.028640235,0.0044582416,0.008945347,0.013151909,0.345275,0
1082,1,0.49389273,0,0.4394682,0.008888245,0.49389273,0.06195303,0.00673361,0.007598988,0.008374758,0.21597022,0
1083,0,0.15545623,0,0.15545623,0.0049591064,0.06889887,0.058946952,0.01656105,0.009825659,0.021585643,0.21130611,0
1084,0,0.062236045,0,0.062236045,0.0014877319,0.031146556,0.018255826,0.0066596144,0.006155535,0.008610667,0.38806877,0
1085,0,0.04067813,0,0.04067813,0.0015354156,0.014124917,0.020373698,0.004162259,0.008026198,0.011913388,0.2620928,0
1086,1,0.3140926,1,0.3140926,0.01502803,0.083359696,0.16589902,0.030691283,0.012803185,0.39410532,0.5192599,4
1087,0,0.091913216,0,0.091913216,0.0042533875,0.014580919,0.036651865,0.011987305,0.012906751,0.045393124,0.2580984,0
1088,0,0.28548008,0,0.28548008,0.014317908,0.107333586,0.13256322,0.01656105,0.020954676,0.17353915,0.51074755,0
1089,0,0.0466155,0,0.0466155,0.0020980835,0.014428918,0.019007329,0.003311308,0.010705971,0.011795434,0.2343138,0
1090,0,0.104795754,0,0.104795754,0.003528595,0.039444692,0.039657943,0.009471451,0.008349842,0.013859635,0.35431653,0
1091,0,0.037577134,0,0.037577134,0.002374649,0.0114269,0.022696527,0.006437627,0.008556974,0.011736456,0.16749333,0
1092,0,0.1641865,1,0.1641865,0.005531311,0.06652143,0.05543986,0.018470341,0.016292779,0.02418064,0.42933923,0
1093,0,0.08874765,0,0.08874765,0.0014591217,0.039737478,0.01764096,0.0063266335,0.006589218,0.005248968,0.21239693,0
1094,0,0.20242359,0,0.20242359,0.007095337,0.07016616,0.06946823,0.013847848,0.0104988385,0.05069332,0.8981763,0
1095,0,0.03875561,0,0.03875561,0.0018787384,0.010552894,0.014361672,0.02138452,0.008362788,0.007902941,0.29509103,0
1096,0,0.015519086,0,0.015519086,0.0011730194,0.0074558756,0.014122557,0.0035517942,0.007637825,0.00979021,0.4989201,0
1097,0,0.10566349,0,0.10566349,0.0034713745,0.020966014,0.025770858,0.0073625734,0.024580594,0.026421772,0.22339177,0
1098,1,0.4810288,0,0.43965456,0.015221698,0.4810288,0.13432594,0.022188433,0.0074824756,0.021821553,0.42531136,0
1099,0,0.2043827,0,0.2043827,0.008392334,0.076819435,0.07934829,0.012061302,0.019228047,0.044156414,0.26926485,0
1100,0,0.37955463,1,0.37955463,0.023076924,0.04852104,0.094542764,0.016058605,0.5003284,0.023472913,0.2545601,0
1101,0,0.05799546,0,0.05799546,0.0023555756,0.020708188,0.026044132,0.008731495,0.007961469,0.020170191,0.28545976,0
1102,0,0.03828422,0,0.03828422,0.0024604797,0.012452906,0.021535112,0.005105704,0.011146127,0.018518832,0.3066999,0
1103,0,0.24763705,0,0.24763705,0.006904602,0.11978693,0.025087673,0.17847598,0.009722093,0.0073426575,0.3384275,0
1104,0,0.24282593,0,0.24282593,0.013543231,0.033239998,0.108590275,0.01766643,0.13815513,0.19068435,0.5873896,0
1105,1,0.68353343,0,0.6491204,0.13336399,0.5739874,0.68353343,0.054763943,0.015774792,0.16845907,0.2510607,1
1106,0,0.16851899,1,0.16851899,0.0042915344,0.07301756,0.030890211,0.015455672,0.014566151,0.013859635,0.3575687,0
1107,0,0.041915078,0,0.041915078,0.0024795532,0.012870909,0.02522431,0.0047357255,0.009100696,0.026185863,0.4857006,0
1108,0,0.06817148,0,0.06817148,0.0025558472,0.017227544,0.023243073,0.006363631,0.00951496,0.018990649,0.36247036,0
1109,0,0.15269235,0,0.15269235,0.0061798096,0.027841117,0.06646215,0.011543332,0.020782012,0.03184767,0.22784163,0
1110,0,0.08479069,0,0.08479069,0.0037002563,0.017872108,0.05543986,0.00673361,0.010395273,0.033499032,0.23061554,0
1111,1,0.50759226,1,0.50759226,0.16960317,0.34203702,0.4044591,0.44690517,0.05688698,0.42005378,0.7784964,1
1112,0,0.18079062,0,0.18079062,0.008773804,0.021610579,0.110447146,0.008731495,0.01698343,0.16348305,0.21563445,0
1113,0,0.041172907,0,0.041172907,0.0025177002,0.011578901,0.026044132,0.0056236745,0.00866054,0.045216452,0.7891677,0
1114,0,0.25462922,0,0.25462922,0.008354187,0.07935401,0.08225787,0.026207991,0.032695748,0.06094036,0.5305264,0
1115,0,0.018974753,0,0.018974753,0.0017261505,0.009678889,0.018187506,0.0065486208,0.009023022,0.015039179,0.3094846,0
1116,0,0.05750068,0,0.05750068,0.0025939941,0.017420914,0.025770858,0.008250522,0.00823333,0.020759964,0.42371106,0
1117,0,0.24603334,0,0.24603334,0.015092585,0.071433455,0.1110661,0.07921951,0.13815513,0.073645554,0.46949172,0
1118,0,0.050078966,0,0.050078966,0.002374649,0.016632931,0.021330157,0.028886627,0.0077154995,0.011854411,0.18567798,0
1119,0,0.06896287,0,0.06896287,0.0040626526,0.017012933,0.044417568,0.015154205,0.010447056,0.048219893,0.3108631,0
1120,0,0.15269235,0,0.15269235,0.0060272217,0.022512967,0.06596114,0.008361516,0.049774777,0.043803066,0.16722848,0
1121,0,0.11429678,0,0.11429678,0.0050354004,0.06372428,0.073529124,0.010581387,0.010239923,0.030078357,0.35807666,0
1122,0,0.04216247,0,0.04216247,0.0030136108,0.015948927,0.026044132,0.00569767,0.010188141,0.027601315,0.42273557,0
1123,1,0.4013387,1,0.4013387,0.023076924,0.25800487,0.22792831,0.04925346,0.13815513,0.4115609,0.5471524,1
1124,0,0.048594624,0,0.048594624,0.0009393692,0.020837102,0.012448754,0.0020626306,0.0062332097,0.0050720368,0.23999676,0
1125,0,0.08479069,0,0.08479069,0.0033187866,0.01648093,0.020100424,0.012139536,0.027688526,0.016277699,0.51583624,0
1126,0,0.11912931,0,0.11912931,0.004711151,0.032689095,0.06746418,0.008842488,0.011042561,0.02418064,0.42580113,0
1127,0,0.08241652,0,0.08241652,0.0015163422,0.025800243,0.017572641,0.006474625,0.0074306927,0.01686747,0.588218,0
1128,0,0.24442963,0,0.24442963,0.010528564,0.07808672,0.20016506,0.033269364,0.017328756,0.057760242,0.65746385,0
1129,0,0.2854869,0,0.2854869,0.01412424,0.033239998,0.09518933,0.012139536,0.34804323,0.038679544,0.5049245,0
1130,0,0.07291982,0,0.07291982,0.0013542175,0.03136692,0.016035475,0.0037737815,0.0062526283,0.0072541917,0.20706692,0
1131,0,0.28857216,0,0.28857216,0.010375977,0.16989174,0.091633186,0.04641757,0.011042561,0.015334064,0.21846835,0
1132,0,0.0665887,0,0.0665887,0.0031089783,0.024640027,0.028230323,0.006622616,0.007624879,0.0204061,0.23034468,0
1133,0,0.1883923,1,0.1883923,0.0063705444,0.07808672,0.06746418,0.02439919,0.023026628,0.02771927,0.38078624,0
1134,0,0.081625134,0,0.081625134,0.0037002563,0.012528907,0.012414595,0.003884775,0.07016479,0.004334822,0.45552555,0
1135,0,0.07450261,0,0.07450261,0.004005432,0.023995465,0.055940874,0.02439919,0.011042561,0.032791305,0.19274151,0
1136,0,0.010108846,0,0.004429537,0.00023841858,0.006021367,0.010108846,0.00052953186,0.005621522,0.004334822,0.2875257,0
1137,0,0.13561769,0,0.13561769,0.005264282,0.025284592,0.05017922,0.029917859,0.026479885,0.054756798,0.21234004,0
1138,0,0.04834723,0,0.04834723,0.0023174286,0.018581128,0.018392462,0.005105704,0.008453408,0.012444182,0.14232424,0
1139,0,0.031331215,0,0.031331215,0.0026130676,0.010932897,0.021740068,0.0055866763,0.009877442,0.03938624,0.31439745,0
1140,0,0.06065326,0,0.06065326,0.0017738342,0.016100928,0.023789622,0.010581387,0.008815889,0.014685315,0.13520174,0
1141,0,0.083999306,0,0.083999306,0.0036239624,0.022384055,0.05393682,0.011617327,0.007948523,0.029842447,0.3179704,0
1142,0,0.15324512,0,0.15324512,0.0031852722,0.071750276,0.026454043,0.009619443,0.007301235,0.010792822,0.18654388,0
1143,0,0.06500591,0,0.06500591,0.003643036,0.01632893,0.036651865,0.017264472,0.018882722,0.04009293,0.21632105,0
1144,0,0.2922276,1,0.2922276,0.01393057,0.11464815,0.17926037,0.020279141,0.010654188,0.34261686,0.6047082,0
1145,0,0.08953904,0,0.08953904,0.002374649,0.02618698,0.024814399,0.007954539,0.01086132,0.017575197,0.25269383,0
1146,0,0.07371122,0,0.07371122,0.0043678284,0.01465692,0.024882717,0.0065486208,0.011042561,0.02748336,0.24173358,0
1147,0,0.25462922,0,0.25462922,0.0118255615,0.03158728,0.08290444,0.012842959,0.2836219,0.03208358,0.3875349,0
1148,0,0.038048524,0,0.038048524,0.0026130676,0.012376905,0.022013342,0.00673361,0.010343489,0.024298593,0.34373164,0
1149,0,0.05824285,0,0.05824285,0.0021839142,0.021546122,0.02167175,0.007547563,0.007689608,0.0143904295,0.22091262,0
1150,0,0.056016337,0,0.056016337,0.001783371,0.023221988,0.01893901,0.004439743,0.009411395,0.01020305,0.23592125,0
1151,0,0.10870059,0,0.10870059,0.002632141,0.043250903,0.027410502,0.0062526376,0.0104988385,0.0108517995,0.2528137,0
1152,0,0.059727192,0,0.059727192,0.0031852722,0.013744914,0.034397304,0.0045692353,0.01508414,0.03184767,0.21326093,0
1153,0,0.11419344,0,0.11419344,0.0025367737,0.062150877,0.01764096,0.0045137387,0.017674083,0.0069298176,0.4332838,0
1154,0,0.2359567,0,0.2359567,0.013995127,0.0670459,0.10982819,0.07508347,0.13802026,0.06828794,0.50038296,0
1155,0,0.09394901,0,0.09394901,0.0032806396,0.020579277,0.03715288,0.005105704,0.010265815,0.020759964,0.15553437,0
1156,1,0.45396814,1,0.45396814,0.14126498,0.06267534,0.17613389,0.06704199,0.53875744,0.04185966,0.44422022,0
1157,0,0.015079016,0,0.014702292,0.00069618225,0.011730902,0.015079016,0.0012116798,0.0055600298,0.008315781,0.66956687,0
1158,0,0.09481675,0,0.09481675,0.005378723,0.018710041,0.04291453,0.014450782,0.02181799,0.11715065,0.47688589,0
1159,0,0.14082454,0,0.14082454,0.0046157837,0.028392024,0.022901481,0.004088263,0.07399795,0.05493347,0.49092105,0
1160,0,0.15987846,0,0.15987846,0.0066375732,0.032468732,0.08613731,0.008324518,0.011379151,0.1779842,0.47976732,0
1161,0,0.0201057,0,0.0201057,0.0019454956,0.0070948736,0.016547862,0.0015354111,0.011172019,0.013269863,0.35595426,0
1162,0,0.04240986,0,0.04240986,0.0016975403,0.011996903,0.016889455,0.0073995716,0.010239923,0.0115595255,0.38719907,0
1163,1,0.6051471,0,0.52272606,0.014511578,0.6051471,0.16031636,0.014048826,0.0069905366,0.00896453,0.31836244,0
1164,0,0.08637348,0,0.08637348,0.002937317,0.019032324,0.02522431,0.010803374,0.011819307,0.023708822,0.21622698,0
1165,0,0.057005897,0,0.057005897,0.0032234192,0.015644927,0.03464781,0.009286462,0.010731863,0.029252676,0.33209077,0
1166,0,0.16765249,0,0.16765249,0.0030517578,0.04032305,0.0684662,0.009027477,0.0074048014,0.012444182,0.25572172,0
1167,0,0.045131154,0,0.045131154,0.0015068054,0.019934712,0.02030538,0.0058086636,0.007249452,0.008787598,0.24749334,0
1168,0,0.115658075,1,0.115658075,0.0017642975,0.07016616,0.01490822,0.004439743,0.006466233,0.004452776,0.34009928,0
1169,0,0.23198941,0,0.23198941,0.005302429,0.082866095,0.072882555,0.010581387,0.009747985,0.048396565,0.25990105,0
1170,0,0.25462922,1,0.25462922,0.011444092,0.053791173,0.08678388,0.04796442,0.2836219,0.1697291,0.5302686,0
1171,0,0.03875561,0,0.03875561,0.001821518,0.013402912,0.017367685,0.021786476,0.008246276,0.022175416,0.3369428,0
1172,0,0.008990131,0,0.0036127428,0.0001847744,0.0059453663,0.008990131,0.00044859902,0.005401444,0.0020642008,0.39517787,0
1173,0,0.10566349,0,0.10566349,0.0045204163,0.02264188,0.060951006,0.011099357,0.015429466,0.025242228,0.20785849,0
1174,0,0.050821137,0,0.050821137,0.0017261505,0.02212623,0.018597418,0.00414376,0.00713294,0.015569973,0.2453494,0
1175,0,0.045131154,0,0.045131154,0.001411438,0.018129934,0.01535229,0.0025343532,0.0072365063,0.0070772604,0.33646306,0
1176,0,0.041915078,0,0.041915078,0.0016498566,0.014162917,0.02126184,0.007214582,0.007948523,0.01209032,0.28387952,0
1177,0,0.054531995,0,0.054531995,0.0033569336,0.017807651,0.030639706,0.010655383,0.012492486,0.023590868,0.29580176,0
1178,0,0.036870047,0,0.036870047,0.0016021729,0.0105148945,0.013678487,0.0020441315,0.011327368,0.0069887945,0.31677383,0
1179,0,0.04067813,0,0.04067813,0.0014972687,0.017356457,0.018529098,0.017163984,0.0079873605,0.02960654,0.36843,0
1180,0,0.19409354,0,0.19409354,0.01322045,0.024768941,0.05393682,0.038167715,0.09316374,0.0521067,0.19217475,0
1181,0,0.19789438,0,0.19789438,0.010757446,0.033790905,0.119731516,0.043839492,0.039947584,0.1999485,0.62175775,0
1182,0,0.00998929,0,0.0037698185,0.0002670288,0.006002367,0.00998929,0.0005133453,0.005453227,0.0031995114,0.3266266,0
1183,0,0.112643376,0,0.112643376,0.0014305115,0.06250052,0.015113175,0.004088263,0.0065180166,0.004334822,0.1925916,0
1184,0,0.038519915,0,0.038519915,0.0017929077,0.015720926,0.02795705,0.006363631,0.011172019,0.015805881,0.33644572,0
1185,0,0.17371799,0,0.17371799,0.0032806396,0.075868964,0.041160982,0.008028535,0.0076507707,0.009731233,0.16190308,0
1186,0,0.052183274,0,0.044883765,0.0029754639,0.011920903,0.052183274,0.005771666,0.010913103,0.027129497,0.24304333,0
1187,0,0.063027434,0,0.063027434,0.002708435,0.016784932,0.025907494,0.0061046463,0.010447056,0.019226557,0.26597187,0
1188,0,0.012566062,0,0.012566062,0.00037670135,0.010362893,0.010706633,0.0018221445,0.00553252,0.0032584886,0.5364566,0
1189,0,0.1013248,0,0.1013248,0.0012779236,0.05086332,0.01265371,0.0029413297,0.0059807673,0.0035386302,0.3493912,0
1190,0,0.034748793,0,0.034748793,0.0018692017,0.0113509,0.023584666,0.005956655,0.008052089,0.026421772,0.28991458,0
1191,1,0.32128486,0,0.32128486,0.016771052,0.06337463,0.22653213,0.061130337,0.011922873,0.40438387,0.40492156,1
1192,0,0.04735767,0,0.04735767,0.0016975403,0.017088935,0.016547862,0.011839314,0.0073918556,0.007902941,0.21300356,0
1193,0,0.041172907,0,0.041172907,0.0018024445,0.015644927,0.017982552,0.0058456613,0.00951496,0.009141461,0.37859836,0
1194,0,0.063027434,0,0.063027434,0.0020980835,0.02122384,0.022833163,0.009027477,0.010395273,0.02146769,0.38557315,0
1195,0,0.064458095,0,0.057005897,0.0022602081,0.017549826,0.064458095,0.0025343532,0.007145886,0.034442667,0.39542043,0
1196,0,0.022256956,0,0.022256956,0.001707077,0.009678889,0.018802373,0.005438685,0.009722093,0.018990649,0.237297,0
1197,0,0.010279642,0,0.0046494426,0.00032424927,0.006068867,0.010279642,0.0010683131,0.005428954,0.0035681187,0.6558647,0
1198,0,0.038991302,0,0.038991302,0.0014781952,0.015948927,0.02030538,0.005660672,0.009385503,0.016631562,0.47802955,0
1199,0,0.056016337,0,0.056016337,0.002822876,0.013934915,0.018529098,0.0047727237,0.025789235,0.020877918,0.3616782,0
1200,0,0.04216247,0,0.04216247,0.0014400482,0.011046898,0.014771583,0.030175667,0.006427396,0.007961918,0.13969803,0
1201,0,0.21776234,1,0.21776234,0.0104522705,0.06652143,0.13785136,0.08583717,0.064645745,0.09805249,0.26744223,0
1202,0,0.01822079,0,0.01822079,0.0012779236,0.008747884,0.015864678,0.004180758,0.008039144,0.012149297,0.18232892,0
1203,1,0.10696511,1,0.10696511,0.0048828125,0.030375287,0.062454045,0.010951365,0.010343489,0.029488584,0.46064213,1
1204,0,0.017436003,0,0.013697007,0.0012493134,0.008576883,0.017436003,0.0036997858,0.007624879,0.011146685,0.4096633,0
1205,0,0.016342908,0,0.015519086,0.001039505,0.009906891,0.016342908,0.0035147965,0.0066086366,0.013564749,0.28241128,0
1206,0,0.051810697,0,0.051810697,0.0031661987,0.014884921,0.02795705,0.015455672,0.009411395,0.024534503,0.380938,0
1207,0,0.14256015,0,0.14256015,0.0045776367,0.027347196,0.06395709,0.012842959,0.010783645,0.02394473,0.17621537,0
1208,0,0.11367676,0,0.11367676,0.0030326843,0.046178754,0.03615085,0.050671257,0.0069905366,0.01792906,0.36966166,0
1209,0,0.12867521,0,0.12867521,0.0061035156,0.037395194,0.075792134,0.006474625,0.020436687,0.04132964,0.30972254,0
1210,0,0.03875561,0,0.03875561,0.0017547607,0.015948927,0.019348921,0.015254694,0.0074306927,0.010910776,0.15455626,0
1211,0,0.1013248,0,0.1013248,0.008468628,0.026315894,0.047173142,0.05976611,0.028206514,0.03903289,0.32961726,0
1212,0,0.044883765,0,0.044883765,0.0020503998,0.014162917,0.020032106,0.025806036,0.0074048014,0.010969753,0.22977167,0
1213,0,0.043646812,0,0.043646812,0.0016593933,0.016936934,0.018187506,0.0051797,0.010058682,0.009967142,0.34636244,0
1214,0,0.050326355,0,0.050326355,0.0031280518,0.014960921,0.036401358,0.0061046463,0.01101667,0.046099816,0.37976596,0
1215,0,0.05651112,0,0.05651112,0.0013160706,0.029383656,0.01490822,0.0032373124,0.0059840037,0.0067823743,0.40850458,0
1216,0,0.16331999,0,0.16331999,0.0075531006,0.045593183,0.07740857,0.006030651,0.063352615,0.036565844,0.41385695,0
1217,0,0.36798462,0,0.36043653,0.008468628,0.36798462,0.07934829,0.08170113,0.006699257,0.012149297,0.30883202,0
1218,0,0.08083374,0,0.08083374,0.00289917,0.020579277,0.02836696,0.005401687,0.00948907,0.040446278,0.19984517,0
1219,0,0.16765249,0,0.16765249,0.002632141,0.0806213,0.030639706,0.0075845607,0.007741391,0.014567361,0.27662286,0
1220,0,0.18459146,0,0.18459146,0.0028038025,0.12159709,0.017094411,0.006437627,0.008789998,0.005956694,0.2353454,0
1221,0,0.07291982,0,0.07291982,0.0030708313,0.018129934,0.02973333,0.007991537,0.011120236,0.018872695,0.26710376,0
1222,0,0.11440011,0,0.11440011,0.009460449,0.02982438,0.08678388,0.057492398,0.05171447,0.068883225,0.40413395,0
1223,0,0.015079274,0,0.015079274,0.0012159348,0.008728883,0.014532468,0.00207188,0.0060260775,0.013505772,0.26403695,0
1224,0,0.040430736,0,0.040430736,0.0015068054,0.017872108,0.02023706,0.0053276913,0.0072235605,0.012739069,0.5029561,0
1225,0,0.05750068,0,0.05750068,0.0017547607,0.016708933,0.019075647,0.004384246,0.009981008,0.03184767,0.37833205,0
1226,0,0.063423134,0,0.063423134,0.0011968613,0.017872108,0.013712646,0.04306607,0.0072882893,0.009082484,0.21832947,0
1227,0,0.06817148,0,0.06817148,0.0041770935,0.012338906,0.024267852,0.006770608,0.034422375,0.02229337,0.4565708,0
1228,0,0.15545623,0,0.15545623,0.008468628,0.023866551,0.04065997,0.019977676,0.064969026,0.02771927,0.34427032,0
1229,0,0.045625936,0,0.045625936,0.0031280518,0.013592913,0.02973333,0.005364689,0.011094344,0.03373494,0.40036267,0
1230,0,0.19409354,0,0.19409354,0.007171631,0.02122384,0.10240069,0.008546505,0.02803385,0.30149096,0.5608279,0
1231,1,0.077668175,1,0.077668175,0.0026512146,0.027605021,0.036651865,0.008842488,0.009981008,0.0521067,0.48854056,1
1232,0,0.06817148,0,0.06817148,0.0025177002,0.02122384,0.023584666,0.0050317086,0.009929225,0.019462466,0.44948396,0
1233,0,0.06421452,1,0.06421452,0.0020217896,0.01838776,0.02344803,0.009471451,0.008582866,0.013623727,0.15450692,0
1234,0,0.00902429,0,0.0046494426,0.00030755997,0.0075888764,0.00902429,0.00015608472,0.0053520887,0.0024770412,0.39149135,0
1235,0,0.045625936,0,0.045625936,0.0028419495,0.015340924,0.026454043,0.0050317086,0.00948907,0.031611763,0.55482167,0
1236,0,0.1013248,0,0.1013248,0.0040245056,0.020643732,0.05168226,0.008731495,0.011430934,0.05157668,0.47460106,0
1237,0,0.062236045,0,0.062236045,0.0031852722,0.014808921,0.026044132,0.0048837173,0.012596053,0.03420676,0.32367912,0
1238,0,0.05378982,0,0.05378982,0.0022220612,0.020063626,0.02071529,0.021786476,0.00756015,0.011618502,0.14566985,0
1239,1,0.3389984,1,0.3389984,0.023076924,0.25205973,0.22713706,0.10221587,0.025443908,0.3057736,0.91981745,3
1240,0,0.040183347,0,0.040183347,0.0030136108,0.017743196,0.027683776,0.0091384705,0.009799767,0.020877918,0.27515918,0
1241,0,0.056263726,0,0.056263726,0.0013637543,0.022448512,0.016001316,0.002173624,0.0065180166,0.0067233974,0.157863,0
1242,0,0.08241652,0,0.08241652,0.0017547607,0.019483518,0.014771583,0.055218685,0.007262398,0.01769315,0.30883092,0
1243,0,0.06500591,1,0.06500591,0.0028419495,0.014732921,0.032142747,0.006622616,0.009074804,0.05440345,0.37277496,0
1244,0,0.015393426,0,0.015393426,0.0010967255,0.007873878,0.01490822,0.00414376,0.0074954215,0.014626338,0.54319453,0
1245,0,0.104361884,0,0.104361884,0.006828308,0.024124376,0.052934792,0.014149316,0.04167421,0.025832001,0.40359268,0
1246,1,0.54823303,1,0.54823303,0.16960317,0.1669316,0.47191826,0.062039822,0.042662576,0.61515623,0.9115944,2
1247,0,0.058737632,0,0.058737632,0.0030708313,0.015416925,0.026590679,0.025002124,0.009981008,0.021703599,0.3103815,0
1248,1,0.42167732,0,0.39669925,0.014253352,0.42167732,0.17287734,0.047190998,0.008168601,0.026185863,0.29116282,0
1249,0,0.21642438,0,0.21642438,0.005836487,0.097093195,0.07870171,0.011987305,0.009204263,0.024534503,0.22119182,0
1250,0,0.04760506,0,0.04760506,0.0024986267,0.011046898,0.019075647,0.003089321,0.013372798,0.033263125,0.30077493,0
1251,0,0.200795,0,0.200795,0.011978149,0.025542418,0.08581402,0.018269362,0.051067904,0.19460489,0.3139099,0
1252,0,0.054779384,0,0.054779384,0.0016784668,0.014732921,0.016957775,0.009545447,0.011819307,0.011382594,0.1910052,0
1253,0,0.043399423,0,0.043399423,0.0018596649,0.011654901,0.022013342,0.007029593,0.00789674,0.02937063,0.33234072,0
1254,0,0.1013248,0,0.1013248,0.0032615662,0.030595649,0.017436003,0.060220852,0.008867673,0.024534503,0.32527298,0
1255,0,0.00993805,0,0.0027802412,0.00017642975,0.0055843643,0.00993805,0.00038385278,0.005363416,0.002875137,0.4773991,0
1256,0,0.11098998,0,0.11098998,0.004386902,0.025800243,0.038655918,0.024198212,0.013476364,0.028780859,0.3853236,0
1257,0,0.04735767,0,0.04735767,0.001745224,0.020837102,0.01982715,0.0057346676,0.0082074385,0.010262027,0.40115288,0
1258,0,0.010245483,0,0.0027017032,0.00028133392,0.0055416143,0.010245483,0.0005665297,0.00553252,0.0040399362,0.65957767,0
1259,0,0.1104733,0,0.1104733,0.0037384033,0.030926194,0.026590679,0.00569767,0.011430934,0.029016767,0.30037698,0
1260,0,0.041915078,0,0.041915078,0.0016593933,0.014352918,0.016411226,0.00414376,0.009281937,0.020642009,0.36247075,0
1261,0,0.08795626,1,0.08795626,0.0040245056,0.019032324,0.036651865,0.013847848,0.013113883,0.047866546,0.42693326,0
1262,0,0.038991302,0,0.038991302,0.0023078918,0.011046898,0.019758832,0.0037182847,0.011249693,0.020759964,0.22723502,0
1263,0,0.09741997,0,0.09741997,0.0035476685,0.025284592,0.05393682,0.0065486208,0.009877442,0.02771927,0.32812205,0
1264,0,0.11109332,0,0.11109332,0.002117157,0.06302499,0.013712646,0.0063266335,0.006440342,0.0046002194,0.3535724,0
1265,0,0.10783285,0,0.10783285,0.0074768066,0.026058068,0.069969244,0.012240025,0.03235042,0.05246005,0.56373537,0
1266,0,0.15600902,0,0.15600902,0.0020217896,0.07365121,0.03489832,0.0073625734,0.0064727063,0.009849187,0.2887104,0
1267,0,0.059479803,0,0.059479803,0.002670288,0.018452216,0.026317406,0.0043102503,0.012803185,0.008610667,0.4169421,0
1268,0,0.06263174,0,0.06263174,0.0037956238,0.015644927,0.032142747,0.006955597,0.019055385,0.032555398,0.3483519,0
1269,0,0.014702292,0,0.014702292,0.0008201599,0.008044879,0.012380436,0.00258985,0.0073918556,0.008610667,0.41088095,0
1270,0,0.009647697,0,0.0021833533,0.00023961067,0.005323113,0.009647697,0.00045553612,0.0054629366,0.0040104473,0.2470729,0
1271,0,0.044141594,0,0.044141594,0.001206398,0.017872108,0.014839902,0.0021643746,0.006861079,0.0065759546,0.32776627,0
1272,0,0.041172907,0,0.041172907,0.002040863,0.0113509,0.019348921,0.003607291,0.01101667,0.01332884,0.30375317,0
1273,0,0.20172562,1,0.20172562,0.015996376,0.076185785,0.13432594,0.048995655,0.04098356,0.0706691,0.36585152,0
1274,1,0.49389273,0,0.45751464,0.022710243,0.49389273,0.29168049,0.1064171,0.009204263,0.05422678,0.9076167,0
1275,0,0.29771072,0,0.29771072,0.01502803,0.23237456,0.21456863,0.043839492,0.009281937,0.065887205,0.36223188,0
1276,0,0.16331999,0,0.16331999,0.0051879883,0.030926194,0.029460056,0.13591312,0.009359611,0.020288147,0.3305651,0
1277,0,0.085582085,0,0.085582085,0.0025367737,0.021675033,0.0147374235,0.0037922803,0.02613456,0.0053669224,0.36673722,0
1278,0,0.0414203,0,0.0414203,0.0024414063,0.012148905,0.01887069,0.0058086636,0.009903334,0.017811105,0.23695734,0
1279,0,0.05131592,0,0.05131592,0.0032997131,0.017936565,0.029460056,0.011543332,0.008867673,0.019226557,0.19935629,0
1280,0,0.040183347,0,0.040183347,0.0017261505,0.013668913,0.018187506,0.005956655,0.008789998,0.016631562,0.34969714,0
1281,0,0.20335422,0,0.20335422,0.0050354004,0.13064787,0.024951037,0.044612918,0.00713294,0.008669644,0.24532898,0
1282,1,0.4269174,1,0.4269174,0.023364257,0.36021477,0.29279903,0.07012023,0.0130621,0.08793254,0.49284622,0
1283,0,0.050326355,0,0.050326355,0.002708435,0.014808921,0.027820412,0.009175468,0.01101667,0.020524055,0.257775,0
1284,0,0.040925518,0,0.040925518,0.0016117096,0.015188923,0.018529098,0.004069764,0.0069646453,0.016159745,0.21535128,0
1285,1,0.56269526,1,0.56269526,0.02453801,0.1640896,0.41503602,0.034042787,0.012958534,0.6643548,0.6705191,0
1286,0,0.04711028,0,0.04711028,0.0032615662,0.014884921,0.043165036,0.006437627,0.009385503,0.055286817,0.470148,0
1287,0,0.10045706,0,0.10045706,0.0033569336,0.025026767,0.02795705,0.0074365693,0.013476364,0.040446278,0.28026003,0
1288,0,0.037577134,0,0.037577134,0.0035095215,0.012680908,0.024472807,0.0045692353,0.010265815,0.049986623,0.868636,0
1289,0,0.03781283,0,0.03781283,0.0016880035,0.01309891,0.019622196,0.003607291,0.0078449575,0.013210886,0.25577128,0
1290,1,0.4269174,0,0.4269174,0.016641939,0.026702631,0.38063943,0.0052906936,0.006466233,0.6358031,0.8686024,0
1291,0,0.022610499,0,0.022610499,0.0013160706,0.009488888,0.01442999,0.008028535,0.007922632,0.012031343,0.30114004,0
1292,0,0.06896287,0,0.06896287,0.0030708313,0.017936565,0.015079016,0.0049577127,0.04098356,0.006340046,0.34344298,0
1293,0,0.10566349,0,0.10566349,0.005722046,0.017088935,0.027547138,0.00847251,0.085497424,0.020052237,0.25047657,0
1294,0,0.10956833,0,0.10956833,0.003604889,0.014352918,0.039407436,0.0047727237,0.02803385,0.08793254,0.62479573,0
1295,0,0.30319387,0,0.30319387,0.022064678,0.20434737,0.21673056,0.09245483,0.09009721,0.06518051,0.36617765,0
1296,0,0.17891699,0,0.17891699,0.0029754639,0.07967083,0.016889455,0.0376521,0.006647474,0.007726009,0.22254354,0
1297,0,0.15490346,0,0.15490346,0.0077438354,0.024511116,0.08355101,0.011691323,0.079364374,0.1342873,0.5170238,0
1298,0,0.112333365,0,0.112333365,0.0034332275,0.03489272,0.039407436,0.009989422,0.009100696,0.036329936,0.49524906,0
1299,0,0.103060275,0,0.103060275,0.0026512146,0.030154925,0.023789622,0.004920715,0.009437286,0.0150981555,0.36696893,0
1300,0,0.05131592,0,0.05131592,0.00096321106,0.025413504,0.01265371,0.0018591423,0.0063950317,0.0036565845,0.3903114,0
1301,1,0.03015274,0,0.03015274,0.0031661987,0.011084898,0.029888187,0.005512681,0.010058682,0.045216452,0.4277419,1
1302,0,0.10913446,0,0.10913446,0.002708435,0.031697463,0.024609445,0.022188433,0.009230154,0.017575197,0.27508605,0
1303,0,0.038991302,0,0.038991302,0.00166893,0.017088935,0.017914234,0.010433395,0.006835188,0.012326228,0.453211,0
1304,0,0.12867521,0,0.12867521,0.0063705444,0.02373764,0.059447967,0.013043936,0.02803385,0.05988032,0.2820966,0
1305,0,0.10566349,0,0.10566349,0.0061035156,0.019870255,0.064458095,0.011025362,0.04686524,0.04115297,0.3764783,0
1306,0,0.00950252,0,0.0018456402,0.00016450882,0.005182987,0.00950252,0.0002925143,0.0053569432,0.003081557,0.4007941,0
1307,0,0.1460314,0,0.1460314,0.0034332275,0.04383647,0.021398475,0.029402243,0.010058682,0.008669644,0.24451381,0
1308,0,0.04785245,0,0.04785245,0.0012683868,0.01640493,0.0118338885,0.028886627,0.006757513,0.004806639,0.2961724,0
1309,0,0.054037213,0,0.054037213,0.0018310547,0.02173949,0.021056883,0.0054756827,0.0072753434,0.009082484,0.21999782,0
1310,0,0.16331999,1,0.16331999,0.005607605,0.06634661,0.0569429,0.018972786,0.01698343,0.024652457,0.36568066,0
1311,0,0.040430736,0,0.040430736,0.0023937225,0.010020891,0.018665737,0.0073625734,0.018710058,0.016159745,0.33638236,0
1312,0,0.04067813,0,0.04067813,0.0018310547,0.014884921,0.020168742,0.006955597,0.008375733,0.025832001,0.5502496,0
1313,0,0.07450261,0,0.07450261,0.0020599365,0.01838776,0.020100424,0.04151922,0.006835188,0.031375855,0.2954099,0
1314,0,0.08320791,0,0.08320791,0.0027656555,0.026058068,0.026317406,0.0048837173,0.007974415,0.013151909,0.21105535,0
1315,0,0.39231625,0,0.39231625,0.023076924,0.29855028,0.36452284,0.031980325,0.020609349,0.09745719,0.33261734,0
1316,0,0.102626406,0,0.102626406,0.004386902,0.028942931,0.025907494,0.038683333,0.017674083,0.01250316,0.31618813,0
1317,0,0.027088705,0,0.027088705,0.0018405914,0.011122898,0.022423252,0.005956655,0.0077025536,0.02500632,0.20149277,0
1318,0,0.011628932,0,0.009424546,0.000667572,0.007341875,0.011628932,0.002090379,0.006375613,0.0062810685,0.2955118,0
1319,0,0.103494145,0,0.103494145,0.0022697449,0.033680726,0.019212283,0.007214582,0.007935578,0.006310557,0.19850552,0
1320,0,0.031684756,0,0.031684756,0.0018119812,0.013174911,0.020168742,0.004439743,0.008013252,0.012857023,0.21113186,0
1321,0,0.083999306,0,0.083999306,0.001206398,0.029163294,0.015420608,0.0030153254,0.0062979385,0.0069298176,0.20021771,0
1322,1,0.25462922,1,0.25462922,0.01159668,0.06687108,0.117874645,0.04796442,0.019573374,0.35025364,0.38305232,1
1323,0,0.009212166,0,0.0026859958,0.00022292137,0.005522614,0.009212166,0.0005480308,0.00538688,0.0032437444,0.25822476,0
1324,0,0.15269235,0,0.15269235,0.003566742,0.039737478,0.052183274,0.020781586,0.0101363575,0.014567361,0.184846,0
1325,0,0.051563308,0,0.051563308,0.0011205673,0.024124376,0.01490822,0.0029043318,0.0066927844,0.008256803,0.2838705,0
1326,0,0.05255287,0,0.05255287,0.0024795532,0.012338906,0.019622196,0.0043657473,0.016120117,0.009731233,0.20536794,0
1327,0,0.1140901,0,0.1140901,0.0059890747,0.02982438,0.10611444,0.0038477771,0.009696201,0.021585643,0.4023751,0
1328,0,0.200795,0,0.200795,0.0052261353,0.09416737,0.029050145,0.013847848,0.01238892,0.025832001,0.57285947,0
1329,0,0.10653123,0,0.10653123,0.0025749207,0.036104713,0.023106437,0.0063266335,0.0069387536,0.012385205,0.29563487,0
1330,0,0.102626406,1,0.102626406,0.003414154,0.035553806,0.029186781,0.015757138,0.011793415,0.01875474,0.35695753,0
1331,0,0.049089402,0,0.049089402,0.0026512146,0.0142009165,0.020646973,0.0041992567,0.023889944,0.024652457,0.47566488,0
1332,0,0.25462922,1,0.25462922,0.010299683,0.076819435,0.12158839,0.018269362,0.010576514,0.23102717,0.9015204,0
1333,0,0.11067997,0,0.11067997,0.006828308,0.016024929,0.048175167,0.011099357,0.028897164,0.08733725,0.49608558,0
1334,0,0.15048122,0,0.15048122,0.0041389465,0.033019636,0.021330157,0.08087392,0.010343489,0.007902941,0.23588409,0
1335,0,0.038519915,0,0.038519915,0.0023174286,0.013402912,0.019280603,0.0066596144,0.010214032,0.025242228,0.32282877,0
1336,0,0.037105743,0,0.037105743,0.0025939941,0.015948927,0.028230323,0.005401687,0.008686432,0.026539726,0.26001373,0
1337,0,0.08953904,0,0.08953904,0.0059127808,0.02122384,0.06195303,0.029402243,0.028897164,0.06482717,0.38017204,0
1338,0,0.15269235,0,0.15269235,0.003528595,0.045007613,0.046922635,0.009767435,0.0077154995,0.04344972,0.20756039,0
1339,1,0.53014356,0,0.49139655,0.023076924,0.53014356,0.29279903,0.039972372,0.008582866,0.061293703,0.18157563,0
1340,0,0.0665887,0,0.0665887,0.0014305115,0.02373764,0.01982715,0.0037182847,0.007327127,0.0143904295,0.29454574,0
1341,1,0.6649212,1,0.6289369,0.16960317,0.47384647,0.29209393,0.6649212,0.009230154,0.038453113,0.30868784,0
1342,0,0.13214645,0,0.13214645,0.006904602,0.03566399,0.07870171,0.059311368,0.00948907,0.044863105,0.34582475,0
1343,0,0.15269235,0,0.15269235,0.014188796,0.035333443,0.110447146,0.031464707,0.026997874,0.09150428,0.3637075,0
1344,0,0.049831573,0,0.049831573,0.0021743774,0.018645585,0.02522431,0.0058456613,0.0097738765,0.024652457,0.3108746,0
1345,0,0.09394901,0,0.09394901,0.0035095215,0.030154925,0.025634222,0.018269362,0.012285355,0.013800657,0.33557048,0
1346,0,0.009451281,0,0.002748826,0.0002169609,0.005365863,0.009451281,0.00043703718,0.0054985373,0.0050130594,0.41832504,0
1347,1,0.37576625,1,0.37576625,0.01735206,0.036809623,0.26645362,0.014149316,0.013424582,0.4382661,0.84875846,1
1348,0,0.050326355,0,0.050326355,0.0029182434,0.022384055,0.027547138,0.009471451,0.008531082,0.023354959,0.24386193,0
1349,0,0.010143006,0,0.008670582,0.0005841255,0.009944891,0.010143006,0.001812895,0.0053399517,0.0037155617,0.19647017,0
1350,0,0.017718147,0,0.017718147,0.0005173683,0.012794908,0.00998929,0.0009711938,0.0055648843,0.00312579,0.42109212,0
1351,0,0.37340668,1,0.37340668,0.013866014,0.16266862,0.20375896,0.018470341,0.009463178,0.4382661,0.5240971,0
1352,0,0.36095104,0,0.36095104,0.010147095,0.3416952,0.05543986,0.010951365,0.0086087575,0.016749516,0.2663855,0
1353,0,0.09438288,0,0.09438288,0.0063705444,0.023608726,0.06546012,0.010655383,0.019746035,0.05988032,0.4498594,0
1354,0,0.03781283,0,0.03781283,0.0021076202,0.012794908,0.020442016,0.0071035884,0.009385503,0.016277699,0.31549776,0
1355,0,0.044883765,0,0.044883765,0.0015163422,0.023093075,0.0166845,0.0058826595,0.0074306927,0.00937737,0.463925,0
1356,0,0.112746716,0,0.112746716,0.0032234192,0.033680726,0.040910475,0.014551271,0.008155655,0.079598464,0.30619162,0
1357,0,0.009784333,0,0.0036127428,0.0005054474,0.0058361157,0.009784333,0.00052953186,0.0055875396,0.0053669224,0.33079213,0
1358,0,0.20572066,0,0.20572066,0.015609037,0.06634661,0.1413768,0.04925346,0.030278467,0.124132246,0.546608,0
1359,0,0.04315203,0,0.04315203,0.0020885468,0.012034904,0.023174755,0.005401687,0.009178371,0.038679544,0.23765756,0
1360,0,0.07054565,0,0.07054565,0.0037765503,0.022964163,0.025634222,0.009286462,0.013579931,0.023354959,0.43462184,0
1361,0,0.08716487,0,0.08716487,0.0040245056,0.030485468,0.030138692,0.006992595,0.012647836,0.038453113,0.61916715,0
1362,0,0.012141321,0,0.005089255,0.0004863739,0.0059548668,0.012141321,0.0010729379,0.005780108,0.0065759546,0.512393,0
1363,0,0.06896287,0,0.06896287,0.003967285,0.019032324,0.02973333,0.0064006294,0.016810767,0.022411324,0.32093993,0
1364,0,0.03875561,0,0.03875561,0.0016593933,0.01625293,0.016547862,0.0058826595,0.0069387536,0.0075490777,0.1658327,0
1365,1,0.36095104,1,0.36095104,0.019095084,0.034011267,0.16775991,0.02037963,0.16699752,0.4138546,0.45994362,1
1366,0,0.26293078,1,0.26293078,0.019998873,0.019741343,0.060951006,0.019374741,0.34804323,0.020759964,0.2508598,0
1367,0,0.12867521,0,0.12867521,0.007133484,0.029604018,0.096482486,0.011839314,0.044278983,0.18052423,0.63031185,0
1368,0,0.077668175,0,0.077668175,0.0025177002,0.023479814,0.02303812,0.006955597,0.0116639575,0.014154521,0.34117815,0
1369,0,0.1182615,0,0.1182615,0.0047302246,0.034562174,0.077731855,0.007917541,0.008556974,0.052990068,0.21866561,0
1370,0,0.04735767,0,0.04735767,0.0027656555,0.014276917,0.02392626,0.007214582,0.011146127,0.023472913,0.6783576,0
1371,0,0.049336795,0,0.049336795,0.003566742,0.01648093,0.028230323,0.00569767,0.011689849,0.03562221,0.1532521,0
1372,0,0.06817148,0,0.06817148,0.002861023,0.015416925,0.021125201,0.018671319,0.007521313,0.0122672515,0.2860162,0
1373,0,0.06025757,0,0.06025757,0.0029754639,0.01632893,0.02071529,0.008842488,0.013424582,0.02205746,0.32203194,0
1374,0,0.054779384,0,0.054779384,0.0019550323,0.022512967,0.021125201,0.0062526376,0.007741391,0.009259416,0.1994702,0
1375,0,0.077668175,0,0.077668175,0.0037765503,0.026444806,0.030389199,0.006474625,0.015947454,0.024416547,0.5829124,0
1376,0,0.05230548,0,0.05230548,0.002708435,0.016860934,0.031641733,0.007991537,0.009256045,0.025478138,0.19656722,0
1377,0,0.022610499,0,0.022610499,0.0017547607,0.008310881,0.021330157,0.0049577127,0.008349842,0.021703599,0.31132597,0
1378,0,0.11067997,1,0.11067997,0.0036239624,0.034341812,0.03765389,0.0076585566,0.013010317,0.019344512,0.42462096,0
1379,0,0.112850055,0,0.112850055,0.0051116943,0.019741343,0.06946823,0.00899048,0.038911607,0.03609403,0.27340508,0
1380,0,0.009681856,0,0.0023875516,0.00023841858,0.0052684876,0.009681856,0.000423163,0.0054321904,0.0050130594,0.24418567,0
1381,0,0.09958932,0,0.09958932,0.004196167,0.025155678,0.030639706,0.02721288,0.017674083,0.026185863,0.3199403,0
1382,0,0.037105743,0,0.037105743,0.0010871887,0.018258847,0.014874061,0.0037182847,0.007029374,0.006752886,0.1785957,0
1383,0,0.05280026,0,0.05280026,0.0026130676,0.017088935,0.023721304,0.017967897,0.00967031,0.024534503,0.3326562,0
1384,1,0.39021665,1,0.39021665,0.023076924,0.3470427,0.29209393,0.036105253,0.06432246,0.38704032,0.53116465,2
1385,0,0.11192002,0,0.11192002,0.0077056885,0.031917825,0.06495911,0.014149316,0.033386398,0.08793254,0.56948024,0
1386,1,0.1373533,1,0.1373533,0.0077438354,0.042665333,0.09389619,0.022992345,0.013476364,0.052283376,0.59371257,1
1387,0,0.24763705,0,0.24763705,0.009841919,0.056133457,0.16264248,0.016259583,0.013631714,0.04062295,0.2393168,0
1388,0,0.06500591,0,0.06500591,0.001821518,0.02173949,0.015249812,0.002885833,0.008815889,0.008020895,0.24286002,0
1389,0,0.056263726,0,0.056263726,0.0023555756,0.018129934,0.020100424,0.031722516,0.008116818,0.013977589,0.32507512,0
1390,0,0.044141594,0,0.044141594,0.0026893616,0.014580919,0.022013342,0.015254694,0.008815889,0.017457243,0.30717933,0
1391,0,0.014225035,0,0.013005874,0.00088214874,0.007930879,0.014225035,0.0029598286,0.0068999166,0.009259416,0.20797373,0
1392,0,0.055521555,0,0.055521555,0.0015068054,0.021159383,0.01620627,0.012340514,0.0063367756,0.009318393,0.19804354,0
1393,0,0.09785384,0,0.09785384,0.005569458,0.018838953,0.03464781,0.007288578,0.029933142,0.032791305,0.31621075,0
1394,0,0.09611836,0,0.09611836,0.0031852722,0.018838953,0.023789622,0.0047727237,0.014911477,0.015334064,0.22384521,0
1395,0,0.10045706,0,0.10045706,0.0032043457,0.025284592,0.028640235,0.0063266335,0.010110466,0.029960401,0.45114425,0
1396,0,0.05230548,0,0.05230548,0.0022888184,0.014884921,0.023379711,0.0061046463,0.0091524795,0.020642009,0.1840859,0
1397,0,0.010330882,0,0.0028116563,0.00028014183,0.0052399873,0.010330882,0.000656712,0.005618286,0.005248968,0.32662228,0
1398,0,0.06263174,1,0.06263174,0.00207901,0.021094928,0.020988565,0.012541492,0.008246276,0.013859635,0.15020725,0
1399,0,0.11388343,0,0.11388343,0.0066375732,0.026831545,0.06796519,0.01374736,0.013528148,0.11174418,0.4360952,0
1400,0,0.32919475,1,0.32919475,0.023076924,0.029934563,0.09486605,0.029144434,0.44753164,0.027247453,0.39171293,0
1401,0,0.06184035,0,0.06184035,0.0032615662,0.020901557,0.025087673,0.006289636,0.013702838,0.020288147,0.50148416,0
1402,1,0.7105462,0,0.7105462,0.16960317,0.26957804,0.6321197,0.23011416,0.011819307,0.79642516,0.4709211,1
1403,0,0.045625936,0,0.045625936,0.0023841858,0.012338906,0.020783609,0.005771666,0.01086132,0.026303818,0.3830424,0
1404,0,0.014450971,0,0.014450971,0.00049352646,0.013782915,0.009143848,0.0012116798,0.005324579,0.003081557,0.27871358,0
1405,0,0.102192536,0,0.102192536,0.0026893616,0.022448512,0.03690237,0.006511623,0.009851551,0.04009293,0.2877526,0
1406,0,0.010587076,0,0.005277746,0.0002837181,0.006781372,0.010587076,0.00071220874,0.0054483726,0.004334822,0.5290639,0
1407,0,0.08004235,1,0.08004235,0.0020694733,0.025413504,0.019143965,0.004125261,0.0091524795,0.010733845,0.206313,0
1408,0,0.050573748,0,0.050573748,0.001001358,0.020192537,0.012107162,0.0021643746,0.00866054,0.005602831,0.31585288,0
1409,0,0.14429577,0,0.14429577,0.0030517578,0.05086332,0.042413518,0.023595277,0.00951496,0.021703599,0.45137188,0
1410,0,0.28548008,0,0.28548008,0.016319158,0.06794841,0.10611444,0.011247349,0.32350776,0.040976297,0.62990093,0
1411,0,0.1893425,0,0.1893425,0.007286072,0.070482984,0.072882555,0.17381613,0.011482717,0.07543143,0.86682385,0
1412,0,0.09308127,0,0.09308127,0.0022220612,0.032909457,0.021330157,0.0076955543,0.006576272,0.011382594,0.35389665,0
1413,0,0.04735767,0,0.04735767,0.0023555756,0.010096892,0.023652986,0.004643231,0.016120117,0.019226557,0.24756747,0
1414,0,0.019100413,0,0.019100413,0.0011777878,0.008538882,0.015967157,0.0035147965,0.0076766624,0.012031343,0.21396668,0
1415,0,0.01426248,0,0.01426248,0.0010967255,0.0072658747,0.013883443,0.003348306,0.0082074385,0.009849187,0.36484376,0
1416,0,0.017231047,0,0.01633588,0.0016784668,0.0086718835,0.017231047,0.004606233,0.00899713,0.014685315,0.23926112,0
1417,0,0.02072494,0,0.02072494,0.0007581711,0.0105148945,0.01261955,0.002885833,0.0062008454,0.006222091,0.34638828,0
1418,0,0.029799197,0,0.029799197,0.0021648407,0.0103248935,0.01941724,0.0060676485,0.009281937,0.019462466,0.34617132,0
1419,0,0.015113175,0,0.013445686,0.0012493134,0.0075508766,0.015113175,0.0032558115,0.0076766624,0.0136827035,0.2129837,0
1420,0,0.027324399,0,0.027324399,0.0016403198,0.0116169015,0.021808386,0.0035887922,0.007922632,0.01209032,0.3031462,0
1421,0,0.023317585,0,0.023317585,0.002040863,0.010020891,0.02167175,0.0047727237,0.009877442,0.021821553,0.34682524,0
1422,0,0.032391842,0,0.032391842,0.001821518,0.009564889,0.018529098,0.005512681,0.008919456,0.012208274,0.19454339,0
1423,0,0.028502874,0,0.028502874,0.0015735626,0.010476895,0.014805742,0.0056236745,0.0089712385,0.023354959,0.300843,0
1424,0,0.019351736,0,0.019351736,0.0012874603,0.008557882,0.015113175,0.0043657473,0.008505191,0.010026119,0.22472627,0
1425,0,0.014702292,0,0.014702292,0.0012302399,0.0075698765,0.014464149,0.0038107792,0.008220384,0.011913388,0.34277037,0
1426,0,0.017845914,0,0.01426248,0.0016403198,0.008519882,0.017845914,0.00414376,0.008155655,0.014567361,0.42426658,0
1427,0,0.013780965,0,0.013257195,0.0010061264,0.007892879,0.013780965,0.0032558115,0.0072365063,0.009023507,0.31233498,0
1428,0,0.027442247,0,0.027442247,0.0010538101,0.013820915,0.012517073,0.0024788564,0.006686311,0.0068413517,0.2659883,0
1429,0,0.017089844,0,0.017089844,0.0011539459,0.00815888,0.015659723,0.0040512653,0.008738215,0.011795434,0.16342175,0
1430,0,0.021785567,0,0.021785567,0.00096797943,0.012566907,0.011628932,0.0031263188,0.006848133,0.007018283,0.33129168,0
1431,0,0.032391842,0,0.032391842,0.000910759,0.018129934,0.014122557,0.0020441315,0.006543908,0.0054848767,0.24033077,0
1432,0,0.019351736,0,0.019351736,0.0010204315,0.008709883,0.01309778,0.003921773,0.0073789097,0.007667032,0.17932773,0
1433,0,0.015707577,0,0.015707577,0.00091552734,0.008538882,0.014122557,0.0032558115,0.007068211,0.008315781,0.1743042,0
1434,0,0.015204934,0,0.015204934,0.0009536743,0.008272881,0.013234417,0.0030153254,0.0071070488,0.013092931,0.34658006,0
1435,0,0.017718147,0,0.017718147,0.0014400482,0.007930879,0.017231047,0.0036812867,0.008453408,0.015334064,0.46744585,0
1436,0,0.031213367,0,0.031213367,0.0019073486,0.011996903,0.01941724,0.009064475,0.010239923,0.018164968,0.4249846,0
1437,0,0.018723432,0,0.018723432,0.0012969971,0.010210892,0.014156717,0.0037922803,0.0077672824,0.012739069,0.34090978,0
1438,0,0.013405213,0,0.013257195,0.0010871887,0.0072658747,0.013405213,0.0029598286,0.007922632,0.0129749775,0.19102113,0
1439,0,0.017969469,0,0.017969469,0.0013256073,0.008633883,0.015591404,0.004236255,0.007857903,0.015216109,0.22633311,0
1440,0,0.019226074,0,0.019226074,0.0012493134,0.0081208795,0.017231047,0.004920715,0.008531082,0.0129749775,0.29840216,0
1441,0,0.0154562555,0,0.0154562555,0.00074386597,0.008006879,0.0108774295,0.001812895,0.007301235,0.004482265,0.2511804,0
1442,0,0.020100424,0,0.017969469,0.0018501282,0.00983089,0.020100424,0.004680229,0.008789998,0.016631562,0.38722393,0
1443,0,0.011680172,0,0.007351146,0.000705719,0.0068573724,0.011680172,0.00258985,0.006912862,0.0077849864,0.27553877,0
1444,0,0.009237786,0,0.003188638,0.0002861023,0.0055083637,0.009237786,0.0016834025,0.0059904763,0.005691297,0.28424677,0
1445,0,0.03357032,0,0.03357032,0.0024032593,0.011122898,0.02836696,0.0050317086,0.008919456,0.025478138,0.28449225,0
1446,0,0.011765569,0,0.010869644,0.0006055832,0.0069808727,0.011765569,0.001415168,0.006317357,0.007401635,0.32455054,0
1447,0,0.026145924,0,0.026145924,0.00207901,0.011274899,0.019963788,0.0040142676,0.009359611,0.015805881,0.2900704,0
1448,0,0.03192045,0,0.03192045,0.0016498566,0.010780896,0.015864678,0.01756594,0.007754337,0.0071952147,0.15840904,0
1449,0,0.013822667,0,0.013822667,0.0011539459,0.0068003717,0.011509376,0.0024418586,0.00746953,0.0050720368,0.24557674,0
1450,0,0.0166845,0,0.015519086,0.001411438,0.0077408776,0.0166845,0.0047172266,0.008764107,0.015805881,0.25350007,0
1451,0,0.029917045,0,0.029917045,0.0017166138,0.010476895,0.018324144,0.003348306,0.007637825,0.019226557,0.2584817,0
1452,0,0.03192045,0,0.03192045,0.0019168854,0.0096028885,0.01846078,0.0054756827,0.01119791,0.015452018,0.37076953,0
1453,0,0.024967449,0,0.024967449,0.0015640259,0.013630914,0.016889455,0.0034223017,0.0071588317,0.0087286215,0.3964949,0
1454,0,0.021785567,0,0.021785567,0.00072956085,0.012148905,0.010672474,0.001812895,0.006440342,0.005042548,0.28309777,0
1455,0,0.034984488,0,0.034984488,0.0016784668,0.0114269,0.018597418,0.0075105648,0.009359611,0.014744292,0.28801787,0
1456,0,0.017592486,0,0.017592486,0.0009918213,0.009279887,0.014225035,0.00310782,0.007353018,0.008020895,0.22286901,0
1457,0,0.02107848,0,0.02107848,0.0015544891,0.011084898,0.018119188,0.0043657473,0.007935578,0.011441571,0.21423103,0
1458,0,0.02048268,0,0.02048268,0.0014972687,0.008975885,0.0157622,0.003884775,0.0079873605,0.01604179,0.2314635,0
1459,0,0.01633588,0,0.01633588,0.0012683868,0.007816878,0.01579636,0.0035517942,0.008272167,0.014508383,0.3545396,0
1460,0,0.028620722,0,0.028620722,0.0017929077,0.011920903,0.018392462,0.004162259,0.0071588317,0.01769315,0.23003134,0
1461,0,0.018723432,0,0.018723432,0.0016498566,0.009545889,0.017777596,0.0064006294,0.008764107,0.015687928,0.2164146,0
1462,0,0.019351736,0,0.019351736,0.0015830994,0.008576883,0.017436003,0.0035887922,0.008401625,0.01686747,0.4159389,0
1463,0,0.031449065,0,0.031449065,0.0012588501,0.013478912,0.013576009,0.0065856185,0.00704232,0.0075490777,0.26405755,0
1464,0,0.014361672,0,0.011120965,0.0011110306,0.007189874,0.014361672,0.0032743104,0.007547205,0.0122672515,0.3525988,0
1465,0,0.022256956,0,0.022256956,0.0018119812,0.009051885,0.017777596,0.008953481,0.00948907,0.016159745,0.4056172,0
1466,0,0.01128734,0,0.009424546,0.00084400177,0.00654387,0.01128734,0.0018868907,0.007094103,0.006516977,0.32180816,0
1467,0,0.014122557,0,0.011749268,0.0010871887,0.0072848746,0.014122557,0.0045322375,0.007741391,0.0115595255,0.27964044,0
1468,0,0.022610499,0,0.022610499,0.0010585785,0.010248893,0.013268576,0.0027378413,0.0076119336,0.0076080547,0.21040492,0
1469,0,0.0137598375,0,0.0137598375,0.0009441376,0.007132874,0.012414595,0.0037182847,0.007534259,0.010026119,0.15174332,0
1470,0,0.01309778,0,0.011874928,0.00084877014,0.008291881,0.01309778,0.0015909078,0.0064015044,0.006399023,0.30633074,0
1471,0,0.016821137,0,0.013948329,0.001373291,0.0086718835,0.016821137,0.0032558115,0.0074306927,0.011677479,0.45821664,0
1472,0,0.021549871,0,0.021549871,0.0012111664,0.011160898,0.014498309,0.0027563404,0.007327127,0.0077849864,0.31697917,0
1473,0,0.012141321,0,0.011937759,0.00092983246,0.007170874,0.012141321,0.0032743104,0.007547205,0.007726009,0.23243043,0
1474,0,0.009681856,0,0.007853788,0.0004720688,0.0065533705,0.009681856,0.0034962974,0.0060713873,0.0041578906,0.2611593,0
1475,0,0.033334624,0,0.033334624,0.0015354156,0.013326911,0.015693882,0.003348306,0.008919456,0.010556913,0.19089647,0
1476,0,0.028856417,0,0.028856417,0.0019931793,0.013820915,0.022969801,0.0050687063,0.009100696,0.015923835,0.37702495,0
1477,0,0.018974753,0,0.018974753,0.0016212463,0.008424882,0.017504321,0.0038477771,0.0086087575,0.01710338,0.26672915,0
1478,0,0.0118680475,0,0.010492661,0.0008773804,0.0072278744,0.0118680475,0.0027193425,0.0069905366,0.0076080547,0.4589504,0
1479,0,0.011765569,0,0.009990019,0.00081062317,0.0063918694,0.011765569,0.00258985,0.007197669,0.0070772604,0.2925683,0
1480,0,0.025674535,0,0.025674535,0.0014591217,0.0086718835,0.017504321,0.0045322375,0.0074436385,0.011146685,0.1744384,0
1481,0,0.014702292,0,0.014702292,0.0009727478,0.007797878,0.013917602,0.0029228306,0.0070034824,0.0075490777,0.16043541,0
1482,0,0.014011159,0,0.014011159,0.0010490417,0.0076268767,0.0137468055,0.0031263188,0.008039144,0.009613278,0.29705665,0
1483,0,0.015010698,0,0.01225191,0.0011348724,0.007797878,0.015010698,0.0023586133,0.0074048014,0.009554301,0.2531789,0
1484,0,0.018119188,0,0.017718147,0.0014972687,0.008272881,0.018119188,0.0040327664,0.008285114,0.017575197,0.37588614,0
1485,0,0.01237757,0,0.01237757,0.00088214874,0.007911879,0.012312118,0.0032373124,0.006492125,0.0069298176,0.1689526,0
1486,0,0.027324399,0,0.027324399,0.0014019012,0.0096028885,0.016411226,0.0047357255,0.007935578,0.023472913,0.4288463,0
1487,0,0.012000589,0,0.012000589,0.00044584274,0.009431887,0.009459821,0.0014429165,0.0059419298,0.0032732328,0.30229622,0
1488,0,0.009835573,0,0.0068170885,0.00052928925,0.0062778685,0.009835573,0.0016834025,0.0065050707,0.004482265,0.19655535,0
1489,0,0.010211324,0,0.008105109,0.0005865097,0.006667371,0.010211324,0.0020441315,0.00666042,0.0042463564,0.298452,0
1490,0,0.02035702,0,0.02035702,0.0013446808,0.008652883,0.016479544,0.004236255,0.008259222,0.009967142,0.27915475,0
1491,0,0.028385026,0,0.028385026,0.0019264221,0.010096892,0.017777596,0.005438685,0.010731863,0.012857023,0.19809893,0
1492,0,0.010262563,0,0.00816794,0.0005888939,0.0064108693,0.010262563,0.0024418586,0.0064727063,0.0040104473,0.18931188,0
1493,0,0.00904991,0,0.0064086914,0.0005078316,0.006011867,0.00904991,0.00094344537,0.006763986,0.0030373242,0.34957433,0
1494,0,0.030034892,0,0.030034892,0.0021362305,0.010970897,0.022423252,0.008842488,0.009903334,0.016395653,0.39186534,0
1495,0,0.01847211,0,0.01847211,0.001783371,0.008234881,0.017982552,0.004125261,0.00899713,0.015569973,0.2335794,0
1496,0,0.010484599,0,0.009424546,0.00079631805,0.0067338715,0.010484599,0.0016279058,0.0067898775,0.00625158,0.35237855,0
1497,0,0.017592486,0,0.017592486,0.0015163422,0.00810188,0.01620627,0.0046247323,0.0091524795,0.013446795,0.37746727,0
1498,0,0.022139108,0,0.022139108,0.0014305115,0.009146886,0.017026093,0.00449524,0.009825659,0.012149297,0.22035557,0
1499,0,0.025085296,0,0.025085296,0.0017738342,0.009944891,0.016342908,0.007917541,0.0076507707,0.012031343,0.23201099,0
1500,0,0.028502874,0,0.028502874,0.0016498566,0.010248893,0.020646973,0.005919657,0.009074804,0.016159745,0.33441275,0
1501,0,0.010467518,0,0.00823077,0.0007390976,0.0067433715,0.010467518,0.0016371552,0.0066927844,0.005602831,0.3607864,0
1502,0,0.03309893,0,0.03309893,0.0016498566,0.013782915,0.018802373,0.009064475,0.0069516995,0.013859635,0.1758785,0
1503,0,0.021196328,0,0.021196328,0.0016880035,0.008937885,0.018119188,0.0047357255,0.00933372,0.01958042,0.25203457,0
1504,0,0.013336895,0,0.011874928,0.0009822845,0.0070568733,0.013336895,0.0029968263,0.007301235,0.008433735,0.27652442,0
1505,0,0.019980038,0,0.019980038,0.00092983246,0.009279887,0.012687869,0.0058086636,0.00704232,0.007726009,0.24316196,0
1506,0,0.028385026,0,0.028385026,0.001077652,0.0114649,0.013610168,0.0029228306,0.008181547,0.007667032,0.13793266,0
1507,0,0.025203144,0,0.025203144,0.00166893,0.0096028885,0.017504321,0.014048826,0.007883795,0.015216109,0.18332224,0
1508,0,0.018095128,0,0.018095128,0.0016593933,0.008633883,0.017914234,0.003866276,0.008181547,0.014744292,0.3576981,0
1509,0,0.012722028,0,0.009990019,0.0009441376,0.007189874,0.012722028,0.0038477771,0.0070552654,0.007961918,0.42839614,0
1510,0,0.018849092,0,0.018849092,0.001373291,0.008006879,0.016889455,0.00362579,0.008453408,0.016749516,0.37005487,0
1511,0,0.027560094,0,0.027560094,0.0010061264,0.014808921,0.013644327,0.008324518,0.00636914,0.007047772,0.26372084,0
1512,0,0.017572641,0,0.016021729,0.001411438,0.007873878,0.017572641,0.0044767405,0.008505191,0.013918612,0.391365,0
1513,0,0.021903414,0,0.021903414,0.0015258789,0.009203887,0.018119188,0.0038477771,0.008712323,0.013564749,0.3814837,0
1514,0,0.010894509,0,0.009550206,0.0005888939,0.0072278744,0.010894509,0.0017204003,0.006375613,0.005396411,0.23069502,0
1515,0,0.019100413,0,0.019100413,0.001411438,0.008253881,0.017231047,0.004328749,0.008323951,0.014272475,0.39412576,0
1516,0,0.012440401,0,0.012440401,0.000872612,0.0066103707,0.011594773,0.0019701358,0.007197669,0.0094363475,0.35564774,0
1517,0,0.036162965,0,0.036162965,0.0014591217,0.011008898,0.016479544,0.0026083488,0.009307829,0.010262027,0.13415219,0
1518,0,0.026499467,0,0.026499467,0.0016021729,0.0086718835,0.01764096,0.004994711,0.008531082,0.011913388,0.16114779,0
1519,0,0.036634352,0,0.036634352,0.0016498566,0.012186904,0.018597418,0.004643231,0.008789998,0.014626338,0.20146926,0
1520,0,0.017504321,0,0.017215505,0.0015735626,0.00806388,0.017504321,0.004920715,0.00951496,0.015569973,0.33772895,0
1521,0,0.018095128,0,0.018095128,0.001077652,0.008557882,0.013883443,0.006437627,0.007249452,0.011972365,0.36396024,0
1522,0,0.026263772,0,0.026263772,0.0019264221,0.010172892,0.018665737,0.0046987277,0.009048914,0.018636785,0.3581869,0
1523,0,0.032863233,0,0.032863233,0.0012111664,0.01465692,0.016616182,0.0047357255,0.0066668927,0.011087708,0.32070458,0
1524,0,0.034513097,0,0.034513097,0.0017356873,0.011198899,0.016957775,0.0045692353,0.010654188,0.024062686,0.5309937,0
1525,0,0.019477395,0,0.019477395,0.00071525574,0.010020891,0.012038844,0.0023863618,0.0064985976,0.005455388,0.21093474,0
1526,0,0.027913637,0,0.027913637,0.0019454956,0.0103248935,0.017162729,0.012061302,0.008440462,0.013800657,0.17513673,0
1527,0,0.012943043,0,0.012943043,0.0007724762,0.0076838774,0.010518758,0.0016464046,0.007417747,0.0041578906,0.28317526,0
1528,0,0.026617315,0,0.026617315,0.00092983246,0.013592913,0.013336895,0.0035332954,0.006912862,0.0053079454,0.19005513,0
1529,0,0.009920971,0,0.0068485034,0.00056505203,0.006315869,0.009920971,0.0016649036,0.006537435,0.0059272056,0.2619048,0
1530,0,0.013473531,0,0.011058134,0.0010204315,0.007303875,0.013473531,0.0025343532,0.007353018,0.011382594,0.28303406,0
1531,0,0.019351736,0,0.019351736,0.0012969971,0.008614883,0.015249812,0.004439743,0.008246276,0.012916001,0.3280476,0
1532,0,0.023553278,0,0.023553278,0.0018119812,0.008823884,0.019075647,0.0053276913,0.009385503,0.018400878,0.37899122,0
1533,0,0.020231359,0,0.020231359,0.00092983246,0.0092228865,0.012961143,0.0035702933,0.0071070488,0.005750274,0.2009392,0
1534,0,0.024849601,0,0.024849601,0.0012397766,0.009640889,0.011970525,0.0015169121,0.008919456,0.005543854,0.34212476,0
1535,0,0.015659723,0,0.012691722,0.0014877319,0.007854878,0.015659723,0.0031633168,0.0079873605,0.014272475,0.4343097,0
1536,0,0.009869732,0,0.007853788,0.000705719,0.0064108693,0.009869732,0.0027008436,0.0066927844,0.0042463564,0.22767228,0
1537,0,0.032627538,0,0.032627538,0.0016117096,0.0107048955,0.016957775,0.007288578,0.008168601,0.00937737,0.39570904,0
1538,0,0.016411226,0,0.011372286,0.0012779236,0.009089886,0.016411226,0.001812895,0.0060066585,0.010438959,0.18811686,0
1539,0,0.023317585,0,0.023317585,0.0017642975,0.008690883,0.017845914,0.004920715,0.009048914,0.01958042,0.49636135,0
1540,0,0.010869644,0,0.010869644,0.00062942505,0.0088618845,0.00993805,0.001572409,0.0061878995,0.0031552785,0.19551691,0
1541,0,0.02048268,0,0.02048268,0.000910759,0.010210892,0.012243799,0.0029043318,0.00746953,0.005750274,0.22502373,0
1542,0,0.017718147,0,0.017718147,0.00086307526,0.00975489,0.011680172,0.0037182847,0.006770459,0.0061336257,0.20934433,0
1543,0,0.022139108,0,0.022139108,0.0018978119,0.009431887,0.022013342,0.0043102503,0.0083886795,0.030432219,0.2442814,0
1544,0,0.015833238,0,0.015833238,0.00084877014,0.008709883,0.012312118,0.003607291,0.006835188,0.008197826,0.24110281,0
1545,0,0.022021262,0,0.022021262,0.0011253357,0.009868891,0.013576009,0.0068446035,0.00704232,0.007667032,0.22602494,0
1546,0,0.01627459,0,0.01419965,0.001449585,0.0069333725,0.01627459,0.0034777985,0.008582866,0.018047014,0.31792924,0
1547,0,0.018095128,0,0.018095128,0.0011062622,0.008690883,0.014293353,0.0028673338,0.007547205,0.008020895,0.29967368,0
1548,0,0.030270588,0,0.030270588,0.0022125244,0.0105148945,0.023994578,0.005105704,0.0104988385,0.022765188,0.36142147,0
1549,0,0.016964182,0,0.016964182,0.0005745888,0.010058892,0.010160086,0.0023863618,0.00598724,0.003921982,0.3350479,0
1550,0,0.017572641,0,0.017466826,0.0014972687,0.008538882,0.017572641,0.005253696,0.00823333,0.015216109,0.25551528,0
1551,0,0.024378212,0,0.024378212,0.0013923645,0.0113509,0.017367685,0.0076215584,0.007262398,0.013033954,0.22079147,0
1552,0,0.014600786,0,0.013697007,0.0013160706,0.008443882,0.014600786,0.0044767405,0.008323951,0.011736456,0.61417675,0
1553,0,0.032863233,0,0.032863233,0.0019454956,0.012946909,0.021466793,0.005771666,0.008336896,0.018990649,0.87678814,0
1554,0,0.032863233,0,0.032863233,0.0018119812,0.0113889,0.01846078,0.0058826595,0.008841781,0.017457243,0.36390543,0
1555,0,0.024967449,0,0.024967449,0.0014209747,0.00819688,0.015010698,0.003903274,0.0077154995,0.0087286215,0.21976392,0
1556,0,0.01834645,0,0.01834645,0.0007200241,0.00983089,0.0118338885,0.0028673338,0.006602164,0.005543854,0.17860362,0
1557,0,0.024731753,0,0.024731753,0.00166893,0.008880884,0.018187506,0.0035702933,0.00823333,0.015805881,0.21914487,0
1558,0,0.02402467,0,0.02402467,0.0011301041,0.011692902,0.015010698,0.004162259,0.007094103,0.010792822,0.2439729,0
1559,0,0.022021262,0,0.022021262,0.0012397766,0.011540901,0.015283971,0.0044582416,0.007689608,0.012857023,0.34753704,0
1560,0,0.020607091,0,0.020607091,0.00166893,0.009564889,0.018392462,0.005438685,0.008582866,0.01875474,0.35067743,0
1561,0,0.017592486,0,0.017592486,0.0015068054,0.00810188,0.015864678,0.0039402717,0.0077284453,0.014449406,0.22942679,0
1562,0,0.01646154,0,0.01646154,0.0013160706,0.007151874,0.016172111,0.0043102503,0.008686432,0.013033954,0.32971933,0
1563,0,0.012440401,0,0.012440401,0.00074863434,0.007170874,0.010979908,0.003644289,0.006420923,0.003980959,0.17710064,0
1564,0,0.035691574,0,0.035691574,0.002937317,0.01617693,0.028776871,0.008583503,0.01254427,0.027365407,0.38979524,0
1565,0,0.016587202,0,0.016587202,0.0013923645,0.0077028773,0.016103793,0.004125261,0.008867673,0.01332884,0.33439723,0
1566,0,0.022021262,0,0.022021262,0.001411438,0.010172892,0.016342908,0.005660672,0.0083886795,0.013269863,0.37466696,0
1567,0,0.022833163,0,0.019603057,0.002336502,0.009317887,0.022833163,0.004680229,0.008505191,0.022765188,0.32602435,0
1568,0,0.014513801,0,0.014513801,0.0008678436,0.007835878,0.012346277,0.002830336,0.0069646453,0.0057207854,0.20329084,0
1569,0,0.02402467,0,0.02402467,0.0017929077,0.010400894,0.019075647,0.0051427023,0.009100696,0.015216109,0.17868036,0
1570,0,0.009340264,0,0.008356431,0.00036478043,0.007664877,0.009340264,0.00092957116,0.005919275,0.0030078357,0.38630092,0
1571,0,0.01633588,0,0.01633588,0.0010871887,0.00819688,0.014566627,0.0038107792,0.0072235605,0.01020305,0.17698063,0
1572,0,0.027324399,0,0.027324399,0.002002716,0.00975489,0.020783609,0.0044767405,0.009981008,0.023708822,0.30686852,0
1573,0,0.030506283,0,0.030506283,0.0016021729,0.009944891,0.015010698,0.0068446035,0.009100696,0.00937737,0.21639673,0
1574,0,0.017089844,0,0.017089844,0.0013256073,0.0075888764,0.014874061,0.0035702933,0.008453408,0.013446795,0.3638856,0
1575,0,0.012817383,0,0.012817383,0.00088214874,0.0072468747,0.01265371,0.003385304,0.0068999166,0.011205662,0.24420397,0
1576,0,0.027677942,0,0.027677942,0.0018024445,0.010742896,0.019622196,0.0062526376,0.009463178,0.016395653,0.2409396,0
1577,0,0.017466826,0,0.017466826,0.0013065338,0.008595883,0.016342908,0.0039772694,0.007573096,0.012326228,0.30759406,0
1578,0,0.011253181,0,0.009675868,0.000603199,0.0071138735,0.011253181,0.0022383702,0.0062914654,0.0051310137,0.21690619,0
1579,0,0.016838523,1,0.016838523,0.00088214874,0.010742896,0.011543535,0.0025158543,0.0061296434,0.007460612,0.8987768,0
1580,0,0.010569996,0,0.009173225,0.00074386597,0.0067528714,0.010569996,0.0019423875,0.0065956907,0.0045117536,0.26802024,0
1581,0,0.024849601,0,0.024849601,0.0014305115,0.009564889,0.014156717,0.0037367835,0.008336896,0.010026119,0.22664756,0
1582,0,0.013336895,0,0.012000589,0.0009584427,0.007170874,0.013336895,0.0032743104,0.0076507707,0.00979021,0.22445051,0
1583,0,0.011423977,0,0.008419261,0.0007009506,0.0062778685,0.011423977,0.0022753682,0.00675104,0.0071657263,0.1913334,0
1584,0,0.02035702,0,0.02035702,0.0018501282,0.009507888,0.016342908,0.0042732526,0.008401625,0.013092931,0.2815427,0
1585,0,0.012551232,0,0.011497946,0.0010251999,0.0069238725,0.012551232,0.0023678627,0.007857903,0.00937737,0.32987356,0
1586,0,0.017718147,0,0.017718147,0.0012207031,0.00821588,0.016889455,0.0037922803,0.007624879,0.014685315,0.20692559,0
1587,0,0.034513097,0,0.034513097,0.0016593933,0.018967867,0.024882717,0.0076585566,0.0100069,0.017457243,0.31627738,0
1588,0,0.03734144,0,0.03734144,0.0011873245,0.016024929,0.014054239,0.0022013725,0.0074306927,0.0075490777,0.2348336,0
1589,0,0.022610499,0,0.022610499,0.0017547607,0.008766884,0.017709278,0.0040327664,0.009048914,0.017339287,0.19056039,0
1590,0,0.010621235,0,0.0076652975,0.000500679,0.0065818704,0.010621235,0.001313424,0.0061878995,0.0045707305,0.22843175,0
1591,0,0.010313802,0,0.008921904,0.00052928925,0.006296869,0.010313802,0.001951637,0.00666042,0.0039514704,0.18602197,0
1592,0,0.01646154,0,0.01646154,0.0011634827,0.007873878,0.014532468,0.0029228306,0.007573096,0.011146685,0.36769637,0
1593,0,0.019854378,0,0.019854378,0.0014877319,0.009051885,0.017094411,0.006770608,0.0086087575,0.015569973,0.2219887,0
1594,0,0.016069634,0,0.0154562555,0.0013637543,0.007341875,0.016069634,0.0040327664,0.008556974,0.014331453,0.1996405,0
1595,0,0.0166845,0,0.013948329,0.001335144,0.008937885,0.0166845,0.00414376,0.007340072,0.0129749775,0.4974864,0
1596,0,0.034748793,0,0.034748793,0.0017547607,0.011654901,0.015147334,0.0070665907,0.008919456,0.007961918,0.14798681,0
1597,0,0.03781283,0,0.03781283,0.0018787384,0.013554913,0.016821137,0.0071405866,0.007598988,0.011382594,0.14292568,0
1598,0,0.012312118,0,0.008356431,0.00067710876,0.0061163674,0.012312118,0.0020163832,0.0068287146,0.006959306,0.20317286,0
1599,0,0.015318131,0,0.013508516,0.0013637543,0.007360875,0.015318131,0.003144818,0.0077025536,0.012798046,0.18156788,0
1600,0,0.017718147,0,0.017718147,0.0007200241,0.009241886,0.010006369,0.008583503,0.0063626673,0.0049245935,0.4727219,0
1601,0,0.030388435,0,0.030388435,0.0022125244,0.009640889,0.024062896,0.004994711,0.011353259,0.01981633,0.33491197,0
1602,0,0.02685301,0,0.02685301,0.0018119812,0.008956885,0.017504321,0.0040327664,0.0089712385,0.02418064,0.20978607,0
1603,0,0.016479544,0,0.014765122,0.0016307831,0.0075508766,0.016479544,0.0043102503,0.0089712385,0.018872695,0.52994215,0
1604,0,0.010621235,0,0.008293601,0.00074863434,0.006771872,0.010621235,0.0018961402,0.00675104,0.0061926027,0.43083426,0
1605,0,0.020960633,0,0.020960633,0.00088214874,0.010666896,0.012038844,0.0017204003,0.0066668927,0.0060746484,0.49853945,0
1606,0,0.029917045,0,0.029917045,0.0019168854,0.010400894,0.019007329,0.013546381,0.008220384,0.013446795,0.2266836,0
1607,0,0.021667719,0,0.021667719,0.0013637543,0.008804884,0.01627459,0.0034592997,0.008298059,0.014980201,0.3901998,0
1608,0,0.01982715,0,0.018095128,0.0016403198,0.009355888,0.01982715,0.0043102503,0.008789998,0.017221333,0.328997,0
1609,0,0.023788974,0,0.023788974,0.0014019012,0.0116169015,0.017504321,0.0037922803,0.008103873,0.0115595255,0.25272378,0
1610,0,0.012414595,0,0.010806813,0.0008869171,0.006942873,0.012414595,0.0037182847,0.007534259,0.007106749,0.24403428,0
1611,0,0.020960633,0,0.020960633,0.0009965897,0.009165886,0.014156717,0.0052166977,0.006763986,0.010438959,0.18206044,0
1612,0,0.014890783,0,0.014890783,0.0008773804,0.008405882,0.012482914,0.0021181274,0.0072235605,0.007401635,0.20265731,0
1613,0,0.035399333,0,0.033334624,0.0026893616,0.01313691,0.035399333,0.0055866763,0.010265815,0.03420676,0.32192212,0
1614,0,0.018723432,0,0.018723432,0.0012683868,0.009279887,0.01490822,0.0047357255,0.007314181,0.010615891,0.1807029,0
1615,0,0.015204934,0,0.015204934,0.0012397766,0.008462882,0.01490822,0.0045692353,0.0074048014,0.011441571,0.28789973,0
1616,0,0.016821137,0,0.013822667,0.0014019012,0.00810188,0.016821137,0.0042177555,0.008090926,0.016985426,0.24995798,0
1617,0,0.013883443,0,0.01225191,0.00092983246,0.0070473733,0.013883443,0.002885833,0.007249452,0.009672256,0.2248467,0
1618,0,0.025792383,0,0.025792383,0.0009822845,0.010362893,0.010347961,0.008139528,0.007340072,0.004895105,0.3195149,0
1619,0,0.017718147,0,0.017718147,0.001373291,0.007778878,0.01490822,0.0038477771,0.008789998,0.012385205,0.382567,0
1620,0,0.030506283,0,0.030506283,0.0016975403,0.009241886,0.016137952,0.005401687,0.008582866,0.013033954,0.21642323,0
1621,0,0.01309778,0,0.013068704,0.0008678436,0.007132874,0.01309778,0.0032188136,0.007534259,0.0071952147,0.22335108,0
1622,0,0.029092113,0,0.029092113,0.0012207031,0.013288911,0.017436003,0.0046247323,0.007314181,0.00979021,0.25336897,0
1623,0,0.03592727,0,0.03592727,0.0014972687,0.015416925,0.017572641,0.00449524,0.009359611,0.011205662,0.35388067,0
1624,0,0.026970858,0,0.026970858,0.0013256073,0.011692902,0.015044857,0.0046247323,0.007340072,0.0080798725,0.24230583,0
1625,0,0.015249812,0,0.014702292,0.0013160706,0.007816878,0.015249812,0.0047172266,0.008815889,0.012562137,0.28532952,0
1626,0,0.021903414,0,0.021903414,0.0013065338,0.009507888,0.016616182,0.0073995716,0.008194493,0.010615891,0.23590876,0
1627,0,0.02920996,0,0.02920996,0.0020885468,0.009982891,0.01805087,0.005401687,0.010291707,0.014744292,0.24658443,0
1628,0,0.021314176,0,0.021314176,0.001077652,0.009526889,0.013473531,0.0037367835,0.0077284453,0.009731233,0.35447153,0
1629,0,0.0138151245,0,0.011937759,0.001001358,0.007151874,0.0138151245,0.0027563404,0.0074954215,0.009141461,0.24746993,0
1630,0,0.01859777,0,0.01859777,0.0011730194,0.008785884,0.015488927,0.0037182847,0.0074824756,0.013623727,0.33753017,0
1631,0,0.00998929,0,0.005937464,0.00057697296,0.0060878675,0.00998929,0.001313424,0.0063108844,0.0036713288,0.21804075,0
1632,0,0.027324399,0,0.027324399,0.0014972687,0.0140109155,0.022354934,0.0043657473,0.0066345283,0.0143904295,0.201939,0
1633,0,0.026735162,0,0.026735162,0.0010108948,0.011844902,0.015967157,0.0050317086,0.0078449575,0.009200439,0.26052904,0
1634,0,0.011749268,0,0.011749268,0.00071525574,0.007835878,0.010996987,0.0023031165,0.006466233,0.00625158,0.34818742,0
1635,0,0.018095128,0,0.018095128,0.0010919571,0.00817788,0.012448754,0.003644289,0.0074436385,0.0067823743,0.4310299,0
1636,0,0.013405213,0,0.011937759,0.0010251999,0.006847872,0.013405213,0.0024973555,0.008039144,0.011146685,0.28095084,0
1637,0,0.02402467,0,0.02402467,0.00084400177,0.01465692,0.010962827,0.0024233595,0.006427396,0.0035386302,0.46505034,0
1638,0,0.016587202,0,0.016587202,0.0012683868,0.008519882,0.016001316,0.004088263,0.0077802283,0.0101440735,0.35276356,0
1639,0,0.017982552,0,0.016838523,0.0020694733,0.010020891,0.017982552,0.0024603575,0.008349842,0.016277699,0.46370497,0
1640,0,0.024731753,0,0.024731753,0.0013160706,0.011958904,0.017094411,0.0049577127,0.008841781,0.0150981555,0.34437022,0
1641,0,0.022964042,0,0.022964042,0.0012874603,0.008443882,0.014327513,0.0045507364,0.008556974,0.010556913,0.22395223,0
1642,0,0.014566627,0,0.013948329,0.0011634827,0.0072658747,0.014566627,0.003385304,0.007935578,0.00979021,0.20416416,0
1643,0,0.015420608,0,0.013634177,0.0012207031,0.007303875,0.015420608,0.0034223017,0.0082074385,0.011736456,0.17333797,0
1644,0,0.012892825,0,0.01005285,0.00089645386,0.0072848746,0.012892825,0.0031818156,0.0068416605,0.00896453,0.2620941,0
1645,0,0.026028076,0,0.026028076,0.0019836426,0.009906891,0.019895468,0.00466173,0.010239923,0.018872695,0.3058414,0
1646,0,0.019100413,0,0.019100413,0.0015640259,0.008424882,0.016479544,0.0038292783,0.008867673,0.014272475,0.19878846,0
1647,0,0.024849601,0,0.024849601,0.0018978119,0.011996903,0.01941724,0.0047172266,0.008789998,0.013623727,0.20700912,0
1648,0,0.024731753,0,0.024731753,0.0021362305,0.008652883,0.020851927,0.0059936526,0.010214032,0.026775636,0.4035241,0
1649,0,0.015896067,0,0.015896067,0.0011539459,0.007949878,0.014122557,0.0031633168,0.0076766624,0.010910776,0.29610282,0
1650,0,0.027677942,0,0.027677942,0.001335144,0.0114649,0.013951761,0.008435511,0.0076507707,0.011205662,0.395316,0
1651,0,0.024378212,0,0.024378212,0.0022506714,0.008937885,0.016752819,0.010063417,0.0097738765,0.019698374,0.5933638,0
1652,0,0.02968135,0,0.02968135,0.0023174286,0.010400894,0.017709278,0.006363631,0.009696201,0.018047014,0.32955837,0
1653,0,0.01608456,0,0.01608456,0.0012969971,0.0075888764,0.014122557,0.0040327664,0.009126588,0.011500548,0.36157262,0
1654,0,0.022728346,0,0.022728346,0.001039505,0.01313691,0.013951761,0.0024048607,0.0067057298,0.00687084,0.29583684,0
1655,0,0.017089844,0,0.017089844,0.001411438,0.007911879,0.015010698,0.0037552824,0.008634649,0.013977589,0.27580935,0
1656,0,0.01633588,0,0.01633588,0.0012397766,0.007360875,0.014839902,0.0032743104,0.008013252,0.010674868,0.1844558,0
1657,0,0.026145924,0,0.026145924,0.0015449524,0.008538882,0.014054239,0.002173624,0.0113014765,0.010026119,0.46801627,0
1658,0,0.014011159,0,0.014011159,0.00059843063,0.00815888,0.010484599,0.0020163832,0.0063367756,0.0037450502,0.19413167,0
1659,0,0.021549871,0,0.021549871,0.0016212463,0.008538882,0.015693882,0.004606233,0.0091524795,0.011913388,0.26911527,0
1660,0,0.032391842,0,0.032391842,0.0017356873,0.011122898,0.017436003,0.014249804,0.007857903,0.011146685,0.21439783,0
1661,0,0.017215505,0,0.017215505,0.0008392334,0.009488888,0.013644327,0.0026823445,0.0074565844,0.007047772,0.43338782,0
1662,0,0.025674535,0,0.025674535,0.0016403198,0.0105148945,0.023311393,0.0034962974,0.008349842,0.01604179,0.4395791,0
1663,0,0.02402467,0,0.02402467,0.0013160706,0.008405882,0.012004685,0.001415168,0.010395273,0.0075195893,0.23604508,0
1664,0,0.011697251,0,0.010869644,0.0008583069,0.0067528714,0.011697251,0.0035887922,0.0071070488,0.0057207854,0.1918133,0
1665,0,0.026735162,0,0.026735162,0.0019454956,0.00979289,0.022354934,0.0046247323,0.010472948,0.020877918,0.70448977,0
1666,0,0.01633588,0,0.01633588,0.0011777878,0.008310881,0.015898837,0.0042917514,0.007249452,0.01020305,0.1636501,0
1667,0,0.027442247,0,0.027442247,0.0022125244,0.010590895,0.020783609,0.0056236745,0.00933372,0.021585643,0.22612633,0
1668,0,0.014827953,0,0.014827953,0.00069618225,0.008557882,0.011816809,0.0025158543,0.006809296,0.0067823743,0.23925845,0
1669,0,0.012141321,0,0.011058134,0.0007009506,0.0070758737,0.012141321,0.0026823445,0.006420923,0.007726009,0.19647399,0
1670,0,0.031213367,0,0.031213367,0.0010538101,0.018001022,0.013917602,0.003866276,0.006861079,0.008433735,0.5343986,0
1671,0,0.025556687,0,0.025556687,0.0017356873,0.010172892,0.020032106,0.005105704,0.0089712385,0.018164968,0.44954744,0
1672,0,0.024849601,0,0.024849601,0.001964569,0.009564889,0.020920247,0.0058456613,0.009230154,0.020524055,0.3336981,0
1673,0,0.014225035,0,0.012754552,0.001077652,0.0074368757,0.014225035,0.0038292783,0.0077284453,0.011618502,0.3526773,0
1674,0,0.034041706,0,0.034041706,0.0016117096,0.0140109155,0.018255826,0.00725158,0.0077672824,0.012149297,0.220318,0
1675,0,0.019100413,0,0.019100413,0.0015926361,0.008576883,0.017914234,0.0036997858,0.008052089,0.014508383,0.25642353,0
1676,0,0.025203144,0,0.025203144,0.0014877319,0.00983089,0.016821137,0.0051427023,0.008841781,0.009967142,0.37177423,0
1677,0,0.013131535,0,0.013131535,0.00091552734,0.007797878,0.012517073,0.0022846176,0.0067769317,0.0080798725,0.26008132,0
1678,0,0.019351736,0,0.019351736,0.0010156631,0.008728883,0.014498309,0.0103594,0.0066086366,0.0060746484,0.18750665,0
1679,0,0.020607091,0,0.020607091,0.00074386597,0.014808921,0.011765569,0.0019701358,0.0060098954,0.005189991,0.38028297,0
1680,0,0.024731753,0,0.024731753,0.0017356873,0.00983089,0.016752819,0.0036627878,0.008815889,0.015334064,0.21145746,0
1681,0,0.02685301,0,0.02685301,0.0011014938,0.011578901,0.015591404,0.004680229,0.0074824756,0.029842447,0.5557872,0
1682,0,0.017969469,0,0.017969469,0.0008583069,0.009564889,0.01265371,0.002885833,0.0071070488,0.0065759546,0.48378098,0
1683,0,0.014702292,0,0.014702292,0.000872612,0.0075508766,0.011714331,0.004088263,0.007262398,0.007047772,0.20630184,0
1684,0,0.013948329,0,0.013948329,0.00086307526,0.0077408776,0.012722028,0.0029043318,0.007094103,0.0064874887,0.18408671,0
1685,0,0.0118680475,0,0.009298885,0.00074386597,0.0067623714,0.0118680475,0.0020996283,0.0066798385,0.0060746484,0.2547902,0
1686,0,0.0147374235,0,0.013634177,0.0012493134,0.007645877,0.0147374235,0.003144818,0.007754337,0.011972365,0.2901994,0
1687,0,0.017341165,0,0.017341165,0.0011062622,0.009165886,0.015420608,0.003311308,0.007094103,0.0094363475,0.23674302,0
1688,0,0.035691574,0,0.035691574,0.0019836426,0.010856897,0.025770858,0.005253696,0.008246276,0.030196311,0.29659858,0
1689,0,0.014259194,0,0.012000589,0.0011253357,0.007531876,0.014259194,0.0032373124,0.0073918556,0.010910776,0.51196176,0
1690,0,0.018723432,0,0.018723432,0.001001358,0.009298887,0.013371054,0.002885833,0.00746953,0.007843964,0.22461276,0
1691,0,0.017843807,0,0.017843807,0.001411438,0.00821588,0.015728042,0.0045692353,0.008323951,0.012385205,0.2551845,0
1692,0,0.016712861,0,0.016712861,0.0009727478,0.008899884,0.013473531,0.0030338243,0.0060908063,0.010085096,0.17282696,0
1693,0,0.017592486,0,0.017592486,0.0012969971,0.009374888,0.015181494,0.004384246,0.008052089,0.015216109,0.45445353,0
1694,0,0.013268576,0,0.010304171,0.00084400177,0.007189874,0.013268576,0.002848835,0.006912862,0.010969753,0.30286074,0
1695,0,0.012346277,0,0.01024134,0.0008058548,0.0070378734,0.012346277,0.00258985,0.006861079,0.007018283,0.20496774,0
1696,0,0.02048268,0,0.02048268,0.00072956085,0.011084898,0.011526455,0.003607291,0.0060908063,0.0037745389,0.19848631,0
1697,0,0.014011159,0,0.014011159,0.0007581711,0.008804884,0.011543535,0.0024603575,0.006641001,0.0061926027,0.39862004,0
1698,0,0.026735162,0,0.026735162,0.0014209747,0.012680908,0.017299367,0.004069764,0.00823333,0.011500548,0.2570631,0
1699,0,0.032156147,0,0.032156147,0.0022506714,0.011768902,0.022628209,0.006622616,0.00948907,0.022529278,0.4544367,0
1700,0,0.017843807,0,0.017843807,0.0010633469,0.009165886,0.013951761,0.005364689,0.007624879,0.010321004,0.3441645,0
1701,0,0.01822079,0,0.01822079,0.0012779236,0.008633883,0.015659723,0.0039957687,0.00866054,0.011913388,0.31423098,0
1702,0,0.012038844,0,0.011686437,0.00082969666,0.0075698765,0.012038844,0.0031263188,0.006815769,0.006222091,0.26483917,0
1703,0,0.017969469,0,0.017969469,0.0009250641,0.008557882,0.012346277,0.00569767,0.0068999166,0.010733845,0.1991877,0
1704,0,0.019212283,0,0.015644746,0.004634857,0.010248893,0.019212283,0.0034038029,0.005783344,0.024416547,0.3410158,0
1705,0,0.013678487,0,0.012440401,0.0011444092,0.0075508766,0.013678487,0.0034592997,0.008246276,0.01102873,0.31730172,0
1706,0,0.027913637,0,0.027913637,0.0011444092,0.0107048955,0.013268576,0.011247349,0.0066668927,0.0073426575,0.27225152,0
1707,0,0.021466793,0,0.020607091,0.0022602081,0.009868891,0.021466793,0.0029228306,0.007754337,0.017457243,0.30539492,0
1708,0,0.022021262,0,0.022021262,0.0022220612,0.009279887,0.020646973,0.0052906936,0.009644418,0.023708822,0.3572749,0
1709,0,0.030506283,0,0.030506283,0.002298355,0.010286893,0.021398475,0.0056236745,0.0103175985,0.02205746,0.19707221,0
1710,0,0.029092113,0,0.029092113,0.0018405914,0.010058892,0.01627459,0.0051427023,0.008582866,0.0108517995,0.20500688,0
1711,0,0.031684756,0,0.031684756,0.0017547607,0.011540901,0.019212283,0.00466173,0.007832011,0.014921224,0.29358026,0
1712,0,0.010429831,0,0.010429831,0.0005173683,0.007607877,0.010313802,0.0018498929,0.0062914654,0.0048656166,0.23097898,0
1713,0,0.014498309,0,0.014011159,0.0012159348,0.00815888,0.014498309,0.0029413297,0.007081157,0.010379982,0.34254727,0
1714,0,0.021667719,0,0.021667719,0.0013160706,0.009108886,0.017777596,0.006437627,0.008039144,0.013446795,0.43516612,0
1715,0,0.017094411,0,0.01438814,0.0015258789,0.007189874,0.017094411,0.003921773,0.008738215,0.017221333,0.31205967,0
1716,0,0.015896067,0,0.015896067,0.001039505,0.008975885,0.013780965,0.0025158543,0.007081157,0.007224703,0.28586307,0
1717,0,0.016587202,0,0.016587202,0.0007915497,0.009431887,0.012073003,0.0020626306,0.0066345283,0.0062810685,0.15296987,0
1718,0,0.030977672,0,0.030977672,0.002298355,0.014086916,0.01893901,0.0047172266,0.009696201,0.017575197,0.3591186,0
1719,0,0.011355659,0,0.009110395,0.00072956085,0.007607877,0.011355659,0.0023863618,0.006653947,0.0063695344,0.27693084,0
1720,0,0.029799197,0,0.029799197,0.0015640259,0.015036922,0.016889455,0.003348306,0.00746953,0.00937737,0.35058454,0
1721,0,0.020842785,0,0.020842785,0.0014305115,0.010058892,0.017094411,0.0052906936,0.008531082,0.013092931,0.2640967,0
1722,0,0.01822079,0,0.01822079,0.0012397766,0.008994885,0.014703264,0.004643231,0.008026198,0.010321004,0.179701,0
1723,0,0.030034892,0,0.030034892,0.0012302399,0.015416925,0.01261955,0.0048837173,0.0077154995,0.00666442,0.17676874,0
1724,0,0.024967449,0,0.024967449,0.0019264221,0.011578901,0.01982715,0.0050687063,0.008634649,0.013918612,0.33722866,0
1725,0,0.012585391,0,0.011937759,0.0008583069,0.007474876,0.012585391,0.0037182847,0.007068211,0.009082484,0.37537003,0
1726,0,0.023553278,0,0.023553278,0.0019264221,0.009678889,0.020578653,0.005956655,0.0097738765,0.01710338,0.40771484,0
1727,0,0.015147334,0,0.014011159,0.0011444092,0.0077408776,0.015147334,0.004920715,0.008039144,0.014036566,0.22393128,0
1728,0,0.015393426,0,0.015393426,0.0008010864,0.008025879,0.011543535,0.0026083488,0.007365964,0.0057797628,0.23883532,0
1729,0,0.016889455,0,0.015142105,0.0015354156,0.007721877,0.016889455,0.0045322375,0.008712323,0.0143904295,0.4508417,0
1730,0,0.011628932,0,0.009927189,0.00093460083,0.00647737,0.011628932,0.0026638457,0.007262398,0.007313169,0.2895464,0
1731,0,0.033806015,0,0.033806015,0.0015544891,0.011958904,0.021740068,0.006511623,0.008013252,0.015452018,0.23520519,0
1732,0,0.019854378,0,0.019854378,0.0015830994,0.008956885,0.017299367,0.006881601,0.008298059,0.015569973,0.23369543,0
1733,0,0.012943043,0,0.012943043,0.0007534027,0.0072658747,0.011406898,0.0042547537,0.0065244893,0.006605443,0.38562185,0
1734,0,0.032156147,0,0.032156147,0.0018787384,0.011768902,0.018597418,0.0057346676,0.008634649,0.016277699,0.27038535,0
1735,0,0.025910228,0,0.025910228,0.0016403198,0.011654901,0.01846078,0.0038477771,0.008013252,0.01209032,0.25764045,0
1736,0,0.011048226,0,0.008796243,0.000834465,0.006648371,0.011048226,0.002173624,0.007068211,0.0067823743,0.43006834,0
1737,0,0.019854378,0,0.019854378,0.0014877319,0.008519882,0.0166845,0.008768492,0.007624879,0.014626338,0.3122817,0
1738,0,0.011116544,0,0.008921904,0.00064373016,0.0066958712,0.011116544,0.0022383702,0.006757513,0.007106749,0.2291647,0
1739,0,0.017709278,0,0.017341165,0.0014591217,0.008405882,0.017709278,0.004643231,0.009540852,0.01875474,0.21877144,0
1740,0,0.028502874,0,0.028502874,0.0010299683,0.013440913,0.013268576,0.0022661188,0.006912862,0.0061926027,0.20383568,0
1741,0,0.014639461,0,0.014639461,0.00091552734,0.0077408776,0.013473531,0.0036627878,0.0069646453,0.0076080547,0.30817336,0
1742,0,0.01859777,0,0.01859777,0.0013828278,0.0092228865,0.015659723,0.0037922803,0.007793174,0.013269863,0.24751866,0
1743,0,0.030034892,0,0.030034892,0.0014686584,0.010742896,0.017094411,0.008768492,0.0074048014,0.010262027,0.31596264,0
1744,0,0.01847211,0,0.01847211,0.0015258789,0.008386881,0.015659723,0.00899048,0.007909686,0.013269863,0.31934762,0
1745,0,0.011406898,0,0.009550206,0.00078201294,0.006372869,0.011406898,0.0023401144,0.006977591,0.0052784565,0.31100872,0
1746,0,0.016838523,0,0.016838523,0.0013065338,0.00810188,0.015557245,0.0041067624,0.008194493,0.012444182,0.33307597,0
1747,0,0.024967449,0,0.024967449,0.0011396408,0.010286893,0.017162729,0.0023678627,0.0073789097,0.013446795,0.216032,0
1748,0,0.011646013,0,0.010743983,0.00068187714,0.006847872,0.011646013,0.0020071338,0.006925808,0.005543854,0.24199586,0
1749,0,0.023553278,0,0.023553278,0.0015544891,0.0096028885,0.018802373,0.0047727237,0.008686432,0.014449406,0.19675025,0
1750,0,0.021667719,0,0.021667719,0.0015830994,0.008785884,0.017436003,0.003884775,0.008841781,0.011382594,0.2934543,0
1751,0,0.025085296,0,0.025085296,0.0017261505,0.011540901,0.020510335,0.0050317086,0.00823333,0.019108603,0.29084346,0
1752,0,0.033334624,0,0.033334624,0.0016784668,0.0151129225,0.019348921,0.0053276913,0.0077672824,0.012916001,0.2300144,0
1753,0,0.018974753,0,0.018974753,0.0014972687,0.008633883,0.017231047,0.0041067624,0.009048914,0.011854411,0.23685308,0
1754,0,0.016964182,0,0.016964182,0.00089645386,0.008823884,0.01261955,0.0028673338,0.0067251488,0.0064580003,0.3047347,0
1755,0,0.023553278,0,0.023553278,0.0012016296,0.015644927,0.015693882,0.003144818,0.006207318,0.009731233,0.28093827,0
1756,0,0.019854378,0,0.019854378,0.0014591217,0.0086718835,0.017504321,0.010433395,0.0082074385,0.011264639,0.17760703,0
1757,0,0.0118338885,0,0.009990019,0.00078201294,0.0064488696,0.0118338885,0.0018868907,0.0067251488,0.0059861825,0.15649208,0
1758,0,0.030741978,0,0.030741978,0.0015258789,0.011768902,0.016889455,0.0037182847,0.0074824756,0.010497936,0.20769246,0
1759,0,0.01859777,0,0.01859777,0.0011253357,0.008538882,0.014976538,0.0041992567,0.007819066,0.011795434,0.18474104,0
1760,0,0.031331215,0,0.031331215,0.0016212463,0.013326911,0.021603432,0.005512681,0.008311004,0.014213498,0.17333919,0
1761,0,0.010501678,0,0.0079480335,0.0006246567,0.006344369,0.010501678,0.0018683918,0.006479179,0.0052784565,0.28418526,0
1762,0,0.016587202,0,0.016587202,0.0012969971,0.008367881,0.015488927,0.0037552824,0.007961469,0.012916001,0.2737347,0
1763,0,0.016712861,0,0.016712861,0.00082969666,0.009640889,0.014190876,0.004069764,0.0064079775,0.0054258998,0.14681752,0
1764,0,0.031449065,0,0.031449065,0.0015068054,0.012072904,0.017504321,0.00414376,0.008077981,0.013800657,0.4955596,0
1765,0,0.013131535,0,0.013131535,0.00077724457,0.007170874,0.010091767,0.0019146391,0.00789674,0.0038040273,0.23688525,0
1766,0,0.022610499,0,0.022610499,0.0014591217,0.009868891,0.017367685,0.0059936526,0.009023022,0.013623727,0.17369825,0
1767,0,0.025320992,0,0.025320992,0.0016212463,0.009013886,0.017094411,0.011025362,0.0077284453,0.013623727,0.21049888,0
1768,0,0.02402467,0,0.02402467,0.0014209747,0.009678889,0.016103793,0.004384246,0.0082074385,0.012385205,0.32407132,0
1769,0,0.011183795,0,0.011183795,0.00064373016,0.008006879,0.010279642,0.0037922803,0.006162008,0.0058387397,0.31183466,0
1770,0,0.016021729,0,0.016021729,0.00096797943,0.0077028773,0.013507691,0.0024048607,0.0070034824,0.007961918,0.18311279,0
1771,0,0.027442247,0,0.027442247,0.0006866455,0.012946909,0.010228404,0.0022753682,0.0062526283,0.0035976074,0.23395051,0
1772,0,0.032156147,0,0.032156147,0.0015449524,0.014162917,0.01941724,0.0055866763,0.007754337,0.014626338,0.23042592,0
1773,0,0.037577134,0,0.037577134,0.0015068054,0.014428918,0.016103793,0.0071035884,0.008285114,0.00896453,0.22570163,0
1774,0,0.010638315,0,0.0074139764,0.00051021576,0.0064203693,0.010638315,0.0017573982,0.0062979385,0.0052784565,0.25358346,0
1775,0,0.02107848,0,0.02107848,0.0012588501,0.009545889,0.013507691,0.0029968263,0.0074954215,0.0071657263,0.19061841,0
1776,0,0.021432023,0,0.021432023,0.0015830994,0.0115029,0.01846078,0.0050317086,0.008116818,0.014567361,0.2704976,0
1777,0,0.010433359,0,0.009864358,0.0006246567,0.0073798755,0.010433359,0.0017573982,0.0062785195,0.004187379,0.26326728,0
1778,0,0.031449065,0,0.031449065,0.0019741058,0.011274899,0.015659723,0.011247349,0.008815889,0.01102873,0.35103843,0
1779,0,0.018974753,0,0.018974753,0.001039505,0.008234881,0.01354185,0.0052166977,0.0074048014,0.009141461,0.19999017,0
1780,0,0.021667719,0,0.021667719,0.0006389618,0.010932897,0.011014067,0.001933138,0.006356194,0.0043643108,0.22240773,0
1781,0,0.010057608,0,0.008419261,0.0005674362,0.0065533705,0.010057608,0.001415168,0.006543908,0.003921982,0.18311086,0
1782,0,0.028502874,0,0.028502874,0.0011205673,0.01309891,0.015147334,0.0026638457,0.007029374,0.009259416,0.41737777,0
1783,0,0.032391842,0,0.032391842,0.0016117096,0.011540901,0.017026093,0.013445892,0.007793174,0.01020305,0.28352475,0
1784,0,0.017094411,0,0.01646154,0.0012779236,0.009678889,0.017094411,0.0032743104,0.0071199946,0.008787598,0.35024798,0
1785,0,0.023199737,0,0.023199737,0.0010156631,0.011236899,0.016547862,0.005401687,0.007586042,0.0101440735,0.22174478,0
1786,0,0.021314176,0,0.021314176,0.001449585,0.009336887,0.017162729,0.0051427023,0.008155655,0.014685315,0.28123006,0
1787,0,0.029445656,0,0.029445656,0.0019550323,0.0105148945,0.020168742,0.0046987277,0.009023022,0.017811105,0.42038304,0
1788,0,0.021432023,0,0.021432023,0.0010490417,0.010134893,0.014361672,0.0034408006,0.006861079,0.009141461,0.22239475,0
1789,0,0.03309893,0,0.03309893,0.002002716,0.012376905,0.019485557,0.0044767405,0.008556974,0.011972365,0.27317,0
1790,0,0.0109324735,0,0.0109324735,0.00056505203,0.0069713728,0.010706633,0.0016001574,0.00636914,0.004747662,0.2099109,0
1791,0,0.012892825,0,0.010743983,0.0008392334,0.007028373,0.012892825,0.002330865,0.006861079,0.007401635,0.20404813,0
1792,0,0.015707577,0,0.015707577,0.0010442734,0.007949878,0.013951761,0.0030523231,0.00704232,0.007843964,0.31008723,0
1793,0,0.023553278,0,0.023553278,0.0013065338,0.010552894,0.018255826,0.005660672,0.007637825,0.013446795,0.500143,0
1794,0,0.027206551,0,0.027206551,0.002336502,0.010248893,0.020100424,0.0065486208,0.010938995,0.018872695,0.31453973,0
1795,0,0.01608456,0,0.01608456,0.0010871887,0.008918885,0.014156717,0.0030708222,0.007314181,0.008433735,0.2156001,0
1796,0,0.019100413,0,0.019100413,0.0011587143,0.009184887,0.014464149,0.0044767405,0.008492245,0.011264639,0.21660809,0
1797,0,0.017341165,1,0.017341165,0.0013542175,0.008291881,0.016616182,0.004347248,0.008556974,0.015039179,0.3132941,0
1798,0,0.012141321,0,0.010995304,0.00074386597,0.0081208795,0.012141321,0.0023216156,0.006304411,0.0066349315,0.36988848,0
1799,0,0.018849092,0,0.018849092,0.0015830994,0.00819688,0.016889455,0.0049577127,0.009074804,0.017457243,0.6433375,0
1800,0,0.021785567,0,0.021785567,0.0011014938,0.010020891,0.014122557,0.0042732526,0.007819066,0.009908165,0.26324475,0
1801,0,0.015142105,0,0.015142105,0.0013256073,0.0077408776,0.0147374235,0.0047727237,0.0077672824,0.009731233,0.23278189,0
1802,0,0.017718147,0,0.017718147,0.0015640259,0.008025879,0.016479544,0.004680229,0.008867673,0.01710338,0.21811178,0
1803,0,0.0128245065,0,0.011686437,0.0009584427,0.007892879,0.0128245065,0.0027563404,0.0074048014,0.0063695344,0.49826518,0
1804,0,0.025556687,0,0.025556687,0.0009584427,0.015340924,0.016889455,0.003348306,0.0069646453,0.0108517995,0.40032122,0
1805,0,0.011663092,0,0.009550206,0.00084400177,0.0066863713,0.011663092,0.0032003147,0.006874025,0.0080798725,0.23187022,0
1806,0,0.034277402,0,0.034277402,0.0014781952,0.012756908,0.015181494,0.005771666,0.008712323,0.012916001,0.29282922,0
1807,0,0.013166099,0,0.011435116,0.00092983246,0.007493876,0.013166099,0.0027748393,0.00756015,0.009082484,0.38245007,0
1808,0,0.012038844,0,0.0109324735,0.0007867813,0.0071043735,0.012038844,0.0034038029,0.007094103,0.008020895,0.17038397,0
1809,0,0.016547862,0,0.014890783,0.0015735626,0.008006879,0.016547862,0.003348306,0.008323951,0.012444182,0.22773299,0
1810,0,0.030859824,0,0.030859824,0.0022602081,0.014124917,0.023379711,0.008102531,0.010084574,0.01686747,0.5633049,0
1811,0,0.013302735,0,0.012943043,0.0011253357,0.0072658747,0.013302735,0.003311308,0.007922632,0.010497936,0.33474287,0
1812,0,0.015707577,0,0.015707577,0.0010681152,0.00821588,0.014259194,0.0031818156,0.0073918556,0.011736456,0.24201022,0
1813,0,0.032863233,0,0.032863233,0.0013065338,0.017420914,0.014054239,0.0027933381,0.008129764,0.0047771507,0.35723114,0
1814,0,0.02343543,0,0.02343543,0.0008678436,0.011654901,0.01261955,0.0025343532,0.0077802283,0.0064580003,0.39308283,0
1815,0,0.011389818,0,0.01005285,0.0008058548,0.0068763723,0.011389818,0.0017481487,0.0067834044,0.0065464657,0.20262204,0
1816,0,0.011560776,0,0.011560776,0.000872612,0.0074368757,0.0113215,0.0029043318,0.007068211,0.005897717,0.3815478,0
1817,0,0.012312118,0,0.011309455,0.0007534027,0.007132874,0.012312118,0.0025343532,0.0067445673,0.0065759546,0.18036252,0
1818,0,0.014942379,0,0.0131943645,0.0011396408,0.007303875,0.014942379,0.0035887922,0.00789674,0.012680092,0.22857165,0
1819,0,0.013336895,0,0.010618322,0.000910759,0.0071138735,0.013336895,0.0027748393,0.006912862,0.011146685,0.25598094,0
1820,0,0.035220183,0,0.035220183,0.0022125244,0.0154929245,0.025770858,0.009545447,0.011353259,0.028426996,0.25190252,0
1821,0,0.014513801,0,0.014513801,0.0009536743,0.00815888,0.013473531,0.0031263188,0.007301235,0.007843964,0.3693555,0
1822,0,0.020231359,0,0.020231359,0.0014400482,0.008956885,0.018665737,0.0045322375,0.009437286,0.014449406,0.39200157,0
1823,0,0.021314176,0,0.021314176,0.0011730194,0.0094128875,0.014703264,0.00569767,0.007534259,0.0080798725,0.17951766,0
1824,0,0.015707577,0,0.015707577,0.0011873245,0.0088618845,0.013371054,0.004994711,0.007314181,0.008138849,0.2534143,0
1825,0,0.014327513,0,0.014011159,0.0012016296,0.007531876,0.014327513,0.0034962974,0.008026198,0.009849187,0.22610055,0
1826,0,0.026735162,0,0.026735162,0.001821518,0.012072904,0.020851927,0.0053276913,0.008375733,0.0150981555,0.22203302,0
1827,0,0.018974753,0,0.018974753,0.00096321106,0.008747884,0.013302735,0.0026823445,0.007365964,0.0080798725,0.16976437,0
1828,0,0.020607091,0,0.020607091,0.0012874603,0.008348881,0.014464149,0.010211408,0.008000307,0.0108517995,0.25892428,0
1829,0,0.010869644,0,0.010869644,0.0004887581,0.00810188,0.009920971,0.0016464046,0.006272047,0.0034649088,0.17612784,0
1830,0,0.013029462,0,0.009864358,0.00086307526,0.0067623714,0.013029462,0.002885833,0.006848133,0.008315781,0.21675782,0
1831,0,0.022728346,0,0.022728346,0.0012302399,0.009108886,0.013849284,0.0076215584,0.007340072,0.008374758,0.28205174,0
1832,0,0.023199737,0,0.023199737,0.0013160706,0.012186904,0.015249812,0.0015631594,0.0076637166,0.007460612,0.5340845,0
1833,0,0.01438814,0,0.01438814,0.0010156631,0.007721877,0.012892825,0.0032188136,0.007340072,0.009200439,0.4623736,0
1834,0,0.030859824,0,0.030859824,0.002784729,0.011958904,0.018255826,0.011765319,0.008738215,0.013800657,0.30185035,0
1835,0,0.012892825,0,0.008544922,0.0008249283,0.0068668723,0.012892825,0.0029598286,0.0069905366,0.009200439,0.26283798,0
1836,0,0.02543884,0,0.02543884,0.001077652,0.011654901,0.014190876,0.0040512653,0.0065956907,0.011205662,0.29858416,0
1837,0,0.033806015,0,0.033806015,0.0012302399,0.018645585,0.015728042,0.0040327664,0.00675104,0.00625158,0.26688665,0
1838,0,0.011355659,0,0.008419261,0.000705719,0.0068098716,0.011355659,0.0030153254,0.0066215824,0.0077849864,0.24081461,0
1839,0,0.017843807,0,0.017843807,0.0014686584,0.007816878,0.015932998,0.003866276,0.008362788,0.012031343,0.2566402,0
1840,0,0.016964182,0,0.016964182,0.0012969971,0.007854878,0.015830519,0.0040512653,0.008531082,0.012208274,0.27645198,0
1841,0,0.009570839,0,0.0066285976,0.0005888939,0.0061068675,0.009570839,0.0012486777,0.006466233,0.0034206759,0.2470554,0
1842,0,0.036162965,0,0.036162965,0.0017356873,0.013744914,0.012961143,0.0032003147,0.00967031,0.008197826,0.33760408,0
1843,0,0.03309893,0,0.03309893,0.0020122528,0.013402912,0.021398475,0.0062526376,0.008815889,0.016277699,0.25970244,0
1844,0,0.014702292,0,0.014702292,0.0012493134,0.007721877,0.014669105,0.004347248,0.00789674,0.012326228,0.35738242,0
1845,0,0.019477395,0,0.019477395,0.0006246567,0.010552894,0.011099464,0.0023031165,0.0072365063,0.004629708,0.37948197,0
1846,0,0.011309455,0,0.011309455,0.0005698204,0.0071138735,0.010535837,0.0022661188,0.0062137907,0.005248968,0.22453487,0
1847,0,0.014600786,0,0.011686437,0.0012016296,0.0069713728,0.014600786,0.0035702933,0.0082074385,0.011382594,0.3679915,0
1848,0,0.034513097,0,0.034513097,0.0020694733,0.012946909,0.02023706,0.004994711,0.010032792,0.016277699,0.27117917,0
1849,0,0.025792383,0,0.025792383,0.0009012222,0.012756908,0.014532468,0.0047727237,0.0065115434,0.0060156714,0.19609745,0
1850,0,0.016210219,0,0.016210219,0.0012493134,0.007987879,0.013610168,0.004125261,0.007689608,0.0087286215,0.3217699,0
1851,0,0.033334624,0,0.033334624,0.0013256073,0.011844902,0.016479544,0.0052166977,0.007353018,0.012680092,0.19335116,0
1852,0,0.0138151245,0,0.010869644,0.000872612,0.006999873,0.0138151245,0.0025343532,0.007327127,0.010733845,0.26718476,0
1853,0,0.016838523,0,0.016838523,0.0014972687,0.00815888,0.015693882,0.0041992567,0.0086087575,0.0143904295,0.29990026,0
1854,0,0.027442247,0,0.027442247,0.0016593933,0.00979289,0.019895468,0.0042732526,0.009955117,0.014272475,0.35451218,0
1855,0,0.035691574,0,0.035691574,0.001335144,0.01648093,0.017094411,0.0035517942,0.0074306927,0.011618502,0.3344808,0
1856,0,0.010894509,0,0.009236055,0.0008392334,0.0064298697,0.010894509,0.0019146391,0.0068999166,0.0047181738,0.26523396,0
1857,0,0.036162965,0,0.036162965,0.0020980835,0.012946909,0.02249157,0.00414376,0.009722093,0.024416547,0.43348318,0
1858,0,0.010467518,0,0.008010864,0.00059843063,0.006895372,0.010467518,0.0022383702,0.006427396,0.005101525,0.310775,0
1859,0,0.0113385795,0,0.01017851,0.00066280365,0.006353869,0.0113385795,0.0024603575,0.006479179,0.0080798725,0.22543612,0
1860,0,0.022610499,0,0.022610499,0.0014305115,0.008443882,0.019690514,0.0027378413,0.00780612,0.016513607,0.19493844,0
1861,0,0.015393426,0,0.015393426,0.0007247925,0.007816878,0.011355659,0.007880543,0.0065244893,0.0048656166,0.18816924,0
1862,0,0.014450971,0,0.014450971,0.0012207031,0.0070663732,0.0138151245,0.0035147965,0.008362788,0.011618502,0.32681185,0
1863,0,0.019351736,0,0.019351736,0.0010442734,0.010552894,0.015147334,0.0034777985,0.0076766624,0.009967142,0.30056375,0
1864,0,0.021196328,0,0.021196328,0.0016307831,0.010894896,0.017504321,0.0043102503,0.008220384,0.011441571,0.2900561,0
1865,0,0.011560776,0,0.011560776,0.0006580353,0.0068098716,0.010928668,0.002034882,0.007081157,0.005750274,0.19045426,0
1866,0,0.012141321,0,0.011749268,0.000705719,0.0076838774,0.012141321,0.0024603575,0.0065568537,0.0063695344,0.19711907,0
1867,0,0.018095128,0,0.018095128,0.00068187714,0.008918885,0.011509376,0.0022198714,0.0063497215,0.0047771507,0.28971273,0
1868,0,0.019477395,0,0.019477395,0.0015354156,0.00817788,0.01764096,0.004587734,0.008634649,0.015216109,0.313622,0
1869,0,0.012691722,0,0.012691722,0.0006055832,0.0088618845,0.010194245,0.0023863618,0.0068287146,0.0046591964,0.37071502,0
1870,0,0.021785567,0,0.021785567,0.00084877014,0.009336887,0.011902207,0.012340514,0.0065050707,0.0052784565,0.34251174,0
1871,0,0.025085296,0,0.025085296,0.0011825562,0.009146886,0.01220964,0.008065533,0.006815769,0.005514365,0.17297322,0
1872,0,0.01646154,0,0.01646154,0.0011444092,0.007987879,0.015693882,0.0047172266,0.009307829,0.013446795,0.27186692,0
1873,0,0.017982552,0,0.017843807,0.0015640259,0.008728883,0.017982552,0.0045692353,0.008323951,0.016631562,0.22389674,0
1874,0,0.024731753,0,0.024731753,0.0017642975,0.011084898,0.017982552,0.0042732526,0.008815889,0.013151909,0.17628503,0
1875,0,0.016137952,0,0.014576632,0.0011110306,0.015720926,0.016137952,0.004920715,0.006647474,0.00896453,0.22256246,0
1876,0,0.012687869,0,0.010743983,0.0008583069,0.007151874,0.012687869,0.0032373124,0.007094103,0.008374758,0.2805412,0
1877,0,0.013634177,0,0.013634177,0.0010204315,0.007854878,0.013166099,0.003089321,0.0077672824,0.008197826,0.32532388,0
1878,0,0.036162965,0,0.036162965,0.002117157,0.011160898,0.022218296,0.011691323,0.008492245,0.017811105,0.2570221,0
1879,0,0.016587202,0,0.016587202,0.0008916855,0.008633883,0.012073003,0.0020996283,0.0072882893,0.007106749,0.2774587,0
1880,0,0.017341165,0,0.017341165,0.0009965897,0.008728883,0.014464149,0.0026083488,0.00756015,0.009318393,0.20989764,0
1881,0,0.031449065,0,0.031449065,0.0015258789,0.015568925,0.019007329,0.0047172266,0.00780612,0.009967142,0.2243674,0
1882,0,0.018392462,0,0.01834645,0.0016117096,0.008329881,0.018392462,0.0038107792,0.008919456,0.014508383,0.29480147,0
1883,0,0.015833238,0,0.015833238,0.000834465,0.007835878,0.012448754,0.0032003147,0.0071588317,0.005956694,0.32221332,0
1884,0,0.034748793,0,0.034748793,0.0023651123,0.010856897,0.021535112,0.005105704,0.010654188,0.019226557,0.27679902,0
1885,0,0.020607091,0,0.020607091,0.0015640259,0.008025879,0.015864678,0.010803374,0.0074436385,0.011618502,0.16398372,0
1886,0,0.015215653,0,0.0143253105,0.001168251,0.0075128763,0.015215653,0.003903274,0.008129764,0.011323617,0.3508748,0
1887,0,0.03545588,0,0.03545588,0.0018596649,0.012490907,0.019758832,0.011691323,0.007922632,0.011854411,0.3736675,0
1888,0,0.035220183,0,0.035220183,0.0019836426,0.011312899,0.017845914,0.013546381,0.008582866,0.01480327,0.35558257,0
1889,0,0.029092113,0,0.029092113,0.0018692017,0.011274899,0.019963788,0.008213525,0.008298059,0.016749516,0.1732718,0
1890,0,0.025085296,0,0.025085296,0.00086307526,0.012034904,0.014259194,0.003921773,0.0062008454,0.007018283,0.25019848,0
1891,0,0.016838523,0,0.016838523,0.0012397766,0.008386881,0.015079016,0.003366805,0.008285114,0.011972365,0.26145566,0
1892,0,0.009647697,0,0.008733413,0.00049352646,0.0069238725,0.009647697,0.0031263188,0.0061814263,0.0036270958,0.30409467,0
1893,0,0.017843807,0,0.017843807,0.00093460083,0.008310881,0.0138151245,0.0035702933,0.0074436385,0.009082484,0.22850229,0
1894,0,0.017718147,0,0.017718147,0.0014209747,0.009127886,0.015625564,0.005956655,0.007948523,0.011382594,0.284108,0
1895,0,0.03309893,0,0.03309893,0.0015354156,0.013212911,0.017026093,0.0037737815,0.0076119336,0.012149297,0.16644883,0
1896,0,0.015283971,0,0.015267765,0.0011062622,0.008424882,0.015283971,0.0035332954,0.0073789097,0.014331453,0.38177508,0
1897,0,0.010074687,0,0.007916619,0.0007009506,0.0064108693,0.010074687,0.0025713511,0.0066733654,0.0040694247,0.23775132,0
1898,0,0.009990019,0,0.009990019,0.0004553795,0.00813988,0.009852652,0.0009064475,0.0059128017,0.0026392282,0.27025658,0
1899,0,0.014225035,0,0.012880214,0.0011205673,0.007664877,0.014225035,0.0043102503,0.007301235,0.009908165,0.15495175,0
1900,0,0.009767254,0,0.006125955,0.0005054474,0.0059358664,0.009767254,0.0011654325,0.006433869,0.0032732328,0.27074534,0
1901,0,0.01354185,0,0.012063419,0.0010490417,0.0072468747,0.01354185,0.0029598286,0.008181547,0.01020305,0.20252098,0
1902,0,0.027442247,0,0.027442247,0.0014591217,0.009336887,0.013473531,0.013445892,0.0077284453,0.008669644,0.5496781,0
1903,0,0.02685301,0,0.02685301,0.0019454956,0.011654901,0.019348921,0.0049577127,0.009048914,0.013977589,0.21255021,0
1904,0,0.015707577,0,0.015707577,0.0009775162,0.00821588,0.013576009,0.003921773,0.007314181,0.010969753,0.2604543,0
1905,0,0.020607091,0,0.020607091,0.0015830994,0.009051885,0.017094411,0.0050687063,0.008505191,0.01769315,0.3674042,0
1906,0,0.024260364,0,0.024260364,0.0010538101,0.012756908,0.012448754,0.0048837173,0.007832011,0.005543854,0.310661,0
1907,0,0.029563503,0,0.029563503,0.001077652,0.012034904,0.014156717,0.003903274,0.0074954215,0.008610667,0.29729366,0
1908,0,0.01646154,0,0.01646154,0.0012302399,0.00810188,0.015830519,0.0043102503,0.007870848,0.013505772,0.50600046,0
1909,0,0.012243799,0,0.009801528,0.00079631805,0.006771872,0.012243799,0.0026638457,0.0068869707,0.006340046,0.18792379,0
1910,0,0.02343543,0,0.02343543,0.0012302399,0.0103248935,0.015625564,0.0032558115,0.007573096,0.010321004,0.20787597,0
1911,0,0.021196328,0,0.021196328,0.0013065338,0.010742896,0.015113175,0.00362579,0.007197669,0.009318393,0.5020469,0
1912,0,0.017466826,0,0.017466826,0.0012111664,0.008728883,0.015830519,0.0029413297,0.007197669,0.012208274,0.15954895,0
1913,0,0.014513801,0,0.014513801,0.00084877014,0.00810188,0.013268576,0.003903274,0.0066280556,0.008669644,0.19565152,0
1914,0,0.013439372,0,0.009927189,0.0009393692,0.0067433715,0.013439372,0.0027748393,0.00713294,0.010910776,0.23248075,0
1915,0,0.023788974,0,0.023788974,0.00207901,0.010134893,0.018255826,0.0076955543,0.008841781,0.01958042,0.30974662,0
1916,0,0.022256956,0,0.022256956,0.0010967255,0.010400894,0.01620627,0.003607291,0.007249452,0.008669644,0.15942392,0
1917,0,0.027206551,0,0.027206551,0.0013446808,0.010400894,0.017026093,0.006437627,0.00780612,0.013269863,0.2264835,0
1918,0,0.011150704,0,0.006942749,0.0006198883,0.0065533705,0.011150704,0.0024418586,0.0068416605,0.008138849,0.20631294,0
1919,0,0.01859777,0,0.01859777,0.0008535385,0.011578901,0.013268576,0.0029968263,0.0065244893,0.006310557,0.35456648,0
1920,0,0.01438814,0,0.01438814,0.0006580353,0.00810188,0.010057608,0.0075105648,0.006356194,0.004895105,0.3892852,0
1921,0,0.012346277,0,0.011812098,0.00088214874,0.0070948736,0.012346277,0.0027008436,0.0070552654,0.007047772,0.40327674,0
1922,0,0.02343543,0,0.02343543,0.0020122528,0.008690883,0.017436003,0.0043102503,0.009722093,0.016159745,0.4919326,0
1923,0,0.02072494,0,0.02072494,0.0016021729,0.0084818825,0.017162729,0.0045692353,0.008220384,0.016395653,0.3400314,0
1924,0,0.017466826,0,0.017466826,0.00094890594,0.008462882,0.013917602,0.0030523231,0.0074824756,0.009082484,0.27621093,0
1925,0,0.03781283,0,0.03781283,0.002632141,0.013896915,0.027547138,0.010433395,0.01086132,0.03373494,0.43702674,0
1926,0,0.012687869,0,0.009110395,0.000910759,0.0067528714,0.012687869,0.00414376,0.007365964,0.0071362373,0.2684128,0
1927,0,0.012517073,0,0.004492367,0.0006341934,0.0058931164,0.012517073,0.000846326,0.005783344,0.0065759546,0.5152497,0
1928,0,0.02826718,0,0.02826718,0.0016021729,0.008633883,0.015864678,0.0042177555,0.008090926,0.016985426,0.25418407,0
1929,0,0.01608456,0,0.01608456,0.0007915497,0.008272881,0.012346277,0.00224762,0.006977591,0.008138849,0.34823456,0
1930,0,0.036162965,0,0.036162965,0.0014400482,0.0113509,0.015625564,0.002552852,0.009540852,0.01374168,0.19056985,0
1931,0,0.025792383,0,0.025792383,0.0017547607,0.010894896,0.01805087,0.0041992567,0.008919456,0.012385205,0.18066075,0
1932,0,0.023671126,0,0.023671126,0.001783371,0.010780896,0.017572641,0.004384246,0.008505191,0.014154521,0.21835874,0
1933,0,0.019728716,0,0.019728716,0.00088214874,0.0096028885,0.011970525,0.0029783275,0.007094103,0.0060746484,0.32412362,0
1934,0,0.02873857,0,0.02873857,0.00166893,0.009678889,0.01490822,0.010211408,0.00866054,0.011146685,0.1822013,0
1935,0,0.019854378,0,0.019854378,0.0011491776,0.008538882,0.015693882,0.008398513,0.0075083673,0.008846575,0.1951181,0
1936,0,0.030859824,0,0.030859824,0.0020313263,0.010248893,0.016957775,0.010433395,0.009281937,0.015569973,0.26292738,0
1937,0,0.018119188,0,0.016964182,0.0014591217,0.008405882,0.018119188,0.0035887922,0.007922632,0.01250316,0.17485172,0
1938,0,0.020231359,0,0.020231359,0.0014781952,0.010172892,0.017777596,0.0053276913,0.0086087575,0.012208274,0.27828586,0
1939,0,0.035691574,0,0.035691574,0.0014781952,0.016708933,0.015728042,0.003903274,0.0074306927,0.0101440735,0.37028095,0
1940,0,0.021314176,0,0.021314176,0.00081539154,0.01313691,0.011936366,0.0018683918,0.006653947,0.004452776,0.46413952,0
1941,0,0.034277402,0,0.034277402,0.0015735626,0.011578901,0.019143965,0.005105704,0.007624879,0.018282922,0.26821715,0
1942,0,0.016021729,0,0.016021729,0.000910759,0.007968879,0.012175481,0.0029228306,0.007081157,0.010969753,0.35573277,0
1943,0,0.009818493,0,0.007759543,0.00047445297,0.0068763723,0.009818493,0.001415168,0.006084333,0.0037155617,0.15227774,0
1944,0,0.03592727,0,0.03592727,0.0032424927,0.014808921,0.027820412,0.008546505,0.011353259,0.032791305,0.37020513,0
1945,0,0.015079016,0,0.0126288915,0.0011205673,0.0072088744,0.015079016,0.0030523231,0.007793174,0.011264639,0.25981292,0
1946,0,0.017709278,0,0.016712861,0.001373291,0.008272881,0.017709278,0.0051427023,0.009048914,0.015216109,0.20913969,0
1947,0,0.035691574,0,0.035691574,0.0023555756,0.011844902,0.025770858,0.006178642,0.0100069,0.025949955,0.34859738,0
1948,0,0.012004685,0,0.01024134,0.0007009506,0.006714871,0.012004685,0.0019608864,0.006712203,0.008374758,0.22815728,0
1949,0,0.011372286,0,0.011372286,0.00074863434,0.007607877,0.01128734,0.0020163832,0.0064144502,0.0057207854,0.24425569,0
1950,0,0.014953613,0,0.014953613,0.001449585,0.007123374,0.012585391,0.0022198714,0.009048914,0.010910776,0.33501336,0
1951,0,0.025674535,0,0.025674535,0.0021457672,0.009507888,0.020168742,0.0064006294,0.0104988385,0.019698374,0.35471025,0
1952,0,0.016838523,0,0.016838523,0.0013256073,0.00806388,0.016411226,0.0043102503,0.008039144,0.015569973,0.34808686,0
1953,0,0.021314176,0,0.021314176,0.0021266937,0.009393888,0.020100424,0.0065486208,0.008815889,0.023826776,0.6719101,0
1954,0,0.018802373,0,0.013257195,0.0015830994,0.00817788,0.018802373,0.0026083488,0.007262398,0.014331453,0.46832508,0
1955,0,0.021432023,0,0.021432023,0.001077652,0.011578901,0.013985921,0.002210622,0.007870848,0.005897717,0.24808346,0
1956,0,0.01419965,0,0.01419965,0.0007915497,0.008405882,0.01220964,0.0024788564,0.007249452,0.006605443,0.23539688,0
1957,0,0.014874061,0,0.014827953,0.0012588501,0.007968879,0.014874061,0.003311308,0.008000307,0.013918612,0.25266936,0
1958,0,0.014293353,0,0.013571346,0.0011396408,0.0074178753,0.014293353,0.0045322375,0.0076507707,0.010379982,0.49333352,0
1959,0,0.021785567,0,0.021785567,0.001449585,0.008804884,0.015591404,0.012441003,0.007741391,0.009200439,0.20577264,0
1960,0,0.01834645,0,0.01834645,0.001373291,0.00979289,0.016411226,0.0037552824,0.008090926,0.01102873,0.3542194,0
1961,0,0.015147334,0,0.013822667,0.0011539459,0.0072848746,0.015147334,0.0036997858,0.00780612,0.012385205,0.19823833,0
1962,0,0.018849092,0,0.018849092,0.0011825562,0.008994885,0.014942379,0.0027008436,0.0069905366,0.009731233,0.16839829,0
1963,0,0.030859824,0,0.030859824,0.0007009506,0.015872927,0.012312118,0.0014614153,0.0062267366,0.0040399362,0.17108355,0
1964,0,0.019728716,0,0.019728716,0.0008010864,0.009279887,0.012687869,0.0042732526,0.0065827454,0.0058387397,0.28440985,0
1965,0,0.012517073,0,0.009675868,0.00067710876,0.0070378734,0.012517073,0.0023863618,0.0064468146,0.008315781,0.22485831,0
1966,0,0.026970858,0,0.026970858,0.0019931793,0.011008898,0.019963788,0.00673361,0.00933372,0.01710338,0.28187472,0
1967,0,0.02920996,0,0.02920996,0.0013923645,0.00983089,0.01627459,0.0041067624,0.008220384,0.012031343,0.15313308,0
1968,0,0.03192045,0,0.03192045,0.0025558472,0.014808921,0.024541125,0.0064006294,0.011405042,0.022529278,0.39087772,0
1969,0,0.020607091,0,0.020607091,0.001449585,0.008595883,0.015147334,0.0047172266,0.008582866,0.013800657,0.30205974,0
1970,0,0.017718147,0,0.017718147,0.0009393692,0.009906891,0.013678487,0.0026453468,0.006686311,0.006163114,0.33532512,0
1971,0,0.015967157,0,0.013948329,0.0014686584,0.008234881,0.015967157,0.0039957687,0.0078449575,0.014154521,0.1546264,0
1972,0,0.022964042,0,0.022964042,0.0012969971,0.0103248935,0.015830519,0.005438685,0.00746953,0.012680092,0.21794419,0
1973,0,0.034513097,0,0.034513097,0.0018405914,0.012262905,0.025497584,0.005105704,0.009074804,0.021113826,0.43345332,0
1974,0,0.029327808,0,0.029327808,0.0017547607,0.012148905,0.017094411,0.0051797,0.010239923,0.017457243,0.35387242,0
1975,0,0.025792383,0,0.025792383,0.0010967255,0.013858915,0.0157622,0.004236255,0.0068999166,0.011264639,0.22432595,0
1976,0,0.031331215,0,0.031331215,0.00081062317,0.017012933,0.0128245065,0.0023216156,0.0060325502,0.0043643108,0.22418143,0
1977,0,0.014890783,0,0.014890783,0.0009393692,0.008025879,0.01402008,0.0043102503,0.0070034824,0.008492713,0.16386285,0
1978,0,0.022256956,0,0.022256956,0.0018405914,0.008899884,0.019622196,0.0052906936,0.010938995,0.020170191,0.34122056,0
1979,0,0.010467518,0,0.007696713,0.0006532669,0.006201868,0.010467518,0.0017296498,0.0067963502,0.005189991,0.45590776,0
1980,0,0.013849284,0,0.011937759,0.0011491776,0.009431887,0.013849284,0.0037182847,0.0074824756,0.010379982,0.49767113,0
1981,0,0.016103793,0,0.015204934,0.0012159348,0.007892879,0.016103793,0.0035887922,0.0074565844,0.01374168,0.25249076,0
1982,0,0.019603057,0,0.019603057,0.0016212463,0.007854878,0.018187506,0.003903274,0.008867673,0.014272475,0.4383173,0
1983,0,0.028502874,0,0.028502874,0.0012874603,0.012110904,0.0166845,0.009915425,0.007094103,0.010379982,0.28947815,0
1984,0,0.025674535,0,0.025674535,0.0017929077,0.010020891,0.020032106,0.006289636,0.008531082,0.019934284,0.24837196,0
1985,0,0.022964042,0,0.022964042,0.00088214874,0.010666896,0.012312118,0.008139528,0.006815769,0.007401635,0.17232864,0
1986,0,0.01847211,0,0.01847211,0.0010108948,0.008747884,0.015113175,0.0052906936,0.0068999166,0.00855169,0.3115538,0
1987,0,0.03309893,0,0.03309893,0.001783371,0.013212911,0.019348921,0.0038107792,0.008893564,0.016395653,0.18321532,0
1988,0,0.01633588,0,0.01633588,0.0013828278,0.00821588,0.01627459,0.0038477771,0.008259222,0.013505772,0.40775302,0
1989,0,0.029917045,0,0.029917045,0.0015544891,0.010856897,0.014054239,0.0045692353,0.010084574,0.007667032,0.28301352,0
1990,0,0.034277402,0,0.034277402,0.0015068054,0.013820915,0.016616182,0.004069764,0.0074436385,0.009849187,0.18269895,0
1991,0,0.019854378,0,0.019854378,0.0009775162,0.0075888764,0.012243799,0.0024233595,0.007521313,0.006399023,0.17904718,0
1992,0,0.011812098,0,0.011812098,0.0005078316,0.007892879,0.010023449,0.0017204003,0.006168481,0.0039514704,0.29597715,0
1993,0,0.016587202,0,0.016587202,0.0012779236,0.008348881,0.016547862,0.0044582416,0.008103873,0.0122672515,0.35558027,0
1994,0,0.02920996,0,0.02920996,0.0018310547,0.011654901,0.019963788,0.0050317086,0.009100696,0.014154521,0.36515665,0
1995,0,0.021549871,0,0.021549871,0.0016784668,0.008899884,0.016821137,0.0040327664,0.009074804,0.014154521,0.19922428,0
1996,0,0.030270588,0,0.030270588,0.0016307831,0.011008898,0.017299367,0.0068076057,0.008336896,0.014980201,0.20930943,0
1997,0,0.015079016,0,0.012943043,0.0013542175,0.0072278744,0.015079016,0.0029968263,0.008000307,0.014685315,0.51658297,0
1998,0,0.017367685,0,0.017341165,0.0015735626,0.008823884,0.017367685,0.0059936526,0.009023022,0.014095544,0.25593957,0
1999,0,0.013822667,0,0.013822667,0.000872612,0.0076838774,0.012346277,0.006363631,0.007534259,0.007961918,0.19242556,0
2000,0,0.0143253105,0,0.0143253105,0.0010061264,0.00810188,0.01354185,0.0047172266,0.0074048014,0.009731233,0.2492138,0
2001,0,0.02107848,0,0.02107848,0.0017356873,0.009051885,0.018392462,0.0046247323,0.008492245,0.017457243,0.20515366,0
2002,0,0.017089844,0,0.017089844,0.0007677078,0.008595883,0.012995303,0.0023123662,0.006653947,0.0068118633,0.2208022,0
2003,0,0.028974265,0,0.028974265,0.0021839142,0.010590895,0.017982552,0.0065856185,0.009566744,0.016749516,0.17192566,0
2004,0,0.010450439,0,0.0070369947,0.0005364418,0.0062493687,0.010450439,0.0023031165,0.0062396824,0.004452776,0.24505681,0
2005,0,0.014576632,0,0.014576632,0.001039505,0.0075888764,0.014190876,0.0026453468,0.007586042,0.010026119,0.205949,0
2006,0,0.01646154,0,0.01646154,0.0011396408,0.008500882,0.01627459,0.0035887922,0.0071199946,0.00979021,0.27270687,0
2007,0,0.015113175,0,0.012000589,0.0012588501,0.007341875,0.015113175,0.0037922803,0.008259222,0.012857023,0.20134696,0
2008,0,0.015142105,0,0.015142105,0.0008869171,0.008405882,0.012448754,0.0039402717,0.0065827454,0.0067823743,0.1919941,0
2009,0,0.03639866,0,0.03639866,0.0019931793,0.01302291,0.017982552,0.006881601,0.008815889,0.030904036,0.30565917,0
2010,0,0.02873857,0,0.02873857,0.0014305115,0.012414906,0.015728042,0.008916483,0.006977591,0.011913388,0.19797973,0
2011,0,0.016838523,0,0.016838523,0.00093460083,0.008595883,0.013405213,0.0073255757,0.0065115434,0.008374758,0.34638697,0
2012,0,0.016821137,0,0.016210219,0.0014877319,0.008709883,0.016821137,0.0038107792,0.0083886795,0.013033954,0.21958183,0
2013,0,0.019728716,0,0.019728716,0.0016212463,0.008443882,0.016821137,0.0042547537,0.009256045,0.013505772,0.19307257,0
2014,0,0.021549871,0,0.021549871,0.0011491776,0.008690883,0.013268576,0.003311308,0.007974415,0.008492713,0.1810667,0
2015,0,0.028856417,0,0.028856417,0.0020885468,0.012148905,0.018187506,0.0047172266,0.009100696,0.014921224,0.20520593,0
2016,0,0.014395831,0,0.012817383,0.0012397766,0.0072088744,0.014395831,0.0037367835,0.008155655,0.012149297,0.2665607,0
2017,0,0.01086035,0,0.01024134,0.000872612,0.0071043735,0.01086035,0.0038107792,0.0070552654,0.006693909,0.2994246,0
2018,0,0.022256956,0,0.022256956,0.0013923645,0.009431887,0.016752819,0.003348306,0.0083886795,0.013151909,0.32397512,0
2019,0,0.029799197,0,0.029799197,0.00207901,0.011236899,0.019075647,0.0058826595,0.0097738765,0.018047014,0.3602663,0
2020,0,0.014827953,0,0.014827953,0.00093460083,0.0084818825,0.013610168,0.0035332954,0.007586042,0.00896453,0.34158233,0
2021,0,0.028974265,0,0.028974265,0.0009584427,0.014504919,0.011543535,0.0028673338,0.0068028234,0.0036418403,0.21765111,0
2022,0,0.010995304,0,0.010995304,0.0006580353,0.006657871,0.010894509,0.0029968263,0.0066733654,0.007224703,0.28798229,0
2023,0,0.015557245,0,0.014450971,0.0013065338,0.008500882,0.015557245,0.0029043318,0.0074824756,0.012621114,0.20869339,0
2024,0,0.024849601,0,0.024849601,0.0018978119,0.009982891,0.019280603,0.0045507364,0.009851551,0.018400878,0.19076164,0
2025,0,0.014765122,0,0.014765122,0.0011873245,0.007873878,0.0147374235,0.0033298072,0.007353018,0.010321004,0.27706438,0
2026,0,0.026028076,0,0.026028076,0.0013160706,0.009108886,0.01127026,0.0021366263,0.011586283,0.0045117536,0.25821984,0
2027,0,0.015707577,0,0.015707577,0.001001358,0.010818896,0.014566627,0.003607291,0.0068869707,0.007313169,0.4237575,0
2028,0,0.017466826,0,0.017466826,0.0014686584,0.008291881,0.016411226,0.0047172266,0.008103873,0.015687928,0.31735733,0
2029,0,0.0127561875,0,0.011372286,0.0012016296,0.007531876,0.0127561875,0.0035887922,0.008013252,0.010497936,0.21655235,0
2030,0,0.03109552,0,0.03109552,0.0011062622,0.014162917,0.012585391,0.0032558115,0.0070552654,0.0064874887,0.47223648,0
2031,0,0.012312118,0,0.0076652975,0.0006008148,0.0067433715,0.012312118,0.0032003147,0.00675104,0.011087708,0.281478,0
2032,0,0.015523086,0,0.014011159,0.0013446808,0.007892879,0.015523086,0.00362579,0.008103873,0.014921224,0.41148552,0
2033,0,0.014669105,0,0.013257195,0.001206398,0.007778878,0.014669105,0.0037182847,0.007935578,0.01102873,0.17050055,0
2034,0,0.012314741,0,0.012314741,0.00054836273,0.007531876,0.010040528,0.003348306,0.006427396,0.0052784565,0.255156,0
2035,0,0.031331215,0,0.031331215,0.0011348724,0.019547975,0.014634945,0.003903274,0.0063885585,0.005189991,0.33417565,0
2036,0,0.01608456,0,0.01608456,0.0010681152,0.007816878,0.01402008,0.0037737815,0.007353018,0.009200439,0.2695431,0
2037,0,0.017215505,0,0.017215505,0.0010204315,0.00810188,0.012995303,0.00310782,0.0069516995,0.007224703,0.41922742,0
2038,0,0.017215505,0,0.017215505,0.0010442734,0.00810188,0.01261955,0.0070665907,0.0071588317,0.005455388,0.19446465,0
2039,0,0.019854378,0,0.019854378,0.0015068054,0.008747884,0.017914234,0.004125261,0.008440462,0.013977589,0.25984776,0
2040,0,0.015079016,0,0.015016444,0.0013828278,0.007835878,0.015079016,0.004347248,0.00823333,0.013210886,0.2443128,0
2041,0,0.019603057,0,0.019603057,0.0016021729,0.009640889,0.017777596,0.004384246,0.0084793,0.012680092,0.25756946,0
2042,0,0.016752819,0,0.015079274,0.0012683868,0.007911879,0.016752819,0.004643231,0.008841781,0.01374168,0.22390461,0
2043,0,0.01847211,0,0.01847211,0.0011587143,0.009355888,0.015113175,0.0029783275,0.008013252,0.0122672515,0.37546062,0
2044,0,0.012038844,0,0.011497946,0.0008249283,0.0073988754,0.012038844,0.0025158543,0.007340072,0.0071657263,0.24164428,0
2045,0,0.022139108,0,0.022139108,0.0013256073,0.010628895,0.017572641,0.0045692353,0.009644418,0.014508383,0.35558406,0
2046,0,0.018723432,0,0.018723432,0.0016307831,0.00810188,0.018392462,0.004236255,0.009307829,0.01769315,0.3811638,0
2047,0,0.014395831,0,0.0143253105,0.0012159348,0.007797878,0.014395831,0.0037367835,0.0077672824,0.010910776,0.31483322,0
2048,0,0.023243073,0,0.02072494,0.0026512146,0.00983089,0.023243073,0.004125261,0.008052089,0.022647234,0.33885646,0
2049,0,0.022374803,0,0.022374803,0.00089645386,0.010286893,0.012858666,0.0034223017,0.0068999166,0.0071362373,0.1932034,0
2050,0,0.017299367,0,0.016210219,0.0013446808,0.008823884,0.017299367,0.0039772694,0.007819066,0.014331453,0.33370358,0
2051,0,0.022728346,0,0.022728346,0.002040863,0.010210892,0.019007329,0.005438685,0.009540852,0.022647234,0.531101,0
2052,0,0.025792383,0,0.025792383,0.0018787384,0.011692902,0.019485557,0.004680229,0.008841781,0.0129749775,0.30568513,0
2053,0,0.017341165,0,0.017341165,0.00096797943,0.008614883,0.013473531,0.0034223017,0.0074954215,0.008256803,0.16172823,0
2054,0,0.02638162,0,0.02638162,0.0019550323,0.010210892,0.021330157,0.00414376,0.008789998,0.023708822,0.27983505,0
2055,0,0.02638162,0,0.02638162,0.0020503998,0.010780896,0.016547862,0.004069764,0.008427517,0.013387818,0.17929287,0
2056,0,0.022846194,0,0.022846194,0.0017642975,0.012984909,0.022286616,0.0059936526,0.010421164,0.020052237,0.33325276,0
2057,0,0.02249265,0,0.02249265,0.0013160706,0.008899884,0.015318131,0.0048097214,0.008893564,0.013859635,0.29973763,0
2058,0,0.013508516,0,0.013508516,0.00091552734,0.007493876,0.012482914,0.0024788564,0.006925808,0.008197826,0.19324963,0
2059,0,0.022374803,0,0.022374803,0.0016212463,0.009488888,0.016821137,0.0034038029,0.008764107,0.010969753,0.26902363,0
2060,0,0.013985921,0,0.013005874,0.0012588501,0.007322875,0.013985921,0.0020996283,0.0075083673,0.0094363475,0.5672893,0
2061,0,0.02779579,0,0.02779579,0.0013923645,0.009108886,0.015420608,0.0043102503,0.00933372,0.012621114,0.24188459,0
2062,0,0.010996987,0,0.010743983,0.00074863434,0.0069333725,0.010996987,0.0016001574,0.0069646453,0.00625158,0.33762068,0
2063,0,0.015016444,0,0.015016444,0.0010061264,0.007664877,0.0127903465,0.003385304,0.007029374,0.0075195893,0.29142052,0
2064,0,0.033334624,0,0.033334624,0.002155304,0.0116169015,0.024609445,0.005919657,0.01052473,0.027247453,0.3502732,0
2065,0,0.02968135,0,0.02968135,0.002040863,0.009678889,0.026863953,0.0056236745,0.008492245,0.032791305,0.21196233,0
2066,0,0.018095128,0,0.018095128,0.0012302399,0.008329881,0.01764096,0.0047357255,0.0074306927,0.013210886,0.23852631,0
2067,0,0.013257195,0,0.013257195,0.00077724457,0.007873878,0.010757872,0.0018868907,0.0069646453,0.0045707305,0.13636723,0
2068,0,0.026735162,0,0.026735162,0.0023078918,0.010742896,0.02126184,0.0071035884,0.009230154,0.022529278,0.4294913,0
2069,0,0.022728346,0,0.022728346,0.0013446808,0.0103248935,0.016616182,0.004347248,0.008000307,0.013210886,0.16361463,0
2070,0,0.013883443,0,0.011937759,0.001039505,0.006961873,0.013883443,0.0035147965,0.007832011,0.010321004,0.2324904,0
2071,0,0.02249265,0,0.02249265,0.0009012222,0.0113889,0.014054239,0.0023678627,0.0066086366,0.0074311234,0.32690182,0
2072,0,0.018095128,0,0.018095128,0.0014019012,0.008500882,0.015932998,0.003607291,0.00756015,0.015216109,0.45189762,0
2073,0,0.010979908,0,0.009738698,0.00066280365,0.007132874,0.010979908,0.0022383702,0.0064727063,0.0057207854,0.16102391,0
2074,0,0.013610168,0,0.012566062,0.0009250641,0.0074368757,0.013610168,0.0029598286,0.006977591,0.008492713,0.23644076,0
2075,0,0.028620722,0,0.028620722,0.0011301041,0.012110904,0.014327513,0.0032373124,0.0077672824,0.009908165,0.20669182,0
2076,0,0.02249265,0,0.02249265,0.0008249283,0.010742896,0.012687869,0.003366805,0.0074565844,0.006399023,0.3414776,0
2077,0,0.013473531,0,0.009487377,0.00092983246,0.0070378734,0.013473531,0.0025158543,0.0068869707,0.008610667,0.17641193,0
2078,0,0.032391842,0,0.032391842,0.0010967255,0.013972916,0.014088398,0.0015816584,0.00756015,0.007726009,0.1783403,0
2079,0,0.012243799,0,0.009613037,0.00074863434,0.006847872,0.012243799,0.003311308,0.006641001,0.008433735,0.22448526,0
2080,0,0.019100413,0,0.019100413,0.0016117096,0.0088618845,0.018392462,0.003884775,0.00899713,0.016749516,0.41736224,0
2081,0,0.02449606,0,0.02449606,0.0017166138,0.00975489,0.019758832,0.006178642,0.008298059,0.014921224,0.17571165,0
2082,0,0.013948329,0,0.013948329,0.0008201599,0.009906891,0.012004685,0.0023031165,0.0066151097,0.0057797628,0.36522296,0
2083,0,0.03545588,0,0.03545588,0.0014305115,0.0114649,0.015181494,0.0026638457,0.008582866,0.019226557,0.28745043,0
2084,0,0.0147374235,0,0.0137598375,0.0010299683,0.007493876,0.0147374235,0.0045692353,0.007417747,0.009554301,0.24449314,0
2085,0,0.02035702,0,0.02035702,0.0010204315,0.009070885,0.014600786,0.004402745,0.008789998,0.009200439,0.2082768,0
2086,0,0.017215505,0,0.017215505,0.0012302399,0.00815888,0.01579636,0.0037367835,0.008349842,0.010438959,0.1873741,0
2087,0,0.026970858,0,0.026970858,0.0020694733,0.010058892,0.020988565,0.0048097214,0.0097738765,0.023119051,0.24521601,0
2088,0,0.010108846,0,0.008419261,0.0005245209,0.0069333725,0.010108846,0.0024233595,0.0061231707,0.0038630045,0.23847932,0
2089,0,0.008802256,0,0.004460952,0.0004172325,0.005850366,0.008802256,0.00076770555,0.0060778605,0.0028161597,0.35406688,0
2090,0,0.031213367,0,0.031213367,0.0019836426,0.012490907,0.024951037,0.007214582,0.0086087575,0.018518832,0.18338007,0
2091,0,0.032391842,0,0.032391842,0.0016212463,0.011882903,0.019485557,0.0047357255,0.008556974,0.016631562,0.18419883,0
2092,0,0.013371054,0,0.009550206,0.0009584427,0.006781372,0.013371054,0.0023863618,0.0072235605,0.010085096,0.35497713,0
2093,0,0.014073989,0,0.014073989,0.00082969666,0.00821588,0.01309778,0.0039957687,0.0068416605,0.007313169,0.26586682,0
2094,0,0.010604155,0,0.007790958,0.0006532669,0.0062873685,0.010604155,0.0026453468,0.006304411,0.0042168675,0.27625653,0
2095,0,0.012858666,0,0.012000589,0.0008249283,0.0072468747,0.012858666,0.0037367835,0.00666042,0.008138849,0.22435208,0
2096,0,0.016712861,0,0.016712861,0.00072956085,0.009982891,0.010689554,0.00224762,0.0062267366,0.0039514704,0.2681066,0
2097,0,0.017089844,0,0.017089844,0.0012779236,0.0074178753,0.0166845,0.003366805,0.008039144,0.016513607,0.21614178,0
2098,0,0.01265371,0,0.0126288915,0.0008058548,0.0072468747,0.01265371,0.0034038029,0.0068999166,0.0065464657,0.19047385,0
2099,0,0.02402467,0,0.02402467,0.001449585,0.011730902,0.017231047,0.0050317086,0.008764107,0.011500548,0.3798754,0
2100,0,0.021549871,0,0.021549871,0.0018882751,0.009868891,0.018392462,0.004088263,0.007521313,0.017575197,0.2866295,0
2101,0,0.009903891,0,0.0045551974,0.0004911423,0.0057221153,0.009903891,0.0012579272,0.0062396824,0.004393799,0.22819509,0
2102,0,0.016001316,0,0.013948329,0.001335144,0.007360875,0.016001316,0.004088263,0.007857903,0.014272475,0.61711854,0
2103,0,0.025910228,0,0.025910228,0.0017642975,0.00979289,0.017982552,0.005438685,0.009618527,0.015216109,0.38240758,0
2104,0,0.024142517,0,0.024142517,0.0018310547,0.009317887,0.017026093,0.008398513,0.008738215,0.015805881,0.17372833,0
2105,0,0.017215505,0,0.017215505,0.0012874603,0.0086718835,0.015454767,0.004236255,0.007586042,0.010910776,0.16372769,0
2106,0,0.029917045,0,0.029917045,0.002708435,0.009146886,0.02119352,0.0064006294,0.010447056,0.025832001,0.3647618,0
2107,0,0.02035702,0,0.02035702,0.0013446808,0.0088618845,0.016411226,0.00449524,0.0076766624,0.016749516,0.21331087,0
2108,0,0.016838523,0,0.016838523,0.0013446808,0.0075698765,0.015967157,0.003144818,0.009100696,0.014213498,0.17512873,0
2109,0,0.011970525,0,0.009738698,0.0007534027,0.0065723704,0.011970525,0.0020533812,0.007068211,0.007667032,0.23449492,0
2110,0,0.022256956,0,0.022256956,0.0012016296,0.009279887,0.014566627,0.008546505,0.007197669,0.008846575,0.16300252,0
2111,0,0.030034892,0,0.030034892,0.001335144,0.0105148945,0.015215653,0.020078164,0.007197669,0.009200439,0.16702372,0
2112,0,0.024731753,0,0.024731753,0.0019264221,0.0116169015,0.018324144,0.0048837173,0.009023022,0.012444182,0.1288886,0
2113,0,0.011150704,0,0.0063144458,0.0006008148,0.0065913703,0.011150704,0.002885833,0.0058318907,0.004895105,0.2043675,0
2114,0,0.011560776,0,0.011560776,0.0005841255,0.0073798755,0.011031146,0.0022198714,0.0062785195,0.0050130594,0.3316409,0
2115,0,0.023317585,0,0.023317585,0.0010538101,0.0103248935,0.014122557,0.003903274,0.007586042,0.008433735,0.36293143,0
2116,0,0.01041628,0,0.008796243,0.0005674362,0.0066958712,0.01041628,0.003385304,0.0067834044,0.003833516,0.237088,0
2117,0,0.020960633,0,0.020960633,0.001449585,0.008348881,0.015932998,0.0048097214,0.009566744,0.017221333,0.25872558,0
2118,0,0.018095128,0,0.018095128,0.0009202957,0.008747884,0.012858666,0.0023863618,0.006589218,0.006222091,0.13991418,0
2119,0,0.014190876,0,0.013634177,0.0011205673,0.0077598775,0.014190876,0.003385304,0.008531082,0.009318393,0.4073025,0
2120,0,0.019351736,0,0.019351736,0.001115799,0.0081208795,0.013883443,0.0032928092,0.0069387536,0.0054848767,0.19759528,0
2121,0,0.009246326,0,0.006283031,0.00054359436,0.006173368,0.009246326,0.0016464046,0.0063238298,0.0035533744,0.3966653,0
2122,0,0.012517073,0,0.011183795,0.0007534027,0.0070663732,0.012517073,0.0035702933,0.006712203,0.008905552,0.15491559,0
2123,0,0.023553278,0,0.023553278,0.0018596649,0.009203887,0.018665737,0.0050317086,0.008505191,0.02229337,0.2860857,0
2124,0,0.017231047,0,0.017215505,0.0012493134,0.007987879,0.017231047,0.0073995716,0.007365964,0.016159745,0.25612965,0
2125,0,0.014011159,0,0.014011159,0.0010633469,0.007132874,0.012892825,0.0051797,0.0074824756,0.0069298176,0.30896282,0
2126,0,0.011458136,0,0.011120965,0.0007247925,0.0073988754,0.011458136,0.0029043318,0.006835188,0.0056618084,0.37799305,0
2127,0,0.023788974,0,0.023788974,0.0017356873,0.008956885,0.01764096,0.011617327,0.007417747,0.014095544,0.25512567,0
2128,0,0.01426248,0,0.01426248,0.0009965897,0.00806388,0.0127561875,0.005401687,0.007094103,0.008610667,0.3360921,0
2129,0,0.018324144,0,0.017592486,0.0017547607,0.0076838774,0.018324144,0.004920715,0.009955117,0.01792906,0.47705877,0
2130,0,0.020960633,0,0.020960633,0.0010728836,0.010476895,0.014532468,0.0042177555,0.007883795,0.007961918,0.2996441,0
2131,0,0.03592727,0,0.03592727,0.0022697449,0.012300906,0.021056883,0.008102531,0.009566744,0.025949955,0.23230639,0
2132,0,0.012063419,0,0.012063419,0.0006866455,0.007721877,0.011253181,0.0013596712,0.00636914,0.0064285113,0.259983,0
2133,0,0.025792383,0,0.025792383,0.001373291,0.00971689,0.014156717,0.012541492,0.007327127,0.0071362373,0.1511111,0
2134,0,0.036162965,0,0.036162965,0.0024414063,0.009374888,0.013473531,0.0024418586,0.01940071,0.008433735,0.33457145,0
2135,0,0.027206551,0,0.027206551,0.0013160706,0.011160898,0.017709278,0.0039402717,0.007417747,0.013033954,0.14920034,0
2136,0,0.015181494,0,0.014827953,0.0009775162,0.007664877,0.015181494,0.003884775,0.007417747,0.011618502,0.22979228,0
2137,0,0.034513097,0,0.034513097,0.00166893,0.013592913,0.018802373,0.0047727237,0.00823333,0.012739069,0.38362595,0
2138,0,0.019854378,0,0.019854378,0.0009393692,0.010020891,0.013610168,0.0024973555,0.006912862,0.0069003287,0.16077578,0
2139,0,0.02449606,0,0.02449606,0.0018692017,0.009450888,0.019690514,0.0036627878,0.009126588,0.021703599,0.29049557,0
2140,0,0.03309893,0,0.03309893,0.0014877319,0.011198899,0.01627459,0.0045137387,0.009178371,0.016513607,0.30640545,0
2141,0,0.01579636,0,0.010492661,0.0014019012,0.007341875,0.01579636,0.0024048607,0.007094103,0.017221333,0.40516597,0
2142,0,0.01822079,0,0.01822079,0.00088214874,0.00806388,0.011628932,0.0037367835,0.0073789097,0.0057207854,0.2684684,0
2143,0,0.02968135,0,0.02968135,0.0017356873,0.012148905,0.015693882,0.0043102503,0.009929225,0.011087708,0.30257487,0
2144,0,0.0143253105,0,0.0143253105,0.0008010864,0.007189874,0.0117997285,0.002848835,0.006835188,0.008197826,0.2601732,0
2145,0,0.021314176,0,0.021314176,0.0015449524,0.00975489,0.017231047,0.0052166977,0.00866054,0.013151909,0.24247766,0
2146,0,0.012175481,0,0.008607753,0.00072956085,0.006676871,0.012175481,0.0022383702,0.0066151097,0.0068413517,0.26521856,0
2147,0,0.019854378,0,0.019854378,0.0012207031,0.008595883,0.014600786,0.003366805,0.007598988,0.013505772,0.27148414,0
2148,0,0.034984488,0,0.034984488,0.0023460388,0.012604907,0.020032106,0.0054756827,0.009463178,0.020524055,0.30768272,0
2149,0,0.034513097,0,0.034513097,0.0022411346,0.010286893,0.019895468,0.013244915,0.0101363575,0.019226557,0.2236871,0
2150,0,0.036634352,0,0.036634352,0.0012302399,0.017549826,0.01442999,0.0053276913,0.0065633263,0.012031343,0.2305292,0
2151,0,0.014953613,0,0.014953613,0.0012779236,0.008348881,0.014566627,0.0035332954,0.00823333,0.01250316,0.23327516,0
2152,0,0.014953613,0,0.014953613,0.00081062317,0.0075888764,0.010296722,0.0027378413,0.007365964,0.004187379,0.35730046,0
2153,0,0.021196328,0,0.021196328,0.0018119812,0.0092228865,0.020168742,0.0050317086,0.009696201,0.01875474,0.3252189,0
2154,0,0.01646154,0,0.01646154,0.0008773804,0.008386881,0.011782649,0.0027193425,0.006712203,0.0061336257,0.18906546,0
2155,0,0.022610499,0,0.022610499,0.0018882751,0.009165886,0.019280603,0.0042177555,0.009385503,0.01686747,0.3737751,0
2156,0,0.014450971,0,0.014450971,0.000872612,0.007911879,0.0118338885,0.0029598286,0.006848133,0.0048656166,0.25234458,0
2157,0,0.01633588,0,0.01633588,0.0012111664,0.007949878,0.014122557,0.0048837173,0.0074306927,0.009082484,0.22356823,0
2158,0,0.014450971,0,0.014450971,0.0007581711,0.008500882,0.011697251,0.0029043318,0.007249452,0.005396411,0.23446982,0
2159,0,0.016712861,0,0.016712861,0.0010585785,0.008006879,0.012073003,0.0068076057,0.0067186756,0.008905552,0.15861285,0
2160,0,0.017089844,0,0.017089844,0.0012397766,0.008595883,0.016001316,0.004180758,0.007909686,0.01209032,0.21196952,0
2161,0,0.014827953,0,0.014827953,0.00077724457,0.008747884,0.01086035,0.0029968263,0.0069905366,0.005455388,0.37711653,0
2162,0,0.024849601,0,0.024849601,0.0013446808,0.008538882,0.013985921,0.0041992567,0.008090926,0.0115595255,0.44560024,0
2163,0,0.024967449,0,0.024967449,0.001373291,0.011692902,0.017914234,0.0046987277,0.006848133,0.012680092,0.1817683,0
2164,0,0.020231359,0,0.020231359,0.0010681152,0.008766884,0.014190876,0.0029228306,0.0063950317,0.023001095,0.40164223,0
2165,0,0.02308189,0,0.02308189,0.0018882751,0.009070885,0.018324144,0.004994711,0.008893564,0.017575197,0.25850263,0
2166,0,0.015215653,0,0.01237757,0.0011014938,0.007170874,0.015215653,0.0024048607,0.0072235605,0.012562137,0.33558667,0
2167,0,0.032156147,0,0.032156147,0.001707077,0.012718908,0.017982552,0.012340514,0.0077284453,0.013210886,0.19813079,0
2168,0,0.0154562555,0,0.0154562555,0.0008058548,0.0088618845,0.011116544,0.0036812867,0.006647474,0.0047181738,0.18065505,0
2169,0,0.0143253105,0,0.0143253105,0.0009059906,0.00806388,0.013712646,0.003348306,0.0068869707,0.009613278,0.34486946,0
2170,0,0.03639866,0,0.03639866,0.0016975403,0.012794908,0.016035475,0.007806548,0.010395273,0.014862247,0.3155486,0
2171,0,0.016210219,0,0.016210219,0.0011396408,0.008386881,0.014190876,0.004421244,0.0072753434,0.007667032,0.20102488,0
2172,0,0.0137598375,0,0.0137598375,0.0010061264,0.007341875,0.013371054,0.0032558115,0.007094103,0.011500548,0.21386714,0
2173,0,0.014136819,0,0.014136819,0.0010490417,0.008272881,0.014054239,0.004347248,0.007145886,0.010026119,0.23375478,0
2174,0,0.035220183,0,0.035220183,0.002231598,0.018645585,0.024131214,0.0052166977,0.007689608,0.014449406,0.48378637,0
2175,0,0.019603057,0,0.019603057,0.0012588501,0.00971689,0.014464149,0.01191331,0.007314181,0.012916001,0.16914125,0
2176,0,0.014156717,0,0.013571346,0.0011253357,0.0076268767,0.014156717,0.0068076057,0.0075083673,0.009967142,0.29821658,0
2177,0,0.0117997285,0,0.011623607,0.00076293945,0.007189874,0.0117997285,0.0022661188,0.007249452,0.00687084,0.19806841,0
2178,0,0.027442247,0,0.027442247,0.0010871887,0.011958904,0.013849284,0.005253696,0.007547205,0.009613278,0.4422098,0
2179,0,0.028385026,0,0.028385026,0.0019454956,0.009678889,0.016889455,0.005919657,0.00899713,0.01710338,0.48672548,0
2180,0,0.020842785,0,0.020842785,0.0018501282,0.00975489,0.01893901,0.0040327664,0.008815889,0.016159745,0.34689733,0
2181,0,0.033806015,0,0.033806015,0.0016307831,0.01313691,0.022833163,0.005401687,0.007935578,0.018282922,0.24269913,0
2182,0,0.018095128,0,0.018095128,0.0014019012,0.009184887,0.017777596,0.005919657,0.008867673,0.016159745,0.25031075,0
2183,0,0.02308189,0,0.02308189,0.0013542175,0.008538882,0.01620627,0.0045322375,0.007883795,0.009967142,0.4160742,0
2184,0,0.02249265,0,0.02249265,0.0010299683,0.010362893,0.014464149,0.0034223017,0.007197669,0.0080798725,0.32286668,0
2185,0,0.012314741,0,0.012314741,0.0007200241,0.0071043735,0.010296722,0.0021551251,0.0070164283,0.0024475525,0.15747079,0
2186,0,0.012141321,0,0.010304171,0.0009012222,0.0066388706,0.012141321,0.0032188136,0.0074306927,0.008197826,0.438838,0
2187,0,0.014156717,0,0.012880214,0.0010681152,0.0074368757,0.014156717,0.003348306,0.00756015,0.00979021,0.25237042,0
2188,0,0.027560094,0,0.027560094,0.0012874603,0.010894896,0.015010698,0.0045507364,0.008893564,0.010321004,0.34123316,0
2189,0,0.028149333,0,0.028149333,0.002117157,0.010742896,0.020168742,0.0047357255,0.010084574,0.017339287,0.52643585,0
2190,0,0.017718147,0,0.017718147,0.0011444092,0.009108886,0.013576009,0.0024973555,0.0074306927,0.0094363475,0.2783779,0
2191,0,0.03192045,0,0.03192045,0.00096797943,0.016632931,0.012346277,0.0038292783,0.006304411,0.0048656166,0.22515836,0
2192,0,0.030741978,0,0.030741978,0.002231598,0.010020891,0.019622196,0.006030651,0.010705971,0.018400878,0.33995962,0
2193,0,0.019728716,0,0.019728716,0.0011539459,0.0092228865,0.01535229,0.004162259,0.008026198,0.01102873,0.18425506,0
2194,0,0.01261955,0,0.009236055,0.000834465,0.0066008708,0.01261955,0.0026083488,0.00713294,0.008905552,0.23919597,0
2195,0,0.014953613,0,0.014953613,0.00081062317,0.011578901,0.013439372,0.0025713511,0.005780108,0.007726009,0.3375448,0
2196,0,0.017843807,0,0.017843807,0.0010442734,0.007911879,0.013439372,0.0076955543,0.006912862,0.007667032,0.2346676,0
2197,0,0.020960633,0,0.020960633,0.0019741058,0.008652883,0.015830519,0.0047727237,0.009540852,0.014508383,0.37722275,0
2198,0,0.02920996,0,0.02920996,0.0014591217,0.010742896,0.016137952,0.004587734,0.008129764,0.00937737,0.17946814,0
2199,0,0.019854378,0,0.019854378,0.0013923645,0.009070885,0.016616182,0.0045137387,0.007948523,0.010026119,0.347071,0
2200,0,0.022964042,0,0.022964042,0.0011539459,0.009184887,0.015591404,0.0043657473,0.007819066,0.013918612,0.37880558,0
2201,0,0.013131535,0,0.013131535,0.00082969666,0.0070473733,0.012277958,0.0029783275,0.006809296,0.005602831,0.17519818,0
2202,0,0.02402467,0,0.02402467,0.0007390976,0.010818896,0.011646013,0.0022846176,0.0064597605,0.0047181738,0.17745866,0
2203,0,0.020231359,0,0.020231359,0.0015354156,0.009146886,0.016957775,0.0044582416,0.009955117,0.012798046,0.26941592,0
2204,0,0.028620722,0,0.028620722,0.0013637543,0.011692902,0.016547862,0.0039587705,0.00866054,0.010910776,0.23906702,0
2205,0,0.023553278,0,0.023553278,0.00166893,0.0116169015,0.018597418,0.0047727237,0.0082074385,0.011323617,0.23543516,0
2206,0,0.0127561875,0,0.012063419,0.001001358,0.00652487,0.0127561875,0.0018683918,0.0071070488,0.009613278,0.4017689,0
2207,0,0.012995303,0,0.009801528,0.00081539154,0.0069238725,0.012995303,0.001933138,0.00666042,0.006399023,0.17641188,0
2208,0,0.01261955,0,0.0109324735,0.0007200241,0.007854878,0.01261955,0.002552852,0.0065697995,0.0061926027,0.3098941,0
2209,0,0.013849284,0,0.0109324735,0.001168251,0.0072658747,0.013849284,0.0026823445,0.0076766624,0.010438959,0.19927114,0
2210,0,0.02107848,0,0.02107848,0.0011968613,0.008880884,0.013951761,0.0024973555,0.008026198,0.009141461,0.2825879,0
2211,0,0.015830519,0,0.015707577,0.0011968613,0.0077598775,0.015830519,0.003866276,0.007689608,0.011854411,0.2576488,0
2212,0,0.030859824,0,0.030859824,0.0012779236,0.013402912,0.015557245,0.0050317086,0.0068028234,0.00855169,0.18861492,0
2213,0,0.017843807,0,0.017843807,0.0009727478,0.008424882,0.014942379,0.0042547537,0.0067834044,0.011854411,0.14725971,0
2214,0,0.015249812,0,0.013005874,0.001206398,0.0072468747,0.015249812,0.0035147965,0.007961469,0.012149297,0.22362348,0
2215,0,0.019603057,0,0.019603057,0.00084400177,0.010248893,0.012585391,0.0030153254,0.007197669,0.0071362373,0.23453473,0
2216,0,0.02779579,0,0.02779579,0.0013637543,0.0107048955,0.015215653,0.006030651,0.007754337,0.013092931,0.24434578,0
2217,0,0.02638162,0,0.02638162,0.0017261505,0.008329881,0.018255826,0.009545447,0.009566744,0.016277699,0.23977318,0
2218,0,0.017843807,0,0.017843807,0.0009822845,0.00817788,0.0127561875,0.00224762,0.0071717775,0.0068118633,0.34416917,0
2219,0,0.016964182,0,0.016964182,0.0011730194,0.008367881,0.016547862,0.0042917514,0.007974415,0.011736456,0.40854383,0
2220,0,0.017341165,0,0.017341165,0.001373291,0.00810188,0.016342908,0.0036997858,0.007741391,0.012149297,0.5516069,0
2221,0,0.017843807,0,0.017843807,0.0009202957,0.008443882,0.012312118,0.0027008436,0.0070552654,0.0067823743,0.18553859,0
2222,0,0.027560094,0,0.027560094,0.0015544891,0.010476895,0.020168742,0.005771666,0.0078449575,0.018872695,0.26840112,0
2223,0,0.021945024,0,0.016838523,0.0017642975,0.008538882,0.021945024,0.0034223017,0.008077981,0.025714045,0.25119272,0
2224,0,0.015830519,0,0.015770407,0.0012588501,0.008709883,0.015830519,0.0034408006,0.007832011,0.014449406,0.18908975,0
2225,0,0.022728346,0,0.022728346,0.0010824203,0.011084898,0.015591404,0.0025158543,0.0069905366,0.008610667,0.23667498,0
2226,0,0.02873857,0,0.02873857,0.0012397766,0.009868891,0.017504321,0.006030651,0.007883795,0.012385205,0.15094194,0
2227,0,0.022139108,0,0.022139108,0.0017166138,0.008975885,0.017572641,0.0042732526,0.007832011,0.015923835,0.33708748,0
2228,0,0.02402467,0,0.02402467,0.0025749207,0.009982891,0.022149978,0.0058456613,0.010628296,0.021939507,0.50142187,0
2229,0,0.016889455,0,0.015519086,0.0015544891,0.007797878,0.016889455,0.0045507364,0.0086087575,0.016631562,0.37419084,0
2230,0,0.013131535,0,0.013131535,0.0007009506,0.007892879,0.011492296,0.0023863618,0.0067251488,0.005189991,0.21391591,0
2231,0,0.031331215,0,0.031331215,0.0010728836,0.012338906,0.012175481,0.00673361,0.008026198,0.005455388,0.36946574,0
2232,0,0.030741978,0,0.030741978,0.0020980835,0.0113509,0.013883443,0.002848835,0.010369381,0.011913388,0.18834393,0
2233,0,0.016616182,0,0.016210219,0.0013256073,0.007531876,0.016616182,0.0034408006,0.008556974,0.015452018,0.19199918,0
2234,0,0.02308189,0,0.02308189,0.0010204315,0.010210892,0.0138151245,0.00466173,0.007857903,0.008669644,0.25839904,0
2235,0,0.016838523,0,0.016838523,0.0008392334,0.008614883,0.011902207,0.006474625,0.0066280556,0.0046591964,0.1535935,0
2236,0,0.01859777,0,0.01859777,0.0009250641,0.0072658747,0.011167783,0.0028118372,0.008116818,0.006959306,0.16799635,0
2237,0,0.010279642,0,0.008482091,0.00061035156,0.0066958712,0.010279642,0.0019793853,0.0064015044,0.0056323195,0.24715668,0
2238,0,0.014450971,0,0.014450971,0.00081539154,0.007341875,0.012926984,0.003311308,0.0066280556,0.010792822,0.3247151,0
2239,0,0.028620722,0,0.028620722,0.0021076202,0.009393888,0.01941724,0.0050687063,0.011327368,0.018518832,0.2512616,0
2240,0,0.024967449,0,0.024967449,0.0022888184,0.009469888,0.02071529,0.007917541,0.010990778,0.016985426,0.38419086,0
2241,0,0.021196328,0,0.021196328,0.0012111664,0.009089886,0.015386449,0.00414376,0.007534259,0.010615891,0.21140188,0
2242,0,0.018723432,0,0.018723432,0.0009918213,0.007892879,0.012995303,0.007806548,0.007689608,0.0067233974,0.20402993,0
2243,0,0.017215505,0,0.017215505,0.0010347366,0.008006879,0.012722028,0.0053276913,0.007870848,0.0067233974,0.31026217,0
2244,0,0.018849092,0,0.018849092,0.0011777878,0.009127886,0.015215653,0.004162259,0.007870848,0.010556913,0.22311361,0
2245,0,0.0201057,0,0.0201057,0.0014019012,0.008918885,0.016752819,0.004643231,0.007909686,0.01480327,0.38395852,0
2246,0,0.020842785,0,0.020842785,0.0013160706,0.008424882,0.016137952,0.004402745,0.009074804,0.013623727,0.22786134,0
2247,0,0.02072494,0,0.02072494,0.0016117096,0.009203887,0.017709278,0.005364689,0.008401625,0.016159745,0.19663621,0
2248,0,0.016103793,0,0.015393426,0.0012493134,0.009051885,0.016103793,0.0039772694,0.0073918556,0.01020305,0.25055587,0
2249,0,0.02035702,0,0.02035702,0.0014209747,0.0092228865,0.016821137,0.004680229,0.008039144,0.012739069,0.17383973,0
2250,0,0.016001316,0,0.015707577,0.0013923645,0.006999873,0.016001316,0.00310782,0.009230154,0.014331453,0.33701888,0
2251,0,0.023906821,0,0.023906821,0.0019073486,0.009982891,0.02167175,0.0051797,0.00933372,0.024416547,0.16027293,0
2252,0,0.014327513,0,0.013948329,0.0011634827,0.009507888,0.014327513,0.00449524,0.007741391,0.009023507,0.42844427,0
2253,0,0.014953613,0,0.014953613,0.0008916855,0.009982891,0.012073003,0.0024418586,0.0067834044,0.006752886,0.2787216,0
2254,0,0.020960633,0,0.020960633,0.0010681152,0.010096892,0.012004685,0.0050687063,0.0071847234,0.007018283,0.33188677,0
2255,0,0.017341165,0,0.017341165,0.0012588501,0.008424882,0.015079016,0.0042547537,0.00789674,0.009672256,0.3322056,0
2256,0,0.017466826,0,0.017466826,0.0014591217,0.007892879,0.016035475,0.0034592997,0.008919456,0.01480327,0.22447146,0
2257,0,0.011497946,0,0.011497946,0.00054836273,0.008272881,0.010091767,0.001276426,0.0063885585,0.0041578906,0.38417372,0
2258,0,0.014669105,0,0.013948329,0.0011062622,0.0075508766,0.014669105,0.003366805,0.0074954215,0.010438959,0.58595574,0
2259,0,0.025674535,0,0.025674535,0.0012302399,0.009032886,0.016957775,0.0026823445,0.0077154995,0.0136827035,0.29512182,0
2260,0,0.01646154,0,0.01646154,0.00079631805,0.00821588,0.011594773,0.0017388993,0.0066280556,0.0058387397,0.28508806,0
2261,0,0.023553278,0,0.023553278,0.0020599365,0.0092228865,0.02119352,0.00673361,0.010291707,0.024652457,0.48690847,0
2262,0,0.034277402,0,0.034277402,0.0016212463,0.012262905,0.017982552,0.01766643,0.0074565844,0.009495324,0.17810847,0
2263,0,0.014450971,0,0.014450971,0.0008678436,0.0077598775,0.01220964,0.004587734,0.0072106146,0.007902941,0.3316751,0
2264,0,0.02343543,0,0.02343543,0.0015544891,0.009374888,0.0166845,0.003385304,0.008634649,0.014921224,0.23117258,0
2265,0,0.014136819,0,0.014136819,0.00096797943,0.0076268767,0.013200258,0.0027193425,0.007327127,0.008315781,0.21555449,0
2266,0,0.037577134,0,0.037577134,0.002117157,0.011122898,0.019348921,0.0058826595,0.010680079,0.023472913,0.37343436,0
2267,0,0.01646154,0,0.01646154,0.0014877319,0.00813988,0.016035475,0.0040512653,0.009074804,0.014154521,0.29679164,0
2268,0,0.017592486,0,0.017592486,0.0014686584,0.00808288,0.016479544,0.0043102503,0.008556974,0.014272475,0.3811717,0
2269,0,0.019226074,0,0.019226074,0.00071048737,0.009906891,0.010365041,0.0015076627,0.007068211,0.004393799,0.2299287,0
2270,0,0.02343543,0,0.02343543,0.0016212463,0.009146886,0.017845914,0.004328749,0.008556974,0.013033954,0.24186003,0
2271,0,0.02543884,0,0.02543884,0.0016117096,0.010742896,0.018187506,0.003366805,0.0084793,0.014567361,0.21335727,0
2272,0,0.02308189,0,0.02308189,0.0015544891,0.0094128875,0.018734055,0.0058456613,0.008298059,0.014331453,0.32279682,0
2273,0,0.028502874,0,0.028502874,0.0015163422,0.00979289,0.017914234,0.0026823445,0.00933372,0.018282922,0.24454787,0
2274,0,0.025203144,0,0.025203144,0.0018119812,0.010362893,0.020373698,0.0055496786,0.008220384,0.018164968,0.19607489,0
2275,0,0.023671126,0,0.023671126,0.0013160706,0.012566907,0.015967157,0.0045322375,0.008259222,0.011736456,0.39840063,0
2276,0,0.011680172,0,0.010115679,0.0008058548,0.0065818704,0.011680172,0.0014521659,0.006757513,0.0061926027,0.19732603,0
2277,0,0.019477395,0,0.019477395,0.0006246567,0.011084898,0.010552917,0.0015261616,0.0063497215,0.0042463564,0.2967364,0
2278,0,0.023671126,0,0.023671126,0.0016403198,0.009355888,0.016889455,0.0052906936,0.008712323,0.014862247,0.23420265,0
2279,0,0.018723432,0,0.018723432,0.0015926361,0.008595883,0.017231047,0.006030651,0.008686432,0.021703599,0.28743017,0
2280,0,0.024849601,0,0.024849601,0.0018501282,0.008424882,0.017845914,0.0039772694,0.0103175985,0.019108603,0.29754168,0
2281,0,0.02685301,0,0.02685301,0.0015163422,0.010856897,0.015693882,0.0034223017,0.009696201,0.013092931,0.30887896,0
2282,0,0.019100413,0,0.019100413,0.0011444092,0.00983089,0.0147374235,0.0039587705,0.008272167,0.009554301,0.24848531,0
2283,0,0.031684756,0,0.031684756,0.0009536743,0.013820915,0.010894509,0.011247349,0.00666042,0.0041578906,0.3779332,0
2284,0,0.01646154,0,0.01646154,0.001206398,0.007607877,0.013371054,0.005956655,0.007832011,0.009554301,0.27354363,0
2285,0,0.013948329,0,0.013948329,0.0008058548,0.007911879,0.012312118,0.0024788564,0.0069905366,0.006752886,0.18097343,0
2286,0,0.026617315,0,0.026617315,0.00091552734,0.015036922,0.012892825,0.004402745,0.0068287146,0.006516977,0.3884492,0
2287,0,0.02402467,0,0.02402467,0.0016307831,0.009678889,0.019690514,0.004069764,0.009256045,0.015687928,0.20043448,0
2288,0,0.02543884,0,0.02543884,0.0019741058,0.011692902,0.020442016,0.005956655,0.009281937,0.014921224,0.28648046,0
2289,0,0.014513801,0,0.014513801,0.0012588501,0.007341875,0.014293353,0.0026083488,0.008181547,0.0122672515,0.46433878,0
2290,0,0.024378212,0,0.024378212,0.001783371,0.0103248935,0.021125201,0.0061046463,0.009437286,0.022529278,0.2799046,0
2291,0,0.014634945,0,0.012503231,0.0011253357,0.0075508766,0.014634945,0.0032373124,0.007819066,0.010910776,0.33912662,0
2292,0,0.01646154,0,0.01646154,0.0013828278,0.007854878,0.01627459,0.004402745,0.0083886795,0.013446795,0.18502289,0
2293,0,0.010245483,0,0.0073197307,0.00054597855,0.00647737,0.010245483,0.001655654,0.0062979385,0.0047181738,0.17995428,0
2294,0,0.01822079,0,0.01822079,0.0016117096,0.008291881,0.017572641,0.004125261,0.009256045,0.0143904295,0.39660448,0
2295,0,0.019728716,0,0.019728716,0.0010728836,0.008595883,0.01354185,0.0037552824,0.0071199946,0.008787598,0.37246403,0
2296,0,0.012073003,0,0.011623607,0.0008201599,0.0070473733,0.012073003,0.003311308,0.007081157,0.006399023,0.21663725,0
2297,0,0.035220183,0,0.035220183,0.0022411346,0.010096892,0.02167175,0.00932346,0.008492245,0.01710338,0.18606804,0
2298,0,0.012126249,0,0.012126249,0.000705719,0.0067908717,0.01041628,0.0029783275,0.006433869,0.004098913,0.23326606,0
2299,0,0.023553278,0,0.023553278,0.0016784668,0.008728883,0.018324144,0.0041992567,0.009359611,0.016277699,0.34913543,0
2300,0,0.010587076,0,0.008670582,0.00056028366,0.0069048726,0.010587076,0.002034882,0.0063432488,0.0046591964,0.2231067,0
2301,0,0.03357032,0,0.03357032,0.0015640259,0.010552894,0.018324144,0.0050317086,0.009799767,0.015569973,0.19103168,0
2302,0,0.019622196,0,0.019100413,0.0017738342,0.008025879,0.019622196,0.004994711,0.009074804,0.02394473,0.4406942,0
2303,0,0.03592727,0,0.03592727,0.0019073486,0.010970897,0.017367685,0.024198212,0.008259222,0.01250316,0.28867787,0
2304,0,0.024731753,0,0.024731753,0.00088214874,0.010438894,0.013610168,0.003348306,0.00756015,0.01769315,0.2613226,0
2305,0,0.013439372,0,0.011372286,0.0009393692,0.0074178753,0.013439372,0.0034223017,0.0076507707,0.012326228,0.20308669,0
2306,0,0.010826191,0,0.009801528,0.00074386597,0.0066293706,0.010826191,0.002090379,0.006485652,0.007106749,0.18759176,0
2307,0,0.028502874,0,0.028502874,0.001783371,0.011160898,0.01805087,0.00362579,0.008077981,0.015805881,0.20578699,0
2308,0,0.027206551,0,0.027206551,0.001745224,0.010172892,0.02030538,0.0052166977,0.00899713,0.018400878,0.27816385,0
2309,0,0.028620722,0,0.028620722,0.0010681152,0.013364912,0.011389818,0.0059936526,0.006770459,0.007667032,0.4162883,0
2310,0,0.020960633,0,0.020960633,0.0014209747,0.00971689,0.016342908,0.0061046463,0.0075083673,0.012326228,0.20490456,0
2311,0,0.01309778,0,0.012880214,0.00089645386,0.0073798755,0.01309778,0.0026823445,0.007249452,0.0101440735,0.23100275,0
2312,0,0.013883443,0,0.013697007,0.0010871887,0.007968879,0.013883443,0.0034592997,0.0071717775,0.008787598,0.21991245,0
2313,0,0.03309893,0,0.03309893,0.0017738342,0.012718908,0.023311393,0.004606233,0.0078449575,0.015687928,0.40058208,0
2314,0,0.01822079,0,0.01822079,0.0012493134,0.008652883,0.015420608,0.004421244,0.007961469,0.012916001,0.21250722,0
2315,0,0.023317585,0,0.023317585,0.00081062317,0.013212911,0.010467518,0.0023401144,0.0064468146,0.003833516,0.22753806,0
2316,0,0.019603057,0,0.019603057,0.0010204315,0.009146886,0.016411226,0.0028118372,0.0068869707,0.012680092,0.2599633,0
2317,0,0.019351736,0,0.019351736,0.0005888939,0.009944891,0.0098868115,0.0055866763,0.0062008454,0.00343542,0.22849701,0
2318,0,0.011423977,0,0.010618322,0.0007724762,0.0069048726,0.011423977,0.0027748393,0.0065697995,0.007843964,0.33855096,0
2319,0,0.018974753,0,0.018974753,0.0013923645,0.009165886,0.016821137,0.0035702933,0.008052089,0.013564749,0.1404368,0
2320,0,0.0098868115,0,0.0069113337,0.00056028366,0.0063918694,0.0098868115,0.0016464046,0.006479179,0.003980959,0.3200788,0
2321,0,0.019854378,0,0.019854378,0.0014209747,0.009032886,0.017026093,0.0032743104,0.008220384,0.010497936,0.2778772,0
2322,0,0.012277958,0,0.011246625,0.00078201294,0.007018873,0.012277958,0.0035517942,0.0065568537,0.008374758,0.25034052,0
2323,0,0.015707577,0,0.015707577,0.0008392334,0.007987879,0.0127561875,0.0027563404,0.0067186756,0.008256803,0.29632127,0
2324,0,0.012943043,0,0.012943043,0.00074863434,0.007645877,0.012073003,0.0021088778,0.0070164283,0.0065464657,0.26378122,0
2325,0,0.019351736,0,0.019351736,0.0011920929,0.0077028773,0.016172111,0.0041992567,0.008440462,0.010556913,0.18555158,0
2326,0,0.029445656,0,0.029445656,0.0012874603,0.010286893,0.013302735,0.0038477771,0.008738215,0.009023507,0.30821395,0
2327,0,0.013571346,0,0.013571346,0.00092983246,0.007170874,0.011509376,0.0036997858,0.006912862,0.0073426575,0.23693763,0
2328,0,0.012517073,0,0.012000589,0.00066280365,0.0075698765,0.012517073,0.003348306,0.0070034824,0.0067233974,0.17473976,0
2329,0,0.016587202,0,0.016587202,0.0009250641,0.008709883,0.011441057,0.0058456613,0.0072235605,0.0053669224,0.33347493,0
2330,0,0.011623607,0,0.011623607,0.000667572,0.007018873,0.010296722,0.001812895,0.006641001,0.0060156714,0.3147991,0
2331,0,0.016210219,0,0.016210219,0.001206398,0.008386881,0.015113175,0.0037367835,0.008116818,0.011500548,0.19252911,0
2332,0,0.013576009,0,0.011183795,0.0010442734,0.0069143726,0.013576009,0.0027008436,0.007586042,0.009672256,0.23274603,0
2333,0,0.014011159,0,0.014011159,0.0011014938,0.007930879,0.013883443,0.0034777985,0.007624879,0.009495324,0.28504562,0
2334,0,0.013948329,0,0.013948329,0.0005531311,0.008728883,0.011201942,0.002090379,0.006427396,0.005248968,0.32442728,0
2335,0,0.016752819,0,0.016712861,0.0018405914,0.0081208795,0.016752819,0.0051797,0.009126588,0.017221333,0.34825987,0
2336,0,0.036634352,0,0.036634352,0.0018119812,0.011844902,0.016821137,0.0030708222,0.009825659,0.01686747,0.25308925,0
2337,0,0.013257195,0,0.013257195,0.0008678436,0.0066388706,0.0127903465,0.0021181274,0.0069905366,0.0080798725,0.14590123,0
2338,0,0.031331215,0,0.031331215,0.0013923645,0.014390918,0.017026093,0.0030153254,0.0068999166,0.009967142,0.3231887,0
2339,0,0.01608456,0,0.01608456,0.001115799,0.007797878,0.013576009,0.0024603575,0.0072753434,0.00937737,0.33254242,0
2340,0,0.010006369,0,0.008670582,0.00059366226,0.006353869,0.010006369,0.0018313939,0.006304411,0.0038630045,0.2417405,0
2341,0,0.012063419,0,0.012063419,0.00061035156,0.008272881,0.010723713,0.0022846176,0.0060131317,0.0062810685,0.268416,0
2342,0,0.012517073,0,0.008419261,0.0008392334,0.007493876,0.012517073,0.003607291,0.0072365063,0.007961918,0.19230433,0
2343,0,0.018849092,0,0.018849092,0.0015354156,0.00806388,0.017026093,0.0046987277,0.009023022,0.017221333,0.2985486,0
2344,0,0.010894509,0,0.009047564,0.00064373016,0.007009373,0.010894509,0.0018498929,0.006550381,0.005189991,0.16185527,0
2345,0,0.027560094,0,0.027560094,0.001783371,0.010286893,0.021330157,0.004069764,0.009256045,0.018872695,0.18612319,0
2346,0,0.022728346,0,0.022728346,0.0012493134,0.0092228865,0.011902207,0.008620501,0.008531082,0.0054258998,0.3486174,0
2347,0,0.022964042,0,0.022964042,0.0015830994,0.008937885,0.019690514,0.0058826595,0.010265815,0.018282922,0.41534674,0
2348,0,0.035220183,0,0.035220183,0.001745224,0.013896915,0.016342908,0.0051427023,0.008116818,0.008492713,0.2980971,0
2349,0,0.010689554,0,0.010618322,0.0007677078,0.0066388706,0.010689554,0.0024418586,0.0074565844,0.0035681187,0.18925261,0
2350,0,0.036162965,0,0.036162965,0.0018787384,0.013668913,0.023106437,0.0042732526,0.008065036,0.020052237,0.32301536,0
2351,0,0.014054239,0,0.010743983,0.0010251999,0.0074558756,0.014054239,0.0028118372,0.007327127,0.010438959,0.27841496,0
2352,0,0.024378212,0,0.024378212,0.0009441376,0.012072904,0.013268576,0.0029783275,0.0065115434,0.010910776,0.24855003,0
2353,0,0.01847211,0,0.01847211,0.0016784668,0.008804884,0.016889455,0.00621564,0.009048914,0.015923835,0.16327783,0
2354,0,0.032391842,0,0.032391842,0.0035476685,0.012870909,0.027410502,0.010655383,0.010032792,0.032791305,0.23833552,0
2355,0,0.013780965,0,0.010743983,0.0010061264,0.007474876,0.013780965,0.0038107792,0.0075083673,0.0129749775,0.2468389,0
2356,0,0.026263772,0,0.026263772,0.0018119812,0.011958904,0.019212283,0.0044767405,0.008492245,0.012739069,0.2580465,0
2357,0,0.013371054,0,0.009864358,0.0010156631,0.007028373,0.013371054,0.0030708222,0.0071588317,0.0101440735,0.22875038,0
2358,0,0.030270588,0,0.030270588,0.0022792816,0.011160898,0.022559889,0.00673361,0.010291707,0.021585643,0.48753607,0
2359,0,0.012380436,0,0.01005285,0.00072956085,0.007341875,0.012380436,0.0027378413,0.006537435,0.0061336257,0.22712106,0
2360,0,0.009613537,0,0.006345861,0.00046014786,0.0064393696,0.009613537,0.0014059186,0.006220264,0.0039514704,0.2596754,0
2361,0,0.01847211,0,0.01847211,0.0009870529,0.008044879,0.013917602,0.003903274,0.0071070488,0.008846575,0.1952698,0
2362,0,0.03639866,0,0.03639866,0.0019550323,0.013326911,0.019280603,0.0034777985,0.00951496,0.015334064,0.40144768,0
2363,0,0.026499467,0,0.026499467,0.0016021729,0.013630914,0.018187506,0.0043102503,0.007637825,0.010792822,0.28373474,0
2364,0,0.017089844,0,0.017089844,0.0012874603,0.008424882,0.015044857,0.0052166977,0.008220384,0.0122672515,0.35760054,0
2365,0,0.020842785,0,0.020842785,0.0011014938,0.009336887,0.014259194,0.0022013725,0.007314181,0.011087708,0.22193468,0
2366,0,0.015707577,0,0.015707577,0.001077652,0.011160898,0.014259194,0.0024418586,0.006809296,0.0080798725,0.4335988,0
2367,0,0.019854378,0,0.019854378,0.00081062317,0.00983089,0.012038844,0.001933138,0.0066086366,0.0066349315,0.36761406,0
2368,0,0.028385026,0,0.028385026,0.0013256073,0.009260887,0.014361672,0.01087737,0.008919456,0.008374758,0.25409314,0
2369,0,0.014136819,0,0.014136819,0.0010585785,0.00806388,0.013610168,0.0029228306,0.0076637166,0.007460612,0.33873707,0
2370,0,0.033334624,0,0.033334624,0.0019359589,0.009336887,0.018529098,0.0045507364,0.009307829,0.018400878,0.44548061,0
2371,0,0.011183795,0,0.011183795,0.0006389618,0.0068668723,0.0103821205,0.001655654,0.006530962,0.00343542,0.19952397,0
2372,0,0.0118338885,0,0.011435116,0.0008535385,0.007303875,0.0118338885,0.0042917514,0.0068869707,0.0056618084,0.3377861,0
2373,0,0.011236101,0,0.009613037,0.00071048737,0.0070948736,0.011236101,0.0023123662,0.0064015044,0.009967142,0.5305017,0
2374,0,0.03592727,0,0.03592727,0.000910759,0.019870255,0.0127561875,0.003921773,0.005854546,0.005602831,0.34186795,0
2375,0,0.01646154,0,0.01646154,0.0011920929,0.008519882,0.014874061,0.0045507364,0.0077802283,0.011618502,0.32389504,0
2376,0,0.019100413,0,0.019100413,0.0007009506,0.009393888,0.012551232,0.0030153254,0.006550381,0.0071362373,0.2951283,0
2377,0,0.023553278,0,0.023553278,0.0011110306,0.010818896,0.015454767,0.004846719,0.0072365063,0.026775636,0.41786528,0
2378,0,0.0138151245,0,0.013508516,0.0008678436,0.007664877,0.0138151245,0.0030523231,0.007573096,0.0087286215,0.38615236,0
2379,0,0.022021262,0,0.022021262,0.0012302399,0.00983089,0.01846078,0.0041992567,0.0071070488,0.015805881,0.7784964,0
2380,0,0.031684756,0,0.031684756,0.0020885468,0.009906891,0.02344803,0.0042547537,0.009877442,0.016985426,0.32093254,0
2381,0,0.015898837,0,0.015204934,0.0014019012,0.0072468747,0.015898837,0.0044582416,0.008686432,0.014508383,0.48931363,0
2382,0,0.020607091,0,0.020607091,0.0012397766,0.009374888,0.016411226,0.006437627,0.007573096,0.009141461,0.21114396,0
2383,0,0.015833238,0,0.015833238,0.0010871887,0.007930879,0.01442999,0.0071035884,0.007353018,0.010556913,0.47017148,0
2384,0,0.026145924,0,0.026145924,0.002002716,0.009431887,0.020032106,0.005253696,0.010447056,0.01981633,0.5155824,0
2385,0,0.018723432,0,0.018723432,0.001206398,0.008633883,0.015147334,0.0034223017,0.007909686,0.012208274,0.31108373,0
2386,0,0.015896067,0,0.015896067,0.0013256073,0.008424882,0.015830519,0.00414376,0.00823333,0.013446795,0.18339978,0
2387,0,0.010347961,0,0.0072254855,0.0005912781,0.0062398682,0.010347961,0.0013966691,0.006543908,0.005514365,0.20728926,0
2388,0,0.022610499,0,0.022610499,0.0012016296,0.012566907,0.013336895,0.0028673338,0.007598988,0.0069887945,0.45528805,0
2389,0,0.011937759,0,0.011937759,0.000667572,0.007360875,0.0117997285,0.002626848,0.006427396,0.0053079454,0.22114901,0
2390,0,0.015142105,0,0.015142105,0.00094890594,0.007987879,0.013371054,0.0032373124,0.0074824756,0.008610667,0.21235588,0
2391,0,0.029917045,0,0.029917045,0.0012969971,0.017088935,0.018187506,0.004920715,0.006925808,0.009318393,0.51469225,0
2392,0,0.015142105,0,0.015142105,0.0008583069,0.007949878,0.0127561875,0.0024788564,0.007301235,0.008197826,0.25097016,0
2393,0,0.029092113,0,0.029092113,0.0023269653,0.010970897,0.021125201,0.0061416444,0.010783645,0.027129497,0.27313647,0
2394,0,0.014498309,0,0.013634177,0.0010728836,0.007322875,0.014498309,0.0035147965,0.0078449575,0.01332884,0.35394746,0
2395,0,0.025203144,0,0.025203144,0.0017738342,0.012414906,0.022013342,0.0056236745,0.008815889,0.014095544,0.33881745,0
2396,0,0.031684756,0,0.031684756,0.001964569,0.011160898,0.019280603,0.005253696,0.010447056,0.020877918,0.21950021,0
2397,0,0.012892825,0,0.01225191,0.00093460083,0.0073798755,0.012892825,0.0021181274,0.007353018,0.008610667,0.19458295,0
2398,0,0.015830519,0,0.015079274,0.0013542175,0.0074178753,0.015830519,0.0036812867,0.0079873605,0.01604179,0.3311961,0
2399,0,0.019351736,0,0.019351736,0.0010251999,0.0086718835,0.013302735,0.0034038029,0.0071717775,0.0080798725,0.24574205,0
2400,0,0.016587202,0,0.016587202,0.0007581711,0.009317887,0.012175481,0.0016279058,0.006427396,0.006310557,0.5410692,0
2401,0,0.01419965,0,0.01419965,0.00084877014,0.008291881,0.012346277,0.002192123,0.006977591,0.007018283,0.21538098,0
2402,0,0.023906821,0,0.023906821,0.0020313263,0.008500882,0.016889455,0.0039772694,0.009722093,0.012621114,0.41062984,0
2403,0,0.0147374235,0,0.014136819,0.001335144,0.0076838774,0.0147374235,0.003921773,0.008582866,0.012621114,0.31602004,0
2404,0,0.024142517,0,0.024142517,0.0010681152,0.010666896,0.012687869,0.0030338243,0.0074436385,0.007843964,0.27884194,0
2405,0,0.01086035,0,0.008293601,0.00052690506,0.007360875,0.01086035,0.0019793853,0.006304411,0.0052784565,0.27658132,0
2406,0,0.012503231,0,0.012503231,0.000872612,0.008728883,0.0118338885,0.00224762,0.006925808,0.0069887945,0.34378424,0
2407,0,0.013320025,0,0.013320025,0.0006723404,0.007664877,0.012004685,0.0035147965,0.0064079775,0.005101525,0.18233487,0
2408,0,0.010774951,0,0.009801528,0.00061511993,0.006952373,0.010774951,0.0012856756,0.0063367756,0.0056618084,0.4045819,0
2409,0,0.024967449,0,0.024967449,0.0019168854,0.008500882,0.019143965,0.003884775,0.010110466,0.016985426,0.33870634,0
2410,0,0.026499467,0,0.026499467,0.0008201599,0.016784932,0.010296722,0.0024788564,0.006045496,0.0029488585,0.36008087,0
2411,0,0.009613537,0,0.0066285976,0.00052690506,0.006372869,0.009613537,0.0016371552,0.0062979385,0.0035091415,0.17439778,0
2412,0,0.015204934,0,0.015204934,0.0010108948,0.008006879,0.013131939,0.0040512653,0.007262398,0.01020305,0.14780767,0
2413,0,0.012414595,0,0.011435116,0.0008583069,0.0070853736,0.012414595,0.003089321,0.0069905366,0.0074311234,0.18439154,0
2414,0,0.014513801,0,0.014513801,0.0009918213,0.008234881,0.013336895,0.0029228306,0.006925808,0.008256803,0.1722204,0
2415,0,0.023906821,0,0.023906821,0.0017929077,0.010628895,0.017709278,0.004606233,0.008738215,0.013151909,0.25813678,0
2416,0,0.032156147,0,0.032156147,0.0014591217,0.013896915,0.017094411,0.0055496786,0.007689608,0.012444182,0.360984,0
2417,0,0.035691574,0,0.035691574,0.00091552734,0.011844902,0.014874061,0.002848835,0.0077025536,0.011972365,0.28505942,0
2418,0,0.01859777,0,0.01859777,0.0014877319,0.00817788,0.013849284,0.00621564,0.008323951,0.010262027,0.27241194,0
2419,0,0.022728346,0,0.022728346,0.0014019012,0.010438894,0.015386449,0.004347248,0.008052089,0.012149297,0.22009286,0
2420,0,0.020100424,0,0.014011159,0.0022506714,0.009868891,0.020100424,0.00224762,0.006003422,0.018518832,0.2650476,0
2421,0,0.032863233,0,0.032863233,0.0018882751,0.0103248935,0.020100424,0.0051427023,0.0104988385,0.018872695,0.2611996,0
2422,0,0.017089844,0,0.017089844,0.0016593933,0.00817788,0.015147334,0.003607291,0.008893564,0.013800657,0.22883293,0
2423,0,0.034277402,0,0.034277402,0.0016117096,0.011996903,0.016001316,0.005253696,0.008738215,0.01209032,0.2539704,0
2424,0,0.011902207,0,0.011812098,0.0008678436,0.0072468747,0.011902207,0.0032558115,0.007365964,0.008433735,0.35222572,0
2425,0,0.023906821,0,0.023906821,0.00079631805,0.011920903,0.0127561875,0.0025158543,0.0066733654,0.004334822,0.36964914,0
2426,0,0.027913637,0,0.027913637,0.001707077,0.011122898,0.018802373,0.0042917514,0.008362788,0.014213498,0.2594299,0
2427,0,0.012585391,0,0.011749268,0.0006914139,0.00808288,0.012585391,0.002626848,0.0063367756,0.0065759546,0.19365236,0
2428,0,0.01847211,0,0.01847211,0.0008058548,0.009868891,0.010672474,0.0029598286,0.0066733654,0.0060156714,0.22998755,0
2429,0,0.022374803,0,0.022374803,0.0015544891,0.0088618845,0.015830519,0.0050317086,0.00951496,0.014508383,0.4545375,0
2430,0,0.0117997285,0,0.011309455,0.0007200241,0.0075508766,0.0117997285,0.0024603575,0.00666042,0.006222091,0.23490675,0
2431,0,0.025792383,0,0.025792383,0.0019454956,0.011882903,0.01887069,0.004920715,0.00899713,0.013387818,0.1983598,0
2432,0,0.02638162,0,0.02638162,0.0017929077,0.011198899,0.022354934,0.0064006294,0.008634649,0.017457243,0.50119615,0
2433,0,0.011441057,0,0.007288316,0.0005841255,0.0063823694,0.011441057,0.0023123662,0.006589218,0.0064874887,0.39174458,0
2434,0,0.022256956,0,0.022256956,0.0011873245,0.0096028885,0.016137952,0.005364689,0.007547205,0.012031343,0.20579249,0
2435,0,0.01859777,0,0.01859777,0.0015830994,0.008006879,0.016411226,0.004236255,0.00967031,0.014626338,0.29582676,0
2436,0,0.028385026,0,0.028385026,0.0014591217,0.010970897,0.016342908,0.005956655,0.007793174,0.022883141,0.32918054,0
2437,0,0.016587202,0,0.016587202,0.0011873245,0.009450888,0.015659723,0.004920715,0.008311004,0.009731233,0.15802263,0
2438,0,0.01859777,0,0.01859777,0.0014686584,0.008633883,0.017709278,0.0048837173,0.008311004,0.015039179,0.2535293,0
2439,0,0.013948329,0,0.013948329,0.00093460083,0.007493876,0.013712646,0.0025713511,0.006925808,0.00979021,0.36042014,0
2440,0,0.02920996,0,0.02920996,0.0014209747,0.012186904,0.013780965,0.004069764,0.008220384,0.006104137,0.15811092,0
2441,0,0.023553278,0,0.023553278,0.0011253357,0.010590895,0.01579636,0.0074365693,0.007094103,0.008315781,0.19232403,0
2442,0,0.022256956,0,0.022256956,0.0013065338,0.009469888,0.0157622,0.0042732526,0.0074565844,0.014213498,0.19032535,0
2443,0,0.014827953,0,0.014827953,0.00084877014,0.009089886,0.012722028,0.0036812867,0.0065244893,0.0077849864,0.3422333,0
2444,0,0.02779579,0,0.02779579,0.0012016296,0.011046898,0.01127026,0.0027563404,0.008531082,0.008138849,0.28346306,0
2445,0,0.03309893,0,0.03309893,0.0020980835,0.011540901,0.021535112,0.0055866763,0.008000307,0.021113826,0.31521896,0
2446,0,0.022964042,0,0.022964042,0.0011110306,0.00971689,0.014327513,0.0050317086,0.0069516995,0.00937737,0.20809683,0
2447,0,0.02107848,0,0.02107848,0.0011014938,0.011160898,0.015659723,0.0041067624,0.0070552654,0.015805881,0.21742266,0
2448,0,0.030859824,0,0.030859824,0.0014019012,0.012110904,0.016821137,0.0058826595,0.008272167,0.011264639,0.19703944,0
2449,0,0.019854378,0,0.019854378,0.00096797943,0.010058892,0.0138151245,0.0034592997,0.007741391,0.008256803,0.22424348,0
2450,0,0.023199737,0,0.023199737,0.001707077,0.010400894,0.017914234,0.0050317086,0.0076507707,0.020170191,0.17628531,0
2451,0,0.014953613,0,0.014953613,0.0010824203,0.007892879,0.013439372,0.003089321,0.0079873605,0.009200439,0.34044126,0
2452,0,0.017466826,0,0.017466826,0.0011873245,0.008424882,0.014361672,0.0030153254,0.007547205,0.010615891,0.24532205,0
2453,0,0.014890783,0,0.014890783,0.0009965897,0.008272881,0.012892825,0.0029783275,0.008065036,0.00855169,0.24875079,0
2454,0,0.027324399,0,0.027324399,0.002193451,0.010134893,0.022764845,0.006178642,0.009955117,0.025596092,0.513536,0
2455,0,0.01438814,0,0.01438814,0.0008916855,0.008006879,0.012312118,0.0019793853,0.0073789097,0.0068118633,0.19703583,0
2456,0,0.010740792,0,0.009298885,0.0006079674,0.0065628705,0.010740792,0.0042177555,0.0059613483,0.004187379,0.25452873,0
2457,0,0.022964042,0,0.022964042,0.0012683868,0.010628895,0.015830519,0.0041067624,0.0072753434,0.014095544,0.26947305,0
2458,0,0.009331724,0,0.0052149156,0.0004863739,0.006173368,0.009331724,0.001313424,0.0062008454,0.0038924932,0.35341382,0
2459,0,0.03192045,0,0.03192045,0.0014972687,0.009906891,0.014225035,0.005253696,0.008582866,0.015452018,0.2625043,0
2460,0,0.02449606,0,0.02449606,0.0011825562,0.011198899,0.015215653,0.0038477771,0.008401625,0.010674868,0.2538172,0
2461,0,0.012817383,0,0.012817383,0.0006723404,0.0075698765,0.011782649,0.0021551251,0.006265574,0.007313169,0.16078645,0
2462,0,0.011560776,0,0.011560776,0.0005197525,0.0070853736,0.009630617,0.0018498929,0.006848133,0.0037745389,0.26824486,0
2463,0,0.012448754,0,0.011623607,0.0007200241,0.0075888764,0.012448754,0.0032743104,0.0071717775,0.0073426575,0.27328837,0
2464,0,0.025085296,0,0.025085296,0.0024414063,0.00821588,0.014225035,0.0071035884,0.010783645,0.011264639,0.40422025,0
2465,0,0.034513097,0,0.034513097,0.0014686584,0.01465692,0.017504321,0.0054756827,0.007689608,0.010792822,0.26384422,0
2466,0,0.012380436,0,0.012126249,0.000834465,0.0076268767,0.012380436,0.00224762,0.007353018,0.0064580003,0.25213584,0
2467,0,0.03357032,0,0.03357032,0.0012874603,0.013630914,0.01535229,0.0034592997,0.008815889,0.011323617,0.389826,0
2468,0,0.017466826,0,0.017466826,0.0011110306,0.00806388,0.013678487,0.004643231,0.007793174,0.0101440735,0.15710938,0
2469,0,0.02107848,0,0.02107848,0.0015640259,0.010552894,0.015523086,0.004347248,0.008168601,0.011972365,0.23518892,0
2470,0,0.022846194,0,0.022846194,0.002117157,0.010020891,0.020646973,0.005956655,0.009903334,0.020759964,0.3765225,0
2471,0,0.025556687,0,0.025556687,0.001449585,0.010628895,0.015728042,0.003903274,0.008414571,0.010262027,0.382215,0
2472,0,0.010962827,0,0.008733413,0.0006198883,0.0067528714,0.010962827,0.0021458757,0.0065956907,0.0049245935,0.25970787,0
2473,0,0.036634352,0,0.036634352,0.0015640259,0.015188923,0.016752819,0.012441003,0.006848133,0.009259416,0.43892074,0
2474,0,0.030034892,0,0.030034892,0.001411438,0.011046898,0.018119188,0.0035702933,0.008000307,0.014449406,0.26341867,0
2475,0,0.021603432,0,0.019603057,0.0022888184,0.009013886,0.021603432,0.0051797,0.00933372,0.025949955,0.37884787,0
2476,0,0.015016444,0,0.015016444,0.0011205673,0.00808288,0.014839902,0.0034408006,0.0073918556,0.009495324,0.19009373,0
2477,0,0.015330595,0,0.015330595,0.0008249283,0.008842885,0.013644327,0.004180758,0.0070552654,0.011087708,0.2880219,0
2478,0,0.022610499,0,0.022610499,0.0011920929,0.010134893,0.014771583,0.0047357255,0.0077802283,0.009849187,0.20248842,0
2479,0,0.014136819,0,0.014136819,0.00096321106,0.0074178753,0.013883443,0.002626848,0.007573096,0.011264639,0.17974521,0
2480,0,0.013678487,0,0.012691722,0.00094890594,0.007009373,0.013678487,0.0032558115,0.007340072,0.008846575,0.13340612,0
2481,0,0.016964182,0,0.016964182,0.0012683868,0.007303875,0.015693882,0.0037182847,0.0082074385,0.012857023,0.36690664,0
2482,0,0.016103793,0,0.014011159,0.0012969971,0.007607877,0.016103793,0.00414376,0.0077284453,0.013859635,0.2690388,0
2483,0,0.02826718,0,0.02826718,0.0024795532,0.012034904,0.024472807,0.0071775843,0.0104988385,0.024298593,0.28012583,0
2484,0,0.014890783,0,0.014890783,0.00071525574,0.0075128763,0.012687869,0.0024233595,0.0067316215,0.0072836806,0.27171737,0
2485,0,0.01633588,0,0.01633588,0.00068187714,0.008025879,0.010433359,0.008620501,0.0062979385,0.0036713288,0.18030064,0
2486,0,0.033334624,0,0.033334624,0.0013065338,0.014352918,0.013917602,0.0042177555,0.007883795,0.008138849,0.27581888,0
2487,0,0.030859824,0,0.030859824,0.0026512146,0.009982891,0.021056883,0.0058086636,0.010731863,0.021349736,0.5794962,0
2488,0,0.0131943645,0,0.0131943645,0.000872612,0.007854878,0.012995303,0.0027193425,0.0071199946,0.009200439,0.42593756,0
2489,0,0.029327808,0,0.029327808,0.0021266937,0.011654901,0.02119352,0.008102531,0.010214032,0.022411324,0.48608163,0
2490,0,0.027088705,0,0.027088705,0.0013637543,0.008823884,0.014839902,0.0046987277,0.0101363575,0.011618502,0.20594133,0
2491,0,0.015898837,0,0.012880214,0.0012493134,0.008234881,0.015898837,0.00258985,0.0074048014,0.011854411,0.35713303,0
2492,0,0.036162965,0,0.036162965,0.0022029877,0.011122898,0.021330157,0.0051427023,0.010162249,0.021821553,0.1999171,0
2493,0,0.010492661,0,0.010492661,0.00057697296,0.007189874,0.010125926,0.0024788564,0.0067445673,0.0041284016,0.2508979,0
2494,0,0.026499467,0,0.026499467,0.001373291,0.010476895,0.016547862,0.0044767405,0.0074436385,0.008315781,0.17232886,0
2495,0,0.016587202,0,0.016587202,0.0013446808,0.008538882,0.015488927,0.0038107792,0.008000307,0.010556913,0.24680685,0
2496,0,0.016587202,0,0.016587202,0.0010538101,0.008652883,0.014634945,0.003311308,0.0068999166,0.00937737,0.2270722,0
2497,0,0.033334624,0,0.033334624,0.0012969971,0.012528907,0.016137952,0.0021828737,0.0067963502,0.011205662,0.19471021,0
2498,0,0.032391842,0,0.032391842,0.0018501282,0.011274899,0.018324144,0.0053276913,0.008789998,0.017457243,0.16298446,0
2499,0,0.025556687,0,0.025556687,0.0021266937,0.008728883,0.018597418,0.0044582416,0.011275585,0.01958042,0.20407698,0
2500,0,0.011970525,0,0.00823077,0.0009536743,0.006828872,0.011970525,0.0035702933,0.007262398,0.0076080547,0.3871503,0
2501,0,0.022256956,0,0.022256956,0.0015258789,0.010096892,0.016342908,0.0048097214,0.008440462,0.012444182,0.18321314,0
2502,0,0.014703264,0,0.014011159,0.0012159348,0.007835878,0.014703264,0.0026823445,0.007754337,0.011500548,0.22044173,0
2503,0,0.012691722,0,0.012691722,0.00081539154,0.0074368757,0.011594773,0.0018776412,0.0071070488,0.0071952147,0.23715506,0
2504,0,0.011560614,0,0.010555492,0.00078201294,0.007009373,0.011560614,0.0021643746,0.006770459,0.0066349315,0.36002457,0
2505,0,0.022964042,0,0.022964042,0.0009441376,0.010248893,0.013985921,0.002848835,0.0070164283,0.0055733426,0.320751,0
2506,0,0.01834645,0,0.01834645,0.0012588501,0.008804884,0.014703264,0.0058456613,0.0069646453,0.00896453,0.2728244,0
2507,0,0.016035475,0,0.013571346,0.0012969971,0.007892879,0.016035475,0.0035332954,0.007935578,0.016395653,0.38012534,0
2508,0,0.02035702,0,0.02035702,0.0011014938,0.008595883,0.014122557,0.0034223017,0.0076507707,0.010556913,0.29948363,0
2509,0,0.017466826,0,0.017466826,0.001077652,0.008690883,0.014669105,0.0027193425,0.0076637166,0.010085096,0.2574468,0
2510,0,0.01086035,0,0.009990019,0.0007200241,0.006885872,0.01086035,0.0027933381,0.0065244893,0.005248968,0.29985672,0
2511,0,0.01834645,0,0.01834645,0.0014972687,0.00813988,0.015181494,0.00414376,0.009307829,0.011736456,0.23990613,0
2512,0,0.021196328,0,0.021196328,0.00166893,0.008804884,0.017162729,0.0045322375,0.008466354,0.015687928,0.25846592,0
2513,0,0.0117997285,0,0.01024134,0.0006866455,0.0076268767,0.0117997285,0.002626848,0.0064532873,0.005514365,0.3399525,0
2514,0,0.014259194,0,0.009487377,0.00081539154,0.0068573724,0.014259194,0.0017851467,0.006848133,0.009908165,0.3048573,0
2515,0,0.019100413,0,0.019100413,0.0015544891,0.008975885,0.018119188,0.0056236745,0.00899713,0.01480327,0.29383573,0
2516,0,0.02449606,0,0.02449606,0.0013923645,0.009070885,0.017299367,0.003921773,0.008311004,0.010969753,0.2676775,0
2517,0,0.012817383,0,0.012817383,0.0005555153,0.008367881,0.010108846,0.0026638457,0.0062008454,0.0035976074,0.26003152,0
2518,0,0.030741978,0,0.030741978,0.00166893,0.011654901,0.019895468,0.006178642,0.010214032,0.015216109,0.2354547,0
2519,0,0.028385026,0,0.028385026,0.0013923645,0.011844902,0.0166845,0.0035702933,0.008285114,0.012857023,0.37171507,0
2520,0,0.030270588,1,0.030270588,0.00088214874,0.0114269,0.013268576,0.008620501,0.0068999166,0.023472913,0.6705409,0
2521,0,0.018723432,0,0.018723432,0.0011205673,0.008956885,0.014498309,0.0038292783,0.007534259,0.008905552,0.27837425,0
2522,0,0.011560614,0,0.0074139764,0.0007677078,0.00650587,0.011560614,0.0021458757,0.00675104,0.007902941,0.30248168,0
2523,0,0.013507691,0,0.008796243,0.00094890594,0.0075128763,0.013507691,0.0017388993,0.006259101,0.009259416,0.22651023,0
2524,0,0.017215505,0,0.017215505,0.0011110306,0.008633883,0.013166099,0.006474625,0.0069516995,0.009141461,0.16815083,0
2525,0,0.017718147,0,0.017718147,0.0005698204,0.0075128763,0.010569996,0.004384246,0.007081157,0.011205662,0.18865776,0
2526,0,0.01847211,0,0.01847211,0.0015258789,0.00813988,0.017231047,0.003903274,0.00948907,0.014921224,0.39523977,0
2527,0,0.0098868115,0,0.00609454,0.000500679,0.006163868,0.0098868115,0.0014336669,0.0060325502,0.003833516,0.23797123,0
2528,0,0.030034892,0,0.030034892,0.0026893616,0.00979289,0.022354934,0.0052166977,0.01052473,0.03208358,0.4003016,0
2529,0,0.017089844,0,0.017089844,0.0011110306,0.010438894,0.015625564,0.002552852,0.0077025536,0.012562137,0.25519925,0
2530,0,0.019477395,0,0.019477395,0.0012207031,0.010476895,0.014532468,0.0032558115,0.0073789097,0.008669644,0.2110977,0
2531,0,0.014361672,0,0.011497946,0.0011491776,0.006724371,0.014361672,0.0029598286,0.007870848,0.011618502,0.35903797,0
2532,0,0.017843807,0,0.017843807,0.0008535385,0.011046898,0.012038844,0.0032743104,0.0061296434,0.0068118633,0.25336868,0
2533,0,0.012482914,0,0.011560776,0.0009584427,0.006885872,0.012482914,0.0020071338,0.00746953,0.0069298176,0.2426979,0
2534,0,0.014702292,0,0.014702292,0.0007534027,0.008272881,0.011167783,0.0026638457,0.0063626673,0.0045117536,0.23383841,0
2535,0,0.0157622,0,0.013131535,0.0010824203,0.007987879,0.0157622,0.004236255,0.007961469,0.015452018,0.2736227,0
2536,0,0.011458136,0,0.010115679,0.00077724457,0.0069143726,0.011458136,0.0029783275,0.0066280556,0.0057207854,0.19698465,0
2537,0,0.013508516,0,0.013508516,0.00056505203,0.007892879,0.00997221,0.001276426,0.0068869707,0.004098913,0.27453765,0
2538,0,0.031213367,0,0.031213367,0.001373291,0.010856897,0.01490822,0.012842959,0.00780612,0.010026119,0.29665273,0
2539,0,0.0201057,0,0.0201057,0.00093460083,0.009640889,0.012892825,0.003644289,0.0074954215,0.006605443,0.22129332,0
2540,0,0.02072494,0,0.02072494,0.0017738342,0.009089886,0.018255826,0.0042177555,0.009696201,0.0150981555,0.2582151,0
2541,0,0.02826718,0,0.02826718,0.0024795532,0.012034904,0.024472807,0.0071775843,0.0104988385,0.024298593,0.27780852,0
2542,0,0.012892825,0,0.010555492,0.00084877014,0.007151874,0.012892825,0.0029783275,0.007301235,0.009495324,0.2099863,0
2543,0,0.015644746,0,0.015644746,0.0014400482,0.00806388,0.015488927,0.0047357255,0.008815889,0.015216109,0.4844263,0
2544,0,0.022256956,0,0.022256956,0.0012683868,0.0092228865,0.0166845,0.005401687,0.007909686,0.011795434,0.23861447,0
2545,0,0.025085296,0,0.025085296,0.0011777878,0.00983089,0.013780965,0.011099357,0.006712203,0.005602831,0.21707794,0
2546,0,0.016172111,0,0.015770407,0.0014209747,0.007645877,0.016172111,0.0045322375,0.009100696,0.013446795,0.32288134,0
2547,0,0.00998929,0,0.00804228,0.00058174133,0.006667371,0.00998929,0.0017943961,0.006356194,0.004334822,0.33670196,0
2548,0,0.03592727,0,0.03592727,0.0012207031,0.017356457,0.012517073,0.003385304,0.007249452,0.005809251,0.34536982,0
2549,0,0.026970858,0,0.026970858,0.0017738342,0.009545889,0.018665737,0.0062526376,0.010680079,0.016749516,0.22747105,0
2550,0,0.019854378,0,0.019854378,0.000910759,0.010058892,0.013644327,0.0037182847,0.006259101,0.004983571,0.1797806,0
2551,0,0.014839902,0,0.012817383,0.0011777878,0.0074368757,0.014839902,0.0038292783,0.007857903,0.011677479,0.2580549,0
2552,0,0.031449065,0,0.031449065,0.0012159348,0.012376905,0.013644327,0.0030523231,0.00948907,0.008492713,0.20027298,0
2553,0,0.015958898,0,0.015958898,0.0012874603,0.008785884,0.014805742,0.0034777985,0.007547205,0.011264639,0.33629104,0
2554,0,0.033806015,0,0.033806015,0.0014400482,0.011844902,0.018597418,0.0063266335,0.008505191,0.02748336,0.33854297,0
2555,0,0.032156147,0,0.032156147,0.0011968613,0.013592913,0.013678487,0.0024788564,0.0077802283,0.0064580003,0.25242084,0
2556,0,0.02035702,0,0.02035702,0.0012397766,0.008785884,0.014156717,0.007843546,0.0073918556,0.010321004,0.32221133,0
2557,0,0.016342908,0,0.01608456,0.0011444092,0.008500882,0.016342908,0.0034592997,0.006874025,0.012739069,0.36931953,0
2558,0,0.027677942,0,0.027677942,0.0013542175,0.0105148945,0.0166845,0.0065486208,0.008285114,0.020877918,0.246375,0
2559,0,0.022728346,0,0.022728346,0.0017929077,0.0096028885,0.019485557,0.004643231,0.009359611,0.019108603,0.23636208,0
2560,0,0.019728716,0,0.019728716,0.0013923645,0.008823884,0.017094411,0.004180758,0.008168601,0.012444182,0.22639367,0
2561,0,0.011970525,0,0.011246625,0.0006580353,0.0070663732,0.011970525,0.0020071338,0.006530962,0.0054258998,0.21417491,0
2562,0,0.030270588,1,0.030270588,0.000910759,0.012262905,0.012961143,0.00569767,0.006809296,0.011736456,0.30883545,0
2563,0,0.025203144,0,0.025203144,0.0019454956,0.0096028885,0.018529098,0.0058456613,0.008815889,0.017457243,0.67774093,0
2564,0,0.031684756,0,0.031684756,0.0013923645,0.011312899,0.017845914,0.016360072,0.0070164283,0.010497936,0.21891652,0
2565,0,0.016712861,0,0.016712861,0.001168251,0.00821588,0.016479544,0.0038292783,0.007857903,0.010321004,0.22494853,0
2566,0,0.03062413,0,0.03062413,0.0015640259,0.011958904,0.016821137,0.004920715,0.0074306927,0.0136827035,0.3985215,0
2567,0,0.014011159,0,0.014011159,0.0010442734,0.00808288,0.013883443,0.0041067624,0.0070552654,0.009849187,0.2603585,0
2568,0,0.015519086,0,0.015519086,0.001206398,0.008595883,0.014088398,0.003866276,0.0077154995,0.011913388,0.26961786,0
2569,0,0.015770407,0,0.015770407,0.0009059906,0.008709883,0.012551232,0.004439743,0.006550381,0.007106749,0.21926667,0
2570,0,0.02249265,0,0.02249265,0.0019359589,0.009203887,0.02167175,0.004439743,0.0089712385,0.022175416,0.27621347,0
2571,0,0.028149333,0,0.028149333,0.0015258789,0.015948927,0.019348921,0.00414376,0.007249452,0.011146685,0.42968896,0
2572,0,0.022846194,0,0.022846194,0.0014877319,0.010058892,0.01627459,0.0038107792,0.00814271,0.011736456,0.22831567,0
2573,0,0.015420608,0,0.012440401,0.0012302399,0.007170874,0.015420608,0.004347248,0.008582866,0.013505772,0.19702671,0
2574,0,0.017843807,0,0.017843807,0.0018882751,0.00975489,0.016957775,0.0034408006,0.008375733,0.014036566,0.39046183,0
2575,0,0.01419965,1,0.01419965,0.00093460083,0.008918885,0.011697251,0.0063266335,0.0069905366,0.008020895,0.5813588,0
2576,0,0.02249265,0,0.02249265,0.0012493134,0.008823884,0.0138151245,0.010729378,0.0078449575,0.007313169,0.20610823,0
2577,0,0.01834645,0,0.01834645,0.00084877014,0.010780896,0.01086035,0.0021828737,0.007094103,0.0033616987,0.21827836,0
2578,0,0.018974753,0,0.018974753,0.0014019012,0.008272881,0.015659723,0.003607291,0.008505191,0.011382594,0.22494727,0
2579,0,0.03357032,0,0.03357032,0.0011301041,0.014124917,0.013234417,0.006955597,0.0077802283,0.011618502,0.42822093,0
2580,0,0.021432023,0,0.021432023,0.0014305115,0.008975885,0.018187506,0.004162259,0.007935578,0.012798046,0.19584993,0
2581,0,0.017341165,0,0.017341165,0.0009059906,0.007816878,0.0127903465,0.007991537,0.0066215824,0.00604516,0.15423292,0
2582,0,0.023553278,0,0.023553278,0.00166893,0.009108886,0.016889455,0.003607291,0.008375733,0.014921224,0.34889826,0
2583,0,0.014702292,0,0.014702292,0.0010061264,0.00808288,0.014259194,0.0029783275,0.0072882893,0.009082484,0.28401574,0
2584,0,0.034277402,0,0.034277402,0.0021839142,0.011160898,0.025497584,0.0058086636,0.01101667,0.023826776,0.23870751,0
2585,0,0.014874061,0,0.011812098,0.0010824203,0.007132874,0.014874061,0.0032928092,0.0076507707,0.011087708,0.3665226,0
2586,0,0.023788974,0,0.023788974,0.0019741058,0.009982891,0.019143965,0.006178642,0.009981008,0.018282922,0.48103482,0
2587,0,0.014054239,0,0.012943043,0.0009536743,0.0076268767,0.014054239,0.0024788564,0.0069387536,0.009967142,0.29637548,0
2588,0,0.0201057,0,0.0201057,0.0010108948,0.010438894,0.013473531,0.0035332954,0.0070552654,0.007961918,0.3169248,0
2589,0,0.013508516,0,0.013508516,0.0005722046,0.00815888,0.010125926,0.0023216156,0.0061166976,0.0033027215,0.19734947,0
2590,0,0.017299367,0,0.012314741,0.0014781952,0.007645877,0.017299367,0.0027563404,0.007819066,0.014508383,0.24761541,0
2591,0,0.010706633,0,0.008293601,0.0006723404,0.006344369,0.010706633,0.0028673338,0.006479179,0.0057797628,0.23837242,0
2592,0,0.01608456,0,0.01608456,0.0013637543,0.007854878,0.016035475,0.004384246,0.008427517,0.015569973,0.3065722,0
2593,0,0.010313802,0,0.00816794,0.00067710876,0.0062873685,0.010313802,0.0011700572,0.0071070488,0.004688685,0.26783067,0
2594,0,0.010433359,0,0.01024134,0.0007677078,0.007360875,0.010433359,0.0024788564,0.0066280556,0.0041284016,0.2012734,0
2595,0,0.036162965,0,0.036162965,0.0016975403,0.015644927,0.016411226,0.0040142676,0.00933372,0.0129749775,0.7089415,0
2596,0,0.00995513,0,0.009738698,0.0006055832,0.007028373,0.00995513,0.002885833,0.0060778605,0.004482265,0.20080753,0
2597,0,0.015591404,0,0.015330595,0.0012302399,0.008253881,0.015591404,0.0029043318,0.008129764,0.013092931,0.28056335,0
2598,0,0.013405213,0,0.012126249,0.0008249283,0.007968879,0.013405213,0.002626848,0.0070164283,0.0064580003,0.2649483,0
2599,0,0.016838523,0,0.016838523,0.0014209747,0.008329881,0.016547862,0.0047357255,0.00823333,0.014154521,0.3885296,0
2600,0,0.017215505,0,0.017215505,0.0014972687,0.008386881,0.016547862,0.004088263,0.008323951,0.0143904295,0.25417778,0
2601,0,0.016001316,0,0.014073989,0.0012779236,0.0076838774,0.016001316,0.003866276,0.0074306927,0.014095544,0.19993609,0
2602,0,0.015079016,0,0.0137598375,0.0011873245,0.007303875,0.015079016,0.0035332954,0.008181547,0.0136827035,0.21425843,0
2603,0,0.03357032,0,0.03357032,0.0021743774,0.012186904,0.019485557,0.0042547537,0.009696201,0.018047014,0.28536677,0
2604,0,0.02308189,0,0.02308189,0.001783371,0.0084818825,0.017436003,0.0037367835,0.010084574,0.015216109,0.38044977,0
2605,0,0.024260364,0,0.024260364,0.00166893,0.010020891,0.015898837,0.0043102503,0.008492245,0.014685315,0.30801916,0
2606,0,0.018095128,0,0.018095128,0.0012779236,0.007911879,0.017026093,0.0042177555,0.009100696,0.010733845,0.17491935,0
2607,0,0.011686437,0,0.011686437,0.00068187714,0.007341875,0.011150704,0.0020811295,0.0068999166,0.0064580003,0.24844038,0
2608,0,0.01834645,0,0.01834645,0.001707077,0.009488888,0.016752819,0.0028673338,0.008336896,0.010969753,0.52485496,0
2609,0,0.02826718,0,0.02826718,0.0016117096,0.008614883,0.017299367,0.0042917514,0.007948523,0.018282922,0.46600568,0
2610,0,0.03545588,0,0.03545588,0.0016021729,0.012338906,0.016889455,0.010581387,0.00823333,0.010969753,0.38728908,0
2611,0,0.012995303,0,0.010806813,0.0009202957,0.0070948736,0.012995303,0.0030338243,0.00713294,0.00979021,0.3091341,0
2612,0,0.015113175,0,0.0131943645,0.0011730194,0.0072278744,0.015113175,0.0034962974,0.007883795,0.012149297,0.24489951,0
2613,0,0.017843807,0,0.017843807,0.00074863434,0.009298887,0.012585391,0.0035887922,0.0067251488,0.01792906,0.5704379,0
2614,0,0.01438814,0,0.01438814,0.0009202957,0.007892879,0.013405213,0.0040327664,0.0075083673,0.0080798725,0.21073039,0
2615,0,0.013234417,0,0.012754552,0.00096321106,0.007721877,0.013234417,0.003311308,0.0067316215,0.008374758,0.2145132,0
2616,0,0.009801528,0,0.009801528,0.00064849854,0.0070378734,0.009365883,0.0018406434,0.006757513,0.002668717,0.3376096,0
2617,0,0.0138151245,0,0.010743983,0.00089645386,0.0072278744,0.0138151245,0.0032558115,0.0074954215,0.009141461,0.2004407,0
2618,0,0.022610499,0,0.022610499,0.0016784668,0.009982891,0.0166845,0.005401687,0.007961469,0.014862247,0.19575466,0
2619,0,0.017592486,0,0.017592486,0.0013923645,0.007987879,0.017162729,0.004069764,0.008026198,0.01604179,0.32050502,0
2620,0,0.014225035,0,0.012314741,0.0010490417,0.0077408776,0.014225035,0.0031818156,0.006925808,0.009259416,0.3269882,0
2621,0,0.014703264,0,0.01237757,0.0011634827,0.0070758737,0.014703264,0.003644289,0.008220384,0.010497936,0.31764668,0
2622,0,0.015142105,0,0.015142105,0.0011491776,0.007873878,0.014156717,0.0032373124,0.007301235,0.012149297,0.32900032,0
2623,0,0.012817383,0,0.012817383,0.000667572,0.008291881,0.012346277,0.0024048607,0.006466233,0.005868228,0.21500587,0
2624,0,0.010809111,0,0.0041468004,0.0004696846,0.0057791155,0.010809111,0.000827827,0.0059160385,0.0067233974,0.23791404,0
2625,0,0.019477395,0,0.019477395,0.0014591217,0.010628895,0.017436003,0.004180758,0.00780612,0.010262027,0.20658489,0
2626,0,0.017215505,0,0.017215505,0.0013828278,0.007778878,0.011970525,0.0031263188,0.009100696,0.007843964,0.4756248,0
2627,0,0.012551232,0,0.011749268,0.00084400177,0.007360875,0.012551232,0.0026453468,0.006712203,0.006752886,0.2958986,0
2628,0,0.019980038,0,0.019980038,0.0012207031,0.011084898,0.015249812,0.0027933381,0.007353018,0.0108517995,0.35161573,0
2629,0,0.023906821,0,0.023906821,0.0015544891,0.009868891,0.017436003,0.0056236745,0.008634649,0.014626338,0.22627167,0
2630,0,0.024613906,0,0.024613906,0.0016307831,0.009944891,0.016616182,0.003348306,0.008427517,0.013859635,0.24930394,0
2631,0,0.015330595,0,0.015330595,0.00074386597,0.008272881,0.010501678,0.0019238886,0.006977591,0.0050130594,0.22832629,0
2632,0,0.023317585,0,0.023317585,0.0015926361,0.009355888,0.017231047,0.004162259,0.009178371,0.014567361,0.22044891,0
2633,0,0.018849092,0,0.018849092,0.0008535385,0.011236899,0.011065305,0.0014891637,0.0070164283,0.004836128,0.33183777,0
2634,0,0.00998929,0,0.009550206,0.0007343292,0.006363369,0.00998929,0.0013596712,0.0071847234,0.005042548,0.324801,0
2635,0,0.01834645,0,0.01834645,0.0015640259,0.009336887,0.016821137,0.004606233,0.008686432,0.0143904295,0.5921256,0
2636,0,0.01127026,0,0.010681152,0.0007390976,0.007028373,0.01127026,0.0027933381,0.007068211,0.0059861825,0.27201793,0
2637,0,0.01633588,0,0.01633588,0.0010490417,0.00821588,0.012995303,0.0027933381,0.007029374,0.008846575,0.40646592,0
2638,0,0.025674535,0,0.025674535,0.0016784668,0.009184887,0.014805742,0.013445892,0.007689608,0.010438959,0.3672344,0
2639,0,0.017466826,0,0.017466826,0.0012779236,0.008614883,0.015659723,0.003089321,0.007741391,0.011618502,0.25284773,0
2640,0,0.026617315,0,0.026617315,0.0022697449,0.011274899,0.021398475,0.005660672,0.008738215,0.018872695,0.3189919,0
2641,0,0.02920996,0,0.02920996,0.0018692017,0.010780896,0.022149978,0.0061046463,0.00933372,0.026303818,0.3238959,0
2642,0,0.0201057,0,0.0201057,0.0013065338,0.009013886,0.015420608,0.0044582416,0.0075083673,0.0122672515,0.44778618,0
2643,0,0.021549871,0,0.021549871,0.0015830994,0.009051885,0.018529098,0.0051797,0.0089712385,0.016277699,0.3289102,0
2644,0,0.025556687,0,0.025556687,0.0011634827,0.01306091,0.017504321,0.0053276913,0.0067445673,0.0080798725,0.26990554,0
2645,0,0.023788974,0,0.023788974,0.0017642975,0.009032886,0.01579636,0.005660672,0.009307829,0.013564749,0.2690405,0
2646,0,0.015693882,0,0.014011159,0.0015640259,0.008291881,0.015693882,0.0018313939,0.007832011,0.012562137,0.40113866,0
2647,0,0.01608456,0,0.01608456,0.00086307526,0.00806388,0.013131939,0.0037552824,0.007081157,0.0069003287,0.19569406,0
2648,0,0.034748793,0,0.034748793,0.0027656555,0.013820915,0.024062896,0.008620501,0.008919456,0.022175416,0.3474239,0
2649,0,0.037105743,0,0.037105743,0.001745224,0.011122898,0.016821137,0.018168874,0.0076766624,0.009082484,0.23222968,0
2650,0,0.014953613,0,0.014953613,0.00074386597,0.0075698765,0.011526455,0.0038292783,0.0063950317,0.004806639,0.20480223,0
2651,0,0.020842785,0,0.020842785,0.0014019012,0.008538882,0.014600786,0.0034962974,0.007961469,0.011323617,0.32924604,0
2652,0,0.01834645,0,0.01834645,0.0015640259,0.008310881,0.015932998,0.0039402717,0.008311004,0.014331453,0.20038022,0
2653,0,0.026028076,0,0.026028076,0.0011014938,0.010210892,0.012004685,0.0032743104,0.008052089,0.0072541917,0.21883003,0
2654,0,0.014771583,0,0.014136819,0.0011491776,0.0076838774,0.014771583,0.003921773,0.007819066,0.011146685,0.38260296,0
2655,0,0.015393426,0,0.015393426,0.00067710876,0.009640889,0.0113215,0.0025343532,0.006356194,0.004806639,0.27106583,0
2656,0,0.029563503,0,0.029563503,0.0017642975,0.0115029,0.019485557,0.0071405866,0.008556974,0.01981633,0.39304632,0
2657,0,0.023671126,0,0.023671126,0.0019836426,0.011198899,0.022218296,0.008361516,0.01086132,0.024416547,0.40857014,0
2658,0,0.016712861,0,0.016712861,0.0010728836,0.008006879,0.014498309,0.003884775,0.007586042,0.010969753,0.300669,0
2659,0,0.013678487,0,0.012000589,0.0009870529,0.0075888764,0.013678487,0.0034592997,0.0077284453,0.012326228,0.22609971,0
2660,0,0.022964042,0,0.022964042,0.0015735626,0.010210892,0.018324144,0.00466173,0.008867673,0.015452018,0.47903773,0
2661,0,0.026145924,0,0.026145924,0.00082969666,0.014884921,0.01086035,0.0023863618,0.0066733654,0.0039514704,0.23315929,0
2662,0,0.030859824,0,0.030859824,0.001411438,0.012490907,0.021330157,0.0045137387,0.007521313,0.012562137,0.20078336,0
2663,0,0.016479544,0,0.016210219,0.0013446808,0.00808288,0.016479544,0.0030338243,0.008039144,0.016631562,0.36505976,0
2664,0,0.015016444,0,0.015016444,0.0011444092,0.012718908,0.013883443,0.005660672,0.0066733654,0.007313169,0.1815798,0
2665,0,0.02685301,0,0.02685301,0.0020122528,0.010134893,0.021330157,0.00569767,0.009747985,0.02229337,0.29876888,0
2666,0,0.013951761,0,0.011937759,0.0010919571,0.006942873,0.013951761,0.003089321,0.007961469,0.01102873,0.21581775,0
2667,0,0.02308189,0,0.02308189,0.001745224,0.009203887,0.019690514,0.003385304,0.0076119336,0.021939507,0.15358077,0
2668,0,0.015644746,0,0.015644746,0.001335144,0.007531876,0.015283971,0.0035332954,0.008582866,0.011264639,0.21743293,0
2669,0,0.01834645,0,0.01834645,0.0010538101,0.010438894,0.014054239,0.0032743104,0.006770459,0.0087286215,0.23751923,0
2670,0,0.030506283,0,0.030506283,0.0016117096,0.013288911,0.020510335,0.005401687,0.008155655,0.015452018,0.2734485,0
2671,0,0.018849092,0,0.018849092,0.000872612,0.008310881,0.012551232,0.00984143,0.0072235605,0.00666442,0.22952603,0
2672,0,0.015079274,0,0.015079274,0.00096797943,0.0081208795,0.0138151245,0.0066596144,0.0069387536,0.007372146,0.23494592,0
2673,0,0.02035702,0,0.02035702,0.0016403198,0.008367881,0.017504321,0.00414376,0.009230154,0.015334064,0.6401011,0
2674,1,0.034748793,0,0.034748793,0.0018787384,0.012338906,0.022218296,0.005401687,0.008582866,0.01480327,0.2867217,1
2675,0,0.033806015,0,0.033806015,0.0019550323,0.0114269,0.022354934,0.006030651,0.008323951,0.030904036,0.21626508,0
2676,0,0.0201057,0,0.0201057,0.0015640259,0.009545889,0.017982552,0.0064006294,0.008764107,0.013446795,0.21365851,0
2677,0,0.022256956,0,0.022256956,0.0009918213,0.011160898,0.012448754,0.0023586133,0.006757513,0.006516977,0.19236317,0
2678,0,0.017969469,0,0.017969469,0.0015449524,0.0075508766,0.014942379,0.0035332954,0.0084793,0.011382594,0.39171815,0
2679,0,0.030859824,0,0.030859824,0.0013637543,0.0114649,0.012073003,0.0035332954,0.009385503,0.0048656166,0.15268427,0
2680,0,0.020607091,0,0.020607091,0.0011873245,0.009241886,0.016411226,0.004846719,0.0074824756,0.019226557,0.2850698,0
2681,0,0.01535229,0,0.015142105,0.0012683868,0.007645877,0.01535229,0.003348306,0.008311004,0.012739069,0.45172545,0
2682,0,0.016712861,0,0.016712861,0.0009250641,0.008272881,0.013336895,0.0036997858,0.007534259,0.0064580003,0.20101406,0
2683,0,0.021196328,0,0.021196328,0.000705719,0.010172892,0.011509376,0.0024603575,0.0064468146,0.0051310137,0.18667889,0
2684,0,0.018974753,0,0.018974753,0.0011920929,0.008994885,0.017709278,0.0043102503,0.007262398,0.012621114,0.17540738,0
2685,0,0.019980038,0,0.019980038,0.0010681152,0.009906891,0.014532468,0.0034038029,0.0078449575,0.009200439,0.25527436,0
2686,0,0.02685301,0,0.02685301,0.0019264221,0.0105148945,0.018324144,0.0045322375,0.008815889,0.014331453,0.23687749,0
2687,0,0.015523086,0,0.014827953,0.0013542175,0.0075508766,0.015523086,0.0037182847,0.008453408,0.015216109,0.21152794,0
2688,0,0.016964182,0,0.016964182,0.0011968613,0.00979289,0.015967157,0.0032188136,0.007819066,0.009849187,0.1648926,0
2689,0,0.010681152,0,0.010681152,0.00039815903,0.00819688,0.009220706,0.0027378413,0.0060325502,0.0032879773,0.2725632,0
2690,0,0.031331215,0,0.031331215,0.0015258789,0.0116169015,0.017845914,0.007473567,0.008013252,0.021113826,0.47184506,0
2691,0,0.031331215,0,0.031331215,0.0011444092,0.012300906,0.01261955,0.001812895,0.00814271,0.0067823743,0.37874347,0
2692,0,0.017843807,0,0.017843807,0.001039505,0.0081208795,0.013371054,0.0037367835,0.0076507707,0.009200439,0.17341724,0
2693,0,0.013849284,0,0.013445686,0.0011777878,0.0072848746,0.013849284,0.0036997858,0.007922632,0.0122672515,0.408468,0
2694,0,0.010911589,0,0.008419261,0.0007343292,0.0067433715,0.010911589,0.0013689207,0.0065633263,0.008256803,0.3202453,0
2695,0,0.014156717,0,0.012817383,0.0010538101,0.007493876,0.014156717,0.00310782,0.0072753434,0.009731233,0.2510447,0
2696,0,0.022139108,0,0.022139108,0.00084877014,0.010476895,0.0117997285,0.001933138,0.006874025,0.0052194796,0.24605797,0
2697,0,0.02543884,0,0.02543884,0.0018501282,0.009203887,0.017777596,0.0048837173,0.010058682,0.014980201,0.17751087,0
2698,0,0.013917602,0,0.0103670005,0.00091552734,0.0070853736,0.013917602,0.0030523231,0.0069905366,0.009082484,0.23128898,0
2699,0,0.027560094,0,0.027560094,0.0020885468,0.009678889,0.017299367,0.011691323,0.009463178,0.014272475,0.57674915,0
2700,0,0.035220183,0,0.035220183,0.0026512146,0.010780896,0.024677763,0.00621564,0.010938995,0.031375855,0.35553414,0
2701,0,0.011441057,0,0.008105109,0.00078201294,0.006363369,0.011441057,0.0017758971,0.007068211,0.005602831,0.24596769,0
2702,0,0.026617315,0,0.026617315,0.0013828278,0.010286893,0.014874061,0.005105704,0.007573096,0.010910776,0.25203663,0
2703,0,0.019980038,0,0.019980038,0.0010919571,0.008614883,0.013644327,0.003921773,0.007081157,0.0074311234,0.20121044,0
2704,0,0.015581916,0,0.015581916,0.0008010864,0.008348881,0.012448754,0.0030708222,0.0071847234,0.007667032,0.29231837,0
2705,0,0.010429831,0,0.010429831,0.00064849854,0.0069333725,0.010057608,0.0017111509,0.0066798385,0.0042168675,0.1927537,0
2706,0,0.021196328,0,0.021196328,0.0011444092,0.009526889,0.01354185,0.004920715,0.0067251488,0.011087708,0.19740655,0
2707,0,0.012414595,0,0.011812098,0.000872612,0.007360875,0.012414595,0.002293867,0.0070164283,0.0065759546,0.20647363,0
2708,0,0.013883443,0,0.012566062,0.0010251999,0.0077598775,0.013883443,0.0035702933,0.0072882893,0.012031343,0.2973926,0
2709,0,0.028385026,0,0.028385026,0.0016021729,0.010818896,0.019280603,0.00449524,0.00789674,0.011087708,0.2457004,0
2710,0,0.028031485,0,0.028031485,0.0022411346,0.010590895,0.020032106,0.006363631,0.011275585,0.019934284,0.46226132,0
2711,0,0.0137598375,0,0.0137598375,0.00084400177,0.007892879,0.013576009,0.0038477771,0.0076637166,0.00855169,0.19416249,0
2712,0,0.015581916,0,0.015581916,0.0009584427,0.0077408776,0.01309778,0.00258985,0.0069646453,0.009967142,0.24349767,0
2713,0,0.02402467,0,0.02402467,0.0016784668,0.010590895,0.017572641,0.0041992567,0.008440462,0.012916001,0.25191092,0
2714,0,0.016838523,0,0.016838523,0.0012588501,0.007949878,0.015181494,0.0043102503,0.008311004,0.015569973,0.25172848,0
2715,0,0.02072494,0,0.02072494,0.0014591217,0.009127886,0.017367685,0.0055866763,0.009230154,0.012798046,0.37710714,0
2716,0,0.022374803,0,0.022374803,0.0009918213,0.010932897,0.012004685,0.00310782,0.007029374,0.005956694,0.15142943,0
2717,0,0.03734144,0,0.03734144,0.0010681152,0.021610579,0.012517073,0.002090379,0.0064532873,0.0039514704,0.38227925,0
2718,0,0.02968135,0,0.02968135,0.0014305115,0.0116169015,0.016411226,0.003921773,0.00675104,0.008610667,0.23912826,0
2719,0,0.014395831,0,0.011623607,0.0011634827,0.007949878,0.014395831,0.0030523231,0.0077802283,0.012798046,0.36779267,0
2720,0,0.028031485,0,0.028031485,0.0018978119,0.010628895,0.020920247,0.0047727237,0.009644418,0.019934284,0.404384,0
2721,0,0.030034892,0,0.030034892,0.0023269653,0.012110904,0.02167175,0.0040142676,0.008492245,0.020170191,0.3610246,0
2722,0,0.026970858,0,0.026970858,0.0025939941,0.009507888,0.019690514,0.003311308,0.008103873,0.030668128,0.57020915,0
2723,0,0.019854378,0,0.019854378,0.00166893,0.0086718835,0.015215653,0.004643231,0.008582866,0.014213498,0.38466343,0
2724,0,0.025792383,0,0.025792383,0.0018787384,0.00815888,0.021056883,0.004994711,0.010602405,0.018990649,0.2982015,0
2725,0,0.01225191,0,0.01225191,0.00069618225,0.007911879,0.011594773,0.0026823445,0.0063950317,0.004806639,0.18322116,0
2726,0,0.014464149,0,0.01438814,0.0011205673,0.007493876,0.014464149,0.002848835,0.007974415,0.010379982,0.31535345,0
2727,0,0.021667719,0,0.021667719,0.0015449524,0.008785884,0.018255826,0.0044767405,0.009230154,0.014626338,0.2894222,0
2728,0,0.015728042,0,0.014702292,0.0011014938,0.008538882,0.015728042,0.00414376,0.00746953,0.011323617,0.29457685,0
2729,0,0.026145924,0,0.026145924,0.0020122528,0.00975489,0.017299367,0.0058086636,0.010421164,0.014626338,0.26005596,0
2730,0,0.02685301,0,0.02685301,0.0016593933,0.012300906,0.020920247,0.0050687063,0.008336896,0.014449406,0.21033871,0
2731,0,0.023199737,0,0.023199737,0.0009822845,0.0118069025,0.014634945,0.002885833,0.00746953,0.010497936,0.53620696,0
2732,0,0.021432023,0,0.021432023,0.0019168854,0.0107048955,0.019007329,0.006437627,0.00967031,0.018518832,0.58419836,0
2733,0,0.011065305,0,0.009801528,0.0007677078,0.0067908717,0.011065305,0.001812895,0.0071717775,0.0056618084,0.2961331,0
2734,0,0.014073989,0,0.014073989,0.00081062317,0.008310881,0.01265371,0.0032188136,0.006712203,0.007726009,0.17299783,0
2735,0,0.017969469,0,0.017969469,0.0011348724,0.008367881,0.01490822,0.0032003147,0.007793174,0.00896453,0.28964114,0
2736,0,0.014450971,0,0.014450971,0.0010919571,0.007607877,0.013644327,0.0032003147,0.007534259,0.0094363475,0.15426247,0
2737,0,0.020231359,0,0.020231359,0.0014019012,0.00813988,0.01354185,0.008842488,0.00823333,0.007902941,0.2262625,0
2738,0,0.024142517,0,0.024142517,0.0008916855,0.010438894,0.0108774295,0.0035517942,0.006874025,0.011146685,0.29580566,0
2739,0,0.025320992,0,0.025320992,0.0014019012,0.008310881,0.015318131,0.004402745,0.008103873,0.009023507,0.17275478,0
2740,0,0.036634352,0,0.036634352,0.0026130676,0.014504919,0.028913507,0.0063266335,0.009411395,0.026185863,0.24085289,0
2741,0,0.03545588,0,0.03545588,0.0034713745,0.012186904,0.029050145,0.004384246,0.0075083673,0.024534503,0.2077195,0
2742,0,0.026263772,0,0.026263772,0.0017166138,0.0096028885,0.019143965,0.0052166977,0.009722093,0.016159745,0.19047482,0
2743,0,0.017466826,0,0.017466826,0.001077652,0.008804884,0.014156717,0.0032928092,0.0074565844,0.010792822,0.29916993,0
2744,0,0.024142517,0,0.024142517,0.0018501282,0.010058892,0.01846078,0.0035147965,0.008323951,0.015805881,0.25093415,0
2745,0,0.023671126,0,0.023671126,0.0013160706,0.0114649,0.014464149,0.0031818156,0.00789674,0.0094363475,0.14275303,0
2746,0,0.01608456,0,0.01608456,0.0012683868,0.0072278744,0.01535229,0.0031818156,0.008505191,0.015039179,0.21195798,0
2747,0,0.01847211,0,0.01847211,0.0013446808,0.009089886,0.016479544,0.003866276,0.00814271,0.011618502,0.2928908,0
2748,0,0.010330882,0,0.009487377,0.0006389618,0.006847872,0.010330882,0.0019978844,0.006641001,0.004098913,0.18184575,0
2749,0,0.011246625,0,0.011246625,0.00069618225,0.007911879,0.0103992,0.0017296498,0.006699257,0.005514365,0.3443703,0
2750,0,0.025087673,0,0.02343543,0.0031280518,0.009260887,0.025087673,0.0045137387,0.00967031,0.027601315,0.35767296,0
2751,0,0.022256956,0,0.022256956,0.0014591217,0.010856897,0.01764096,0.0055866763,0.009411395,0.014154521,0.26286152,0
2752,0,0.024967449,0,0.024967449,0.0017738342,0.010628895,0.018529098,0.0046987277,0.009230154,0.015452018,0.3569652,0
2753,0,0.025674535,0,0.025674535,0.000872612,0.012224905,0.012277958,0.0022753682,0.006874025,0.006605443,0.29478693,0
2754,0,0.014765122,0,0.014765122,0.0008773804,0.008557882,0.012141321,0.0037367835,0.0066151097,0.0069003287,0.1618065,0
2755,0,0.028620722,0,0.028620722,0.0016784668,0.010286893,0.0157622,0.0045137387,0.008712323,0.013151909,0.26682064,0
2756,0,0.017592486,0,0.017592486,0.0008583069,0.0114269,0.01261955,0.00207188,0.0064468146,0.0055733426,0.29084882,0
2757,0,0.015830519,0,0.014890783,0.0011062622,0.00810188,0.015830519,0.0024418586,0.007534259,0.010792822,0.378387,0
2758,0,0.02249265,0,0.02249265,0.0017738342,0.008975885,0.01893901,0.0051427023,0.009540852,0.016277699,0.47140595,0
2759,0,0.021314176,0,0.021314176,0.0020885468,0.0113509,0.021056883,0.0063266335,0.008531082,0.017811105,0.4757974,0
2760,0,0.015625564,0,0.013005874,0.0010681152,0.0086718835,0.015625564,0.0038292783,0.0076507707,0.010497936,0.30150002,0
2761,0,0.021903414,0,0.021903414,0.0013256073,0.014238917,0.016103793,0.0030338243,0.00704232,0.007902941,0.4142606,0
2762,0,0.017718147,0,0.017718147,0.0012159348,0.008652883,0.014874061,0.0034038029,0.00756015,0.011264639,0.3121785,0
2763,0,0.013507691,0,0.01225191,0.0009822845,0.0071043735,0.013507691,0.0031818156,0.007637825,0.009908165,0.27698275,0
2764,0,0.017215505,0,0.017215505,0.00091552734,0.009906891,0.0127561875,0.002885833,0.0066798385,0.0060746484,0.1883145,0
2765,0,0.032863233,0,0.032863233,0.0012397766,0.011692902,0.016172111,0.00258985,0.00704232,0.012621114,0.22160222,0
2766,0,0.019603057,0,0.019603057,0.001115799,0.009545889,0.013849284,0.0037922803,0.00823333,0.0094363475,0.26518604,0
2767,0,0.015523086,0,0.013822667,0.0012302399,0.0076838774,0.015523086,0.003884775,0.008401625,0.013092931,0.2230946,0
2768,0,0.0109324735,0,0.0109324735,0.00054359436,0.0072848746,0.010194245,0.0017758971,0.0062849927,0.004747662,0.2542399,0
2769,0,0.016964182,0,0.016964182,0.0011396408,0.009165886,0.014600786,0.003644289,0.0074048014,0.009672256,0.38279083,0
2770,0,0.024378212,0,0.024378212,0.0007867813,0.012566907,0.011543535,0.0034038029,0.0068416605,0.005691297,0.33833593,0
2771,0,0.02873857,0,0.02873857,0.0015640259,0.011692902,0.019075647,0.003385304,0.007598988,0.012621114,0.20681752,0
2772,0,0.022256956,0,0.022256956,0.0015926361,0.008367881,0.019485557,0.005253696,0.008919456,0.016985426,0.6388926,0
2773,0,0.01265371,0,0.009738698,0.0008773804,0.00647737,0.01265371,0.0023863618,0.0071847234,0.008433735,0.23630881,0
2774,0,0.011014067,0,0.008796243,0.00062942505,0.006705371,0.011014067,0.0017204003,0.0061814263,0.004836128,0.16942933,0
2775,0,0.019100413,0,0.019100413,0.0010442734,0.012110904,0.017026093,0.002552852,0.0071717775,0.009849187,0.2623593,0
2776,0,0.010313802,0,0.009675868,0.0005674362,0.0070473733,0.010313802,0.0016094068,0.0062396824,0.005101525,0.17038329,0
2777,0,0.015707577,0,0.015707577,0.0009727478,0.0076838774,0.014532468,0.0036627878,0.0072106146,0.008315781,0.2738651,0
2778,0,0.010604155,0,0.008419261,0.0006389618,0.00654387,0.010604155,0.0021088778,0.0066151097,0.0049540824,0.26174396,0
2779,0,0.034748793,0,0.034748793,0.0017642975,0.011920903,0.018734055,0.0031263188,0.00789674,0.013918612,0.2097723,0
2780,0,0.010313802,0,0.006942749,0.00062942505,0.0062303683,0.010313802,0.0022198714,0.006485652,0.0035091415,0.20975535,0
2781,0,0.024731753,0,0.024731753,0.0016975403,0.009469888,0.019348921,0.0050687063,0.010110466,0.016395653,0.35603243,0
2782,0,0.021667719,0,0.021667719,0.0015926361,0.008766884,0.013405213,0.0025713511,0.008919456,0.013387818,0.2784588,0
2783,0,0.017341165,0,0.017341165,0.0015449524,0.008386881,0.014293353,0.005105704,0.0082074385,0.010792822,0.40771833,0
2784,0,0.02873857,0,0.02873857,0.0018692017,0.0105148945,0.017436003,0.0048097214,0.008531082,0.016985426,0.24105573,0
2785,0,0.023906821,0,0.023906821,0.0015258789,0.008500882,0.018392462,0.0044582416,0.00967031,0.02205746,0.29518217,0
2786,0,0.0138151245,0,0.010995304,0.00081062317,0.0072658747,0.0138151245,0.0030523231,0.0065244893,0.008138849,0.25536087,0
2787,0,0.02920996,0,0.02920996,0.0021648407,0.011958904,0.020578653,0.004643231,0.009230154,0.016277699,0.26465538,0
2788,0,0.027560094,0,0.027560094,0.0030326843,0.011008898,0.026727317,0.0055496786,0.010214032,0.023001095,0.4754148,0
2789,0,0.013917602,0,0.013320025,0.0011730194,0.0075128763,0.013917602,0.0026083488,0.007961469,0.0101440735,0.6015046,0
2790,0,0.021903414,0,0.021903414,0.0013160706,0.008747884,0.017914234,0.009693438,0.007598988,0.014154521,0.20879588,0
2791,0,0.019728716,0,0.019728716,0.0011634827,0.009488888,0.014293353,0.0036997858,0.007922632,0.0094363475,0.20141172,0
2792,0,0.009169468,0,0.0052149156,0.00038146973,0.0059643667,0.009169468,0.0010220658,0.00598724,0.0032142557,0.19778454,0
2793,0,0.013678487,0,0.008607753,0.0008869171,0.006999873,0.013678487,0.0027008436,0.00675104,0.008492713,0.2983292,0
2794,0,0.015896067,0,0.015896067,0.001449585,0.008633883,0.015693882,0.0031633168,0.008116818,0.011913388,0.19867352,0
2795,0,0.014293353,0,0.0126288915,0.001077652,0.007493876,0.014293353,0.0034223017,0.007340072,0.011323617,0.19528271,0
2796,0,0.015707577,0,0.015707577,0.0011730194,0.008044879,0.014600786,0.0035147965,0.008026198,0.012562137,0.3398795,0
2797,0,0.014513801,0,0.014513801,0.0010156631,0.007911879,0.01402008,0.00362579,0.0074954215,0.008787598,0.22971086,0
2798,0,0.017718147,0,0.017718147,0.0011491776,0.008823884,0.016103793,0.0039957687,0.007883795,0.011382594,0.20010175,0
2799,0,0.025085296,0,0.025085296,0.001168251,0.010666896,0.01402008,0.003921773,0.0072365063,0.009141461,0.276053,0
2800,0,0.020607091,0,0.020607091,0.0018978119,0.009317887,0.019143965,0.004402745,0.008945347,0.019462466,0.20408525,0
2801,0,0.017466826,0,0.017466826,0.0011348724,0.007664877,0.01309778,0.0071775843,0.0077284453,0.008020895,0.39424977,0
2802,0,0.016210219,0,0.016210219,0.0008916855,0.009241886,0.013063621,0.0019608864,0.0069646453,0.0071952147,0.6533693,0
2803,0,0.032863233,0,0.032863233,0.0020503998,0.010970897,0.02030538,0.021083053,0.008712323,0.0150981555,0.38019738,0
2804,0,0.018095128,0,0.018095128,0.0014400482,0.008291881,0.016752819,0.0040512653,0.009023022,0.015687928,0.22461548,0
2805,0,0.02449606,0,0.02449606,0.0014400482,0.0076838774,0.013917602,0.0031633168,0.008764107,0.0072541917,0.4063518,0
2806,0,0.015770407,0,0.015770407,0.0009775162,0.007797878,0.013473531,0.0032188136,0.00756015,0.009495324,0.19113533,0
2807,0,0.033806015,0,0.033806015,0.0022792816,0.011312899,0.023994578,0.00776955,0.010887212,0.02500632,0.3014051,0
2808,0,0.009476901,0,0.0066285976,0.0006389618,0.006306369,0.009476901,0.0014706649,0.0065115434,0.004688685,0.38656875,0
2809,0,0.032627538,0,0.032627538,0.0014591217,0.011312899,0.017572641,0.004439743,0.007534259,0.01875474,0.2388065,0
2810,0,0.020960633,0,0.020960633,0.0015926361,0.008899884,0.019553876,0.0040512653,0.007793174,0.019698374,0.2476002,0
2811,0,0.027442247,0,0.027442247,0.0016117096,0.010628895,0.019075647,0.004920715,0.008323951,0.015805881,0.19815277,0
2812,0,0.02779579,0,0.02779579,0.001821518,0.011920903,0.019690514,0.0047172266,0.008789998,0.012916001,0.18715496,0
2813,0,0.022728346,0,0.022728346,0.0012874603,0.008253881,0.011902207,0.0103594,0.00866054,0.0059272056,0.3476642,0
2814,0,0.019728716,0,0.019728716,0.0009775162,0.009374888,0.01261955,0.0023216156,0.0074824756,0.0077849864,0.24517962,0
2815,0,0.016838523,0,0.016838523,0.0005555153,0.009450888,0.009340264,0.0015076627,0.0066215824,0.0025507626,0.2466624,0
2816,0,0.0108774295,0,0.0103670005,0.00057935715,0.0074178753,0.0108774295,0.0019238886,0.006757513,0.005160502,0.23447995,0
2817,0,0.021667719,0,0.021667719,0.0014686584,0.008025879,0.016889455,0.007991537,0.008867673,0.015452018,0.30222726,0
2818,0,0.026735162,0,0.026735162,0.002040863,0.009070885,0.019007329,0.011469335,0.009230154,0.018636785,0.16309272,0
2819,0,0.01859777,0,0.01859777,0.0015640259,0.0081208795,0.017299367,0.0051427023,0.009256045,0.01769315,0.3102016,0
2820,0,0.012995303,0,0.012126249,0.00093460083,0.0072658747,0.012995303,0.0027748393,0.0072753434,0.008610667,0.26515207,0
2821,0,0.027677942,0,0.027677942,0.001206398,0.011578901,0.01620627,0.00984143,0.00675104,0.009849187,0.18260077,0
2822,0,0.022256956,0,0.022256956,0.0012016296,0.009488888,0.015557245,0.00466173,0.008000307,0.011382594,0.1965717,0
2823,0,0.013571346,0,0.013571346,0.00094890594,0.007816878,0.012517073,0.0030708222,0.007521313,0.0068413517,0.21982792,0
2824,0,0.009733095,0,0.009110395,0.00049591064,0.0066103707,0.009733095,0.002848835,0.0062914654,0.0037745389,0.36755267,0
2825,0,0.009434202,0,0.005937464,0.00041246414,0.006325369,0.009434202,0.0019701358,0.006220264,0.00312579,0.2519804,0
2826,0,0.014576632,0,0.014576632,0.0009870529,0.007360875,0.012722028,0.0022198714,0.007883795,0.008020895,0.18094191,0
2827,0,0.021196328,0,0.021196328,0.0012302399,0.008690883,0.016103793,0.0047172266,0.008052089,0.011736456,0.22850229,0
2828,0,0.023317585,0,0.023317585,0.0018024445,0.009127886,0.019485557,0.0055866763,0.010058682,0.018282922,0.35944173,0
2829,0,0.009716015,0,0.0055918973,0.000436306,0.006363369,0.009716015,0.0012024303,0.005964585,0.0039514704,0.28269562,0
2830,0,0.013268576,0,0.011246625,0.00079631805,0.007123374,0.013268576,0.00362579,0.007068211,0.008492713,0.22667041,0
2831,0,0.015591404,0,0.015204934,0.0012111664,0.0072088744,0.015591404,0.003866276,0.008065036,0.012916001,0.49566004,0
2832,0,0.020607091,0,0.020607091,0.0011634827,0.011654901,0.013917602,0.0020071338,0.007145886,0.011972365,0.40783998,0
2833,0,0.025320992,0,0.025320992,0.0022125244,0.008823884,0.019895468,0.0068076057,0.010938995,0.017811105,0.3490082,0
2834,0,0.0201057,0,0.0201057,0.001411438,0.008576883,0.014566627,0.0038107792,0.008945347,0.010674868,0.16047843,0
2835,0,0.023906821,0,0.023906821,0.001745224,0.009906891,0.017777596,0.011099357,0.008505191,0.011972365,0.20647214,0
2836,0,0.022256956,0,0.022256956,0.002002716,0.008519882,0.019485557,0.0045692353,0.009903334,0.01792906,0.17583184,0
2837,0,0.02543884,0,0.02543884,0.0011634827,0.011084898,0.014634945,0.0025343532,0.0071588317,0.008610667,0.25159875,0
2838,0,0.012141321,0,0.011749268,0.0009202957,0.0072848746,0.012141321,0.0028118372,0.006861079,0.0069003287,0.19117306,0
2839,0,0.02035702,0,0.02035702,0.0011539459,0.008576883,0.015113175,0.0035702933,0.007598988,0.012444182,0.42301464,0
2840,0,0.015249812,0,0.012566062,0.0012683868,0.00819688,0.015249812,0.00362579,0.007857903,0.014508383,0.44155997,0
2841,0,0.02638162,0,0.02638162,0.0019836426,0.012376905,0.019963788,0.006289636,0.008815889,0.01374168,0.36101156,0
2842,0,0.00952814,0,0.00713124,0.0005030632,0.0062493687,0.00952814,0.0012579272,0.006084333,0.0037450502,0.20412983,0
2843,0,0.02779579,0,0.02779579,0.0016593933,0.011844902,0.020032106,0.0053276913,0.008686432,0.015452018,0.32609174,0
2844,0,0.0143253105,0,0.0143253105,0.0007581711,0.0076838774,0.012141321,0.00310782,0.0072365063,0.007843964,0.1771139,0
2845,0,0.02920996,0,0.02920996,0.001449585,0.01302291,0.016752819,0.009027477,0.0076637166,0.010969753,0.37168506,0
2846,0,0.013320025,0,0.013320025,0.0007390976,0.0074558756,0.012107162,0.0022013725,0.006246155,0.0067233974,0.17518313,0
2847,0,0.026970858,0,0.026970858,0.0020313263,0.012376905,0.020988565,0.005438685,0.008582866,0.015039179,0.26947752,0
2848,0,0.015393426,0,0.015393426,0.0011730194,0.007987879,0.014771583,0.0040142676,0.0077154995,0.012326228,0.5383697,0
2849,0,0.019603057,0,0.019603057,0.0013828278,0.0084818825,0.015659723,0.0036997858,0.008272167,0.013387818,0.23314188,0
2850,0,0.019100413,0,0.019100413,0.0014209747,0.009032886,0.015181494,0.005438685,0.008453408,0.013210886,0.3143977,0
2851,0,0.017026093,0,0.01608456,0.0019264221,0.008405882,0.017026093,0.0024233595,0.0074954215,0.021231782,0.43657145,0
2852,0,0.01261955,0,0.0072254855,0.0007200241,0.00654387,0.01261955,0.0025713511,0.006589218,0.008256803,0.5168032,0
2853,0,0.011183795,0,0.011183795,0.00041484833,0.008006879,0.009476901,0.0013041744,0.0061037517,0.0027571826,0.17252874,0
2854,0,0.021667719,0,0.021667719,0.0018501282,0.011198899,0.01893901,0.0047357255,0.008427517,0.013151909,0.2704332,0
2855,0,0.020960633,0,0.020960633,0.0014591217,0.0092228865,0.017094411,0.0039402717,0.008026198,0.012385205,0.15980016,0
2856,0,0.011765569,0,0.009927189,0.00089645386,0.006828872,0.011765569,0.003644289,0.006861079,0.0067233974,0.2383572,0
2857,0,0.009382962,0,0.005340576,0.0004005432,0.0059121163,0.009382962,0.0011654325,0.0062849927,0.0037008175,0.37242228,0
2858,0,0.009664777,0,0.009361716,0.0005197525,0.0072468747,0.009664777,0.0015076627,0.0064597605,0.0031552785,0.33812216,0
2859,0,0.02968135,0,0.02968135,0.0020313263,0.010058892,0.02249157,0.0055866763,0.0100069,0.027011544,0.26321113,0
2860,0,0.014498309,0,0.0126288915,0.0010824203,0.0076268767,0.014498309,0.0031263188,0.007586042,0.011205662,0.21486644,0
2861,0,0.01438814,0,0.01438814,0.0009536743,0.0075128763,0.011936366,0.0031818156,0.007598988,0.00625158,0.17251013,0
2862,0,0.013634177,0,0.013634177,0.0011444092,0.0073988754,0.013610168,0.00362579,0.007547205,0.011972365,0.30197817,0
2863,0,0.017843807,0,0.017843807,0.00066280365,0.010666896,0.010928668,0.0013041744,0.006304411,0.00312579,0.3298821,0
2864,0,0.026499467,0,0.026499467,0.0010585785,0.0115029,0.016616182,0.0042177555,0.007029374,0.008669644,0.17242742,0
2865,0,0.0118680475,0,0.011183795,0.00064849854,0.0074558756,0.0118680475,0.002830336,0.006543908,0.0065464657,0.3227214,0
2866,0,0.010672474,0,0.007508222,0.0005555153,0.00651537,0.010672474,0.0014059186,0.006220264,0.0048656166,0.32524487,0
2867,0,0.017089844,0,0.017089844,0.0014400482,0.0073798755,0.016616182,0.003921773,0.009437286,0.01604179,0.19166785,0
2868,0,0.016479544,0,0.01646154,0.0011110306,0.0077408776,0.016479544,0.00449524,0.007081157,0.011323617,0.1666113,0
2869,0,0.013131939,0,0.012440401,0.0011730194,0.007123374,0.013131939,0.0034592997,0.007870848,0.011441571,0.31917572,0
2870,0,0.032863233,0,0.032863233,0.0015068054,0.012680908,0.016889455,0.0027193425,0.008039144,0.0101440735,0.22641525,0
2871,0,0.035220183,0,0.035220183,0.00082969666,0.016024929,0.012243799,0.0016371552,0.0066345283,0.0059861825,0.31262138,0
2872,0,0.02048268,0,0.02048268,0.0011253357,0.010172892,0.014805742,0.00414376,0.0069905366,0.010792822,0.15693083,0
2873,0,0.023906821,0,0.023906821,0.0014591217,0.009203887,0.015967157,0.005364689,0.009074804,0.01686747,0.27842277,0
2874,0,0.018723432,0,0.018723432,0.00079631805,0.008899884,0.012175481,0.0024973555,0.007741391,0.007047772,0.21750326,0
2875,0,0.011526455,0,0.010115679,0.0006246567,0.006819372,0.011526455,0.0023216156,0.006382086,0.008492713,0.203938,0
2876,0,0.020842785,0,0.020842785,0.0016975403,0.008747884,0.019348921,0.005919657,0.0100069,0.019462466,0.4018511,0
2877,0,0.015693882,0,0.014953613,0.0011396408,0.0088618845,0.015693882,0.0034777985,0.0076119336,0.009023507,0.2815821,0
2878,0,0.021314176,0,0.021314176,0.0014400482,0.008766884,0.017845914,0.004846719,0.008505191,0.01374168,0.28480312,0
2879,0,0.028031485,0,0.028031485,0.0019359589,0.010058892,0.015728042,0.008213525,0.009256045,0.011618502,0.33550084,0
2880,0,0.023199737,0,0.023199737,0.0015354156,0.010210892,0.014976538,0.0030523231,0.008375733,0.019462466,0.32145962,0
2881,0,0.0201057,0,0.0201057,0.00069618225,0.010400894,0.011936366,0.0026083488,0.0062008454,0.006163114,0.15995578,0
2882,0,0.025085296,0,0.025085296,0.0010919571,0.011578901,0.015386449,0.0032743104,0.0071070488,0.008846575,0.21938963,0
2883,0,0.02779579,0,0.02779579,0.0020217896,0.009070885,0.018255826,0.004994711,0.0084793,0.024534503,0.48442867,0
2884,0,0.030741978,0,0.030741978,0.0010919571,0.012224905,0.01490822,0.0061046463,0.00746953,0.007460612,0.15358731,0
2885,0,0.012943043,0,0.012943043,0.0006723404,0.007607877,0.011902207,0.0016186562,0.006977591,0.007843964,0.35468903,0
2886,0,0.026499467,0,0.026499467,0.001707077,0.011084898,0.021330157,0.0047727237,0.008103873,0.01686747,0.26276597,0
2887,0,0.033334624,0,0.033334624,0.0019359589,0.012072904,0.019007329,0.008213525,0.0069516995,0.014862247,0.1504659,0
2888,0,0.040430736,0,0.040430736,0.0019264221,0.014732921,0.025770858,0.007288578,0.0074306927,0.013859635,0.28136435,0
2889,0,0.026263772,0,0.026263772,0.0018692017,0.010058892,0.016752819,0.0051427023,0.009566744,0.013918612,0.25015187,0
2890,0,0.016587202,0,0.016587202,0.0009918213,0.007531876,0.014805742,0.003366805,0.008090926,0.010969753,0.30229428,0
2891,0,0.01646154,0,0.01646154,0.0004720688,0.010970897,0.009587918,0.0013781702,0.0059613483,0.0028603927,0.24191083,0
2892,0,0.013257195,0,0.013257195,0.0011205673,0.0072468747,0.012858666,0.002848835,0.007819066,0.010438959,0.21323366,0
2893,0,0.02035702,0,0.02035702,0.0011873245,0.009260887,0.014190876,0.004920715,0.008712323,0.010733845,0.2516367,0
2894,0,0.0127903465,0,0.012314741,0.0008678436,0.0070853736,0.0127903465,0.003144818,0.0074954215,0.008787598,0.27040735,0
2895,0,0.018849092,0,0.018849092,0.0014400482,0.008576883,0.017777596,0.0037737815,0.008440462,0.014567361,0.24525987,0
2896,0,0.034748793,0,0.034748793,0.0014972687,0.013478912,0.0166845,0.005438685,0.00746953,0.01209032,0.22028317,0
2897,0,0.012414595,0,0.01017851,0.00092983246,0.007132874,0.012414595,0.0026083488,0.007068211,0.007961918,0.16167264,0
2898,0,0.012175481,0,0.010304171,0.000872612,0.006705371,0.012175481,0.002885833,0.0072106146,0.008433735,0.36527672,0
2899,0,0.032156147,0,0.032156147,0.0018692017,0.013250912,0.020783609,0.006178642,0.009592636,0.016985426,0.2984365,0
2900,0,0.013885498,0,0.013885498,0.000834465,0.007968879,0.01127026,0.00224762,0.0071588317,0.007902941,0.32504725,0
2901,0,0.01218908,0,0.01218908,0.0007724762,0.007854878,0.011970525,0.002552852,0.0069646453,0.008138849,0.22357088,0
2902,0,0.019728716,0,0.019728716,0.001449585,0.008500882,0.016821137,0.00414376,0.008492245,0.015805881,0.2507301,0
2903,0,0.017466826,0,0.017466826,0.0014019012,0.007816878,0.016137952,0.0034408006,0.008440462,0.014154521,0.37786406,0
2904,0,0.017592486,0,0.017592486,0.0012779236,0.007854878,0.015488927,0.00621564,0.008220384,0.011736456,0.40369868,0
2905,0,0.014450971,0,0.014450971,0.0010490417,0.00813988,0.013302735,0.003311308,0.007598988,0.00937737,0.24625647,0
2906,0,0.010091767,0,0.008733413,0.00064373016,0.0062778685,0.010091767,0.001313424,0.006550381,0.0054848767,0.20934157,0
2907,0,0.026970858,0,0.026970858,0.0013256073,0.010818896,0.017231047,0.00362579,0.0074565844,0.014331453,0.19488649,0
2908,0,0.029563503,0,0.029563503,0.0010681152,0.011692902,0.011970525,0.011765319,0.007365964,0.0058387397,0.26432288,0
2909,0,0.016210219,0,0.016210219,0.0007724762,0.009526889,0.011475217,0.0022753682,0.00636914,0.005455388,0.4890284,0
2910,0,0.030977672,0,0.030977672,0.0026893616,0.009868891,0.022559889,0.0061046463,0.0115345,0.025714045,0.24750996,0
2911,0,0.027442247,0,0.027442247,0.0013160706,0.011236899,0.015010698,0.0027193425,0.0070034824,0.009613278,0.30534968,0
2912,0,0.015454767,0,0.014827953,0.0013256073,0.007303875,0.015454767,0.0035702933,0.008323951,0.018636785,0.23280375,0
2913,0,0.009801413,0,0.0055604824,0.0004386902,0.006182868,0.009801413,0.001572409,0.005971058,0.003730306,0.14812951,0
2914,0,0.019351736,0,0.019351736,0.0013446808,0.00810188,0.01535229,0.0036812867,0.008712323,0.013564749,0.34602717,0
2915,0,0.022256956,0,0.022256956,0.0007867813,0.011236899,0.012722028,0.0021273769,0.006356194,0.0059861825,0.16761239,0
2916,0,0.032156147,0,0.032156147,0.0016403198,0.010590895,0.02344803,0.0058826595,0.00756015,0.03373494,0.49493006,0
2917,0,0.012722028,0,0.0103670005,0.0008249283,0.006724371,0.012722028,0.0021828737,0.0072235605,0.008374758,0.25637463,0
2918,0,0.021903414,0,0.021903414,0.0013160706,0.008747884,0.0166845,0.005401687,0.007521313,0.012326228,0.20760798,0
2919,0,0.032627538,0,0.032627538,0.0019454956,0.0129089095,0.019895468,0.00414376,0.008738215,0.0150981555,0.25668025,0
2920,0,0.019351736,0,0.019351736,0.0017166138,0.007911879,0.017709278,0.0048837173,0.009074804,0.016985426,0.24108389,0
2921,0,0.024378212,0,0.024378212,0.0018596649,0.011882903,0.019622196,0.0052166977,0.008686432,0.012149297,0.2398192,0
2922,0,0.015393426,0,0.015393426,0.00084400177,0.007854878,0.012482914,0.00899048,0.0067316215,0.007843964,0.31541464,0
2923,0,0.021903414,0,0.021903414,0.0015258789,0.010400894,0.017162729,0.003903274,0.008065036,0.014095544,0.15652493,0
2924,0,0.023906821,0,0.023906821,0.0008010864,0.0114649,0.01127026,0.0045507364,0.006485652,0.005396411,0.28312486,0
2925,0,0.013371054,0,0.010806813,0.0009965897,0.006838372,0.013371054,0.0031633168,0.0077025536,0.010969753,0.18941309,0
2926,0,0.011065305,0,0.010304171,0.00058174133,0.0072468747,0.011065305,0.0025158543,0.006162008,0.0058387397,0.17401162,0
2927,0,0.013063621,0,0.012754552,0.00084400177,0.007531876,0.013063621,0.00310782,0.0072106146,0.0075195893,0.17016107,0
2928,0,0.010074687,0,0.007351146,0.00046491623,0.0064298697,0.010074687,0.0016279058,0.006136116,0.0035681187,0.21714695,0
2929,0,0.014073989,0,0.014073989,0.0009870529,0.008443882,0.012892825,0.0034223017,0.008349842,0.0076080547,0.26581186,0
2930,0,0.016838523,0,0.016838523,0.0009393692,0.008462882,0.015044857,0.0042177555,0.0073918556,0.009554301,0.1795681,0
2931,0,0.02048268,0,0.02048268,0.0016307831,0.009298887,0.015659723,0.00621564,0.007974415,0.010615891,0.36042193,0
2932,0,0.03192045,0,0.03192045,0.001335144,0.010742896,0.01490822,0.0059936526,0.007637825,0.010438959,0.1914436,0
2933,0,0.018119188,0,0.011058134,0.0024414063,0.0072278744,0.018119188,0.0020441315,0.006155535,0.021939507,0.37622586,0
2934,0,0.014156717,0,0.01024134,0.0011205673,0.0072278744,0.014156717,0.003607291,0.0070552654,0.014862247,0.24279292,0
2935,0,0.012566062,0,0.012566062,0.00076293945,0.0075698765,0.011577694,0.0018868907,0.0067316215,0.0064580003,0.30458403,0
2936,0,0.010160086,0,0.009298885,0.0006246567,0.00646787,0.010160086,0.0022291208,0.0066215824,0.0056323195,0.38631272,0
2937,0,0.015147334,0,0.013697007,0.0013065338,0.0075128763,0.015147334,0.0048097214,0.008556974,0.011972365,0.30408996,0
2938,0,0.026145924,0,0.026145924,0.0014781952,0.012338906,0.018529098,0.0047727237,0.008039144,0.012385205,0.27886716,0
2939,0,0.013822667,0,0.013822667,0.0007247925,0.008443882,0.011594773,0.0017204003,0.006647474,0.006222091,0.17923336,0
2940,0,0.01627459,0,0.0126288915,0.001335144,0.007474876,0.01627459,0.0042732526,0.008194493,0.015569973,0.38681677,0
2941,0,0.024849601,0,0.024849601,0.0018787384,0.009203887,0.020578653,0.004920715,0.009618527,0.022647234,0.26209158,0
2942,0,0.01490822,0,0.012314741,0.0012207031,0.00806388,0.01490822,0.0026823445,0.0064015044,0.01102873,0.2307926,0
2943,0,0.01402008,0,0.013445686,0.0010108948,0.0070378734,0.01402008,0.0030338243,0.007624879,0.0077849864,0.2641852,0
2944,0,0.015330595,0,0.015330595,0.00092983246,0.00817788,0.0127561875,0.0047357255,0.007547205,0.008315781,0.30666566,0
2945,0,0.0201057,0,0.0201057,0.0013446808,0.008272881,0.01620627,0.0038292783,0.008052089,0.019344512,0.2128308,0
2946,0,0.017215505,0,0.017215505,0.0013446808,0.00817788,0.016103793,0.005105704,0.008077981,0.01209032,0.19198996,0
2947,0,0.01834645,0,0.01834645,0.0011634827,0.008329881,0.01490822,0.0037737815,0.008090926,0.010497936,0.21956877,0
2948,0,0.03734144,0,0.03734144,0.002670288,0.011084898,0.02119352,0.014752249,0.009644418,0.020052237,0.25542572,0
2949,0,0.035691574,0,0.035691574,0.0016117096,0.012490907,0.016069634,0.018771807,0.008090926,0.028426996,0.5755648,0
2950,0,0.029327808,0,0.029327808,0.0006246567,0.016100928,0.00995513,0.0014059186,0.0063238298,0.0032584886,0.23110174,0
2951,0,0.023671126,0,0.023671126,0.0015354156,0.009526889,0.019553876,0.0052166977,0.008634649,0.014154521,0.29760802,0
2952,0,0.020960633,0,0.020960633,0.0013637543,0.00810188,0.017914234,0.0032558115,0.008466354,0.013446795,0.19500004,0
2953,0,0.015896067,0,0.015896067,0.0010967255,0.00808288,0.014361672,0.003311308,0.008220384,0.009318393,0.19773652,0
2954,0,0.02072494,0,0.02072494,0.0018596649,0.0077408776,0.014156717,0.0026453468,0.009877442,0.008374758,0.26220238,0
2955,0,0.019980038,0,0.019980038,0.0019168854,0.008576883,0.017914234,0.004162259,0.009644418,0.020052237,0.44790533,0
2956,0,0.011458136,0,0.009613037,0.0007200241,0.007028373,0.011458136,0.0024973555,0.006757513,0.005809251,0.21931599,0
2957,0,0.03192045,0,0.03192045,0.0041007996,0.011122898,0.031391226,0.0049577127,0.011767523,0.03420676,0.35764277,0
2958,0,0.02449606,0,0.02449606,0.0017547607,0.010286893,0.021876704,0.006178642,0.009903334,0.024416547,0.34553614,0
2959,0,0.01646154,0,0.01646154,0.0014972687,0.0077028773,0.015830519,0.0045507364,0.008764107,0.013623727,0.24723604,0
2960,0,0.02048268,0,0.02048268,0.00068187714,0.009336887,0.010569996,0.003366805,0.0066215824,0.005602831,0.39038217,0
2961,0,0.02308189,0,0.02308189,0.00166893,0.011654901,0.018187506,0.0044582416,0.008168601,0.0115595255,0.20903377,0
2962,0,0.019100413,0,0.019100413,0.0016403198,0.008367881,0.017367685,0.0052166977,0.009048914,0.014921224,0.21637352,0
2963,0,0.019603057,0,0.019603057,0.0010108948,0.0088618845,0.014600786,0.0052906936,0.007417747,0.007902941,0.18793036,0
2964,0,0.02048268,0,0.02048268,0.0019264221,0.008386881,0.016889455,0.005105704,0.009411395,0.016277699,0.2676904,0
2965,0,0.020607091,0,0.020607091,0.0012683868,0.0092228865,0.015079016,0.004347248,0.008129764,0.009849187,0.24710917,0
2966,0,0.013883443,0,0.012566062,0.00096797943,0.007018873,0.013883443,0.0020071338,0.0074306927,0.010615891,0.231065,0
2967,0,0.022728346,0,0.022728346,0.0011634827,0.010172892,0.017094411,0.0034038029,0.007340072,0.015805881,0.31557754,0
2968,0,0.013822667,0,0.013822667,0.00074863434,0.007493876,0.012312118,0.0051797,0.0067057298,0.00979021,0.3082316,0
2969,0,0.029563503,0,0.029563503,0.0024318695,0.010020891,0.021330157,0.00569767,0.010550622,0.025714045,0.36966804,0
2970,0,0.010450439,0,0.010429831,0.00054597855,0.0071138735,0.010450439,0.0015261616,0.0061037517,0.004895105,0.19757548,0
2971,0,0.011560776,0,0.011560776,0.00059604645,0.0075698765,0.009801413,0.0013226734,0.006530962,0.002978347,0.25915784,0
2972,0,0.011014067,0,0.007822373,0.0006580353,0.00646787,0.011014067,0.0023863618,0.006485652,0.0056618084,0.2208791,0
2973,0,0.021903414,0,0.021903414,0.0012588501,0.0105148945,0.013029462,0.0071035884,0.0065827454,0.005809251,0.2349765,0
2974,0,0.023906821,0,0.023906821,0.0019550323,0.011084898,0.018187506,0.0049577127,0.0091524795,0.014331453,0.20684178,0
2975,0,0.017089844,0,0.017089844,0.0009822845,0.009317887,0.015010698,0.0044767405,0.0077672824,0.009967142,0.18624514,0
2976,0,0.03545588,0,0.03545588,0.002155304,0.013288911,0.028913507,0.0054756827,0.00933372,0.027011544,0.2915865,0
2977,0,0.027560094,0,0.027560094,0.0018882751,0.0114269,0.02119352,0.0043657473,0.008712323,0.018400878,0.37930098,0
2978,0,0.02072494,0,0.02072494,0.0011539459,0.0113509,0.014190876,0.0027933381,0.0074436385,0.0070772604,0.43346605,0
2979,0,0.00995513,0,0.006754258,0.0004863739,0.006182868,0.00995513,0.0015631594,0.0062914654,0.0045117536,0.1845138,0
2980,0,0.033334624,0,0.033334624,0.0011968613,0.019547975,0.013917602,0.0027193425,0.0071847234,0.0047771507,0.30405852,0
2981,0,0.014450971,0,0.014450971,0.0006723404,0.0096028885,0.0094256615,0.0025713511,0.006647474,0.0032142557,0.24887906,0
2982,0,0.03062413,0,0.03062413,0.0012493134,0.012870909,0.01442999,0.008953481,0.0070552654,0.0080798725,0.17955337,0
2983,0,0.01442999,0,0.0137598375,0.0010919571,0.00808288,0.01442999,0.0025713511,0.007353018,0.010438959,0.32171714,0
2984,0,0.012551232,0,0.012503231,0.000910759,0.007170874,0.012551232,0.0035887922,0.0071717775,0.007961918,0.41155648,0
2985,0,0.023906821,0,0.023906821,0.0012159348,0.009640889,0.013131939,0.0060676485,0.0069387536,0.008020895,0.293263,0
2986,0,0.015833238,0,0.015833238,0.001335144,0.008614883,0.01490822,0.0051427023,0.007870848,0.01250316,0.3164649,0
2987,0,0.024967449,0,0.024967449,0.0010347366,0.011996903,0.013439372,0.0019978844,0.007637825,0.0087286215,0.71366835,0
2988,0,0.018529098,0,0.014639461,0.0015926361,0.0075128763,0.018529098,0.0024788564,0.0082074385,0.015805881,0.50332695,0
2989,0,0.010928668,0,0.00804228,0.0005531311,0.006676871,0.010928668,0.0020996283,0.0065244893,0.00604516,0.18361208,0
2990,0,0.02107848,0,0.02107848,0.0019836426,0.010970897,0.020988565,0.007029593,0.009566744,0.019934284,0.3993816,0
2991,0,0.02826718,0,0.02826718,0.0015163422,0.00983089,0.013678487,0.019374741,0.007094103,0.004747662,0.17004812,0
2992,0,0.022256956,0,0.022256956,0.0008869171,0.011198899,0.012926984,0.0022198714,0.0071717775,0.00855169,0.23783924,0
2993,0,0.01847211,0,0.01847211,0.0012683868,0.008633883,0.015249812,0.003385304,0.008026198,0.011382594,0.40618274,0
2994,0,0.019980038,0,0.019980038,0.0015258789,0.008690883,0.016479544,0.0044767405,0.00823333,0.011795434,0.23196673,0
2995,0,0.015142105,0,0.015142105,0.0009870529,0.0073988754,0.013849284,0.0029043318,0.007573096,0.008610667,0.21587275,0
2996,0,0.015707577,0,0.015707577,0.001373291,0.008025879,0.015591404,0.0039957687,0.008272167,0.012149297,0.16001919,0
2997,0,0.015454767,0,0.0137598375,0.0010967255,0.008538882,0.015454767,0.0022013725,0.006815769,0.013446795,0.23022912,0
2998,0,0.012314741,0,0.012314741,0.0007247925,0.007189874,0.012243799,0.0032188136,0.006550381,0.0051310137,0.16585892,0
2999,0,0.022846194,0,0.022846194,0.0019741058,0.011882903,0.021808386,0.0047727237,0.010964886,0.020524055,0.32850486,0
3000,0,0.014225035,0,0.011309455,0.0009870529,0.007322875,0.014225035,0.0035517942,0.0077802283,0.0115595255,0.24237327,0
3001,0,0.018095128,0,0.018095128,0.0011396408,0.008899884,0.016411226,0.004328749,0.007741391,0.01102873,0.19307965,0
3002,0,0.025674535,0,0.025674535,0.0018882751,0.012376905,0.020851927,0.006437627,0.008052089,0.016277699,0.26550922,0
3003,0,0.02048268,0,0.02048268,0.0010538101,0.010020891,0.0118338885,0.0029043318,0.007029374,0.0066349315,0.2675594,0
3004,0,0.01822079,0,0.01822079,0.0015544891,0.008329881,0.017504321,0.0041992567,0.00866054,0.014626338,0.25331852,0
3005,0,0.021196328,0,0.021196328,0.0011587143,0.009564889,0.014532468,0.0022383702,0.007081157,0.009495324,0.20960787,0
3006,0,0.022846194,0,0.022846194,0.0015068054,0.008937885,0.0166845,0.0042732526,0.009281937,0.011677479,0.36988178,0
3007,0,0.009587918,0,0.007885204,0.0005531311,0.00646787,0.009587918,0.0014984132,0.006485652,0.0035533744,0.37288088,0
3008,0,0.018723432,0,0.018723432,0.0007915497,0.009260887,0.012346277,0.0042547537,0.006738094,0.007372146,0.2211292,0
3009,0,0.015142105,0,0.015142105,0.0011014938,0.0075508766,0.014190876,0.002830336,0.00713294,0.0115595255,0.20737432,0
3010,0,0.0201057,0,0.0201057,0.0011587143,0.009298887,0.014669105,0.0070665907,0.007547205,0.008374758,0.18327084,0
3011,0,0.017341165,0,0.017341165,0.0010633469,0.007028373,0.012961143,0.003311308,0.0073918556,0.015805881,0.20436552,0
3012,0,0.016210219,0,0.016210219,0.0011634827,0.0074178753,0.012926984,0.006289636,0.007029374,0.008610667,0.27500182,0
3013,0,0.027442247,0,0.027442247,0.0021457672,0.010248893,0.025497584,0.0068446035,0.009747985,0.027011544,0.28737858,0
3014,0,0.016587202,0,0.016587202,0.0010347366,0.0086718835,0.014532468,0.0031633168,0.008246276,0.010733845,0.39626557,0
3015,0,0.013439372,0,0.011120965,0.0009822845,0.0069333725,0.013439372,0.003089321,0.007197669,0.010438959,0.28136966,0
3016,0,0.022728346,0,0.022728346,0.0016880035,0.010438894,0.018665737,0.0051427023,0.00823333,0.014272475,0.35919803,0
3017,0,0.02249265,0,0.02249265,0.0021362305,0.009545889,0.02023706,0.005956655,0.010809537,0.02500632,0.49637985,0
3018,0,0.036870047,0,0.036870047,0.0017738342,0.011274899,0.016957775,0.0044582416,0.009307829,0.012621114,0.24333552,0
3019,0,0.01608456,0,0.01608456,0.0013923645,0.007664877,0.015557245,0.0034777985,0.008168601,0.015569973,0.29081517,0
3020,0,0.01834645,0,0.01834645,0.0014972687,0.008766884,0.016342908,0.0047357255,0.009281937,0.01875474,0.40674734,0
3021,0,0.022139108,0,0.022139108,0.0014305115,0.009298887,0.015318131,0.0030523231,0.0074824756,0.009967142,0.15533248,0
3022,0,0.010330882,0,0.009173225,0.00074386597,0.0067623714,0.010330882,0.0032558115,0.006602164,0.004393799,0.14736933,0
3023,0,0.013951761,0,0.011686437,0.0010824203,0.007028373,0.013951761,0.0027008436,0.007068211,0.009495324,0.16478321,0
3024,0,0.021549871,0,0.021549871,0.0017261505,0.009317887,0.019075647,0.004994711,0.0086087575,0.014862247,0.19838989,0
3025,0,0.01535229,0,0.013885498,0.0012969971,0.006895372,0.01535229,0.0032003147,0.009023022,0.013269863,0.29136175,0
3026,0,0.019728716,0,0.019728716,0.001449585,0.009374888,0.017982552,0.0071405866,0.009023022,0.016985426,0.32467273,0
3027,0,0.02920996,0,0.02920996,0.0018882751,0.00975489,0.019075647,0.0041992567,0.0100069,0.0150981555,0.18392447,0
3028,0,0.028031485,0,0.028031485,0.0016784668,0.010552894,0.018734055,0.004328749,0.00899713,0.01686747,0.3282967,0
3029,0,0.027677942,0,0.027677942,0.0010633469,0.012642908,0.01620627,0.0023123662,0.0069905366,0.007843964,0.18456736,0
3030,0,0.010125926,0,0.010115679,0.00049829483,0.0072848746,0.010125926,0.0017573982,0.0062396824,0.0036123516,0.23028758,0
3031,0,0.017592486,0,0.017592486,0.0008058548,0.008576883,0.010706633,0.0045507364,0.006420923,0.0049540824,0.21559553,0
3032,0,0.017466826,0,0.017466826,0.0010681152,0.008728883,0.014088398,0.0029228306,0.007314181,0.009318393,0.21344744,0
3033,0,0.014450971,0,0.014450971,0.0006580353,0.008519882,0.011663092,0.0027378413,0.0063432488,0.00625158,0.2378068,0
3034,0,0.016712861,0,0.016712861,0.0014781952,0.007968879,0.016547862,0.003385304,0.0074824756,0.0143904295,0.18239525,0
3035,0,0.021785567,0,0.021785567,0.0008678436,0.010210892,0.014054239,0.0023863618,0.007262398,0.0087286215,0.3128477,0
3036,0,0.020607091,0,0.020607091,0.0014781952,0.00808288,0.016479544,0.0037367835,0.009307829,0.016749516,0.28368598,0
3037,0,0.017843807,0,0.017843807,0.0013065338,0.008766884,0.014361672,0.0032003147,0.007857903,0.010674868,0.6144285,0
3038,0,0.021903414,0,0.021903414,0.0018882751,0.008975885,0.018734055,0.0047172266,0.009307829,0.019108603,0.33295617,0
3039,0,0.024260364,0,0.024260364,0.0018310547,0.00819688,0.01764096,0.004069764,0.009566744,0.015334064,0.24362025,0
3040,0,0.016964182,0,0.016964182,0.00081539154,0.009564889,0.010467518,0.0018406434,0.0071588317,0.007902941,0.25013328,0
3041,0,0.027088705,0,0.027088705,0.0011301041,0.0116169015,0.016342908,0.006992595,0.0067898775,0.007726009,0.1718781,0
3042,0,0.030977672,0,0.030977672,0.0024986267,0.008272881,0.014361672,0.0034038029,0.013010317,0.0071952147,0.18233149,0
3043,0,0.023671126,0,0.023671126,0.0010967255,0.010780896,0.01627459,0.005512681,0.007624879,0.00855169,0.29606208,0
3044,0,0.01646154,0,0.01646154,0.0011205673,0.009374888,0.0138151245,0.003385304,0.0071717775,0.008138849,0.14698805,0
3045,0,0.019603057,0,0.019603057,0.0011825562,0.0086718835,0.015659723,0.0036627878,0.0077672824,0.010556913,0.15093312,0
3046,0,0.014634945,0,0.0143253105,0.0011777878,0.007170874,0.014634945,0.0048837173,0.0083886795,0.012149297,0.17034455,0
3047,0,0.016957775,0,0.015958898,0.0012159348,0.007987879,0.016957775,0.0045507364,0.0076766624,0.01480327,0.37524512,0
3048,0,0.032863233,0,0.032863233,0.0016784668,0.016860934,0.01620627,0.0032373124,0.007819066,0.009495324,0.3972998,0
3049,0,0.034277402,0,0.034277402,0.0014019012,0.0115029,0.014634945,0.0032558115,0.008582866,0.009200439,0.2854641,0
3050,0,0.028031485,0,0.028031485,0.0009870529,0.013250912,0.011902207,0.0019146391,0.0074824756,0.01209032,0.30281568,0
3051,0,0.013883443,0,0.01237757,0.001039505,0.007322875,0.013883443,0.0031263188,0.007573096,0.009613278,0.41968277,0
3052,0,0.012754552,0,0.012754552,0.0007534027,0.0072468747,0.011048226,0.0027563404,0.0064727063,0.003980959,0.15138204,0
3053,0,0.026499467,0,0.026499467,0.0018310547,0.0116169015,0.02023706,0.0057346676,0.008919456,0.016985426,0.31765923,0
3054,0,0.013507691,0,0.012000589,0.00096797943,0.0074558756,0.013507691,0.002552852,0.007068211,0.009967142,0.20415185,0
3055,0,0.010143006,0,0.0065971822,0.0005078316,0.0061448677,0.010143006,0.001572409,0.0060713873,0.004688685,0.1775156,0
3056,0,0.016964182,0,0.016964182,0.00096797943,0.008253881,0.0127561875,0.004162259,0.0074824756,0.009318393,0.23106657,0
3057,0,0.017466826,0,0.017466826,0.0012493134,0.008462882,0.015932998,0.00362579,0.008116818,0.012444182,0.2866459,0
3058,0,0.022256956,0,0.022256956,0.001001358,0.010552894,0.015010698,0.0026453468,0.006912862,0.007726009,0.2553311,0
3059,0,0.014702292,0,0.014702292,0.0006532669,0.009051885,0.011458136,0.002293867,0.0062849927,0.004452776,0.21951783,0
3060,0,0.009015751,0,0.0056547276,0.00037908554,0.006182868,0.009015751,0.0009943173,0.005890147,0.002934114,0.16551574,0
3061,0,0.016411226,0,0.0137598375,0.0013160706,0.0081208795,0.016411226,0.0034038029,0.0073789097,0.012916001,0.51178217,0
3062,0,0.022610499,0,0.022610499,0.0013923645,0.012110904,0.017777596,0.0047357255,0.0071847234,0.007902941,0.42004606,0
3063,0,0.023788974,0,0.023788974,0.0014209747,0.010628895,0.017504321,0.005253696,0.008738215,0.011736456,0.31330138,0
3064,0,0.026028076,0,0.026028076,0.0018787384,0.010210892,0.01941724,0.004328749,0.00933372,0.023119051,0.24816059,0
3065,0,0.025320992,0,0.025320992,0.0010538101,0.0115029,0.01309778,0.005105704,0.006641001,0.0057797628,0.23621851,0
3066,0,0.015896067,0,0.015896067,0.0011873245,0.008557882,0.015488927,0.0035332954,0.0078449575,0.012562137,0.20213571,0
3067,0,0.015010698,0,0.013571346,0.0012207031,0.0072088744,0.015010698,0.0032003147,0.008129764,0.011972365,0.39142424,0
3068,0,0.02343543,0,0.02343543,0.0017356873,0.008956885,0.016479544,0.0046247323,0.008323951,0.015452018,0.19891256,0
3069,0,0.030506283,0,0.030506283,0.002002716,0.010742896,0.019758832,0.005364689,0.00967031,0.021585643,0.47668236,0
3070,0,0.020607091,0,0.020607091,0.0011873245,0.009507888,0.014190876,0.0037552824,0.0078449575,0.009141461,0.22848228,0
3071,0,0.015330595,0,0.015330595,0.0012207031,0.00810188,0.014874061,0.0042732526,0.008116818,0.012857023,0.59007895,0
3072,0,0.013610168,0,0.010681152,0.0010490417,0.006885872,0.013610168,0.0027008436,0.007340072,0.010910776,0.16345216,0
3073,0,0.01633588,0,0.01633588,0.0014305115,0.0076838774,0.015420608,0.0042917514,0.008336896,0.013269863,0.24197388,0
3074,0,0.011183795,0,0.011183795,0.00056266785,0.0070948736,0.010501678,0.0047727237,0.0061037517,0.0047181738,0.27769485,0
3075,0,0.032391842,0,0.032391842,0.001745224,0.012680908,0.016821137,0.003884775,0.009722093,0.011795434,0.18364735,0
3076,0,0.011628932,0,0.010492661,0.0006198883,0.007322875,0.011628932,0.002034882,0.006272047,0.00604516,0.17724125,0
3077,0,0.01309778,0,0.012754552,0.000834465,0.0074558756,0.01309778,0.0027378413,0.007197669,0.011087708,0.19131528,0
3078,0,0.013131939,0,0.012880214,0.001001358,0.007151874,0.013131939,0.0026823445,0.0076507707,0.008256803,0.24839525,0
3079,0,0.012380436,0,0.010743983,0.00082969666,0.0066198707,0.012380436,0.002552852,0.0074306927,0.008197826,0.28980857,0
3080,0,0.018095128,0,0.018095128,0.0012302399,0.008576883,0.015044857,0.0042732526,0.007534259,0.010674868,0.35486886,0
3081,0,0.029917045,1,0.029917045,0.0018978119,0.015872927,0.022764845,0.007473567,0.008052089,0.020052237,0.4972378,0
3082,0,0.02249265,0,0.02249265,0.0011968613,0.00979289,0.013131939,0.008509507,0.007094103,0.007902941,0.233516,0
3083,0,0.010569996,0,0.006440107,0.00054597855,0.006068867,0.010569996,0.0014984132,0.0062137907,0.004983571,0.2017817,0
3084,0,0.017215505,0,0.017215505,0.0012683868,0.00821588,0.014805742,0.0045507364,0.007754337,0.011323617,0.4211809,0
3085,0,0.0138151245,0,0.012817383,0.0010442734,0.0075128763,0.0138151245,0.0027563404,0.0071070488,0.008610667,0.33257002,0
3086,0,0.02543884,0,0.02543884,0.00074863434,0.012604907,0.010604155,0.00224762,0.0069905366,0.0038630045,0.2262919,0
3087,0,0.0143253105,0,0.0143253105,0.000667572,0.00817788,0.011423977,0.0019886347,0.0064468146,0.004895105,0.17498124,0
3088,0,0.026617315,0,0.026617315,0.0011634827,0.010020891,0.013985921,0.017163984,0.0068416605,0.0066349315,0.22014518,0
3089,0,0.019553876,0,0.017969469,0.0018310547,0.008234881,0.019553876,0.0039957687,0.009178371,0.018518832,0.32907635,0
3090,0,0.00995513,0,0.008356431,0.00059604645,0.007132874,0.00995513,0.0017481487,0.0061166976,0.0033911872,0.2361275,0
3091,0,0.025085296,0,0.025085296,0.0016498566,0.010780896,0.018119188,0.0069185994,0.00866054,0.012857023,0.32286558,0
3092,0,0.015079274,0,0.015079274,0.00064849854,0.0088618845,0.010689554,0.002552852,0.0066151097,0.00625158,0.37045014,0
3093,0,0.01608456,0,0.01608456,0.00068187714,0.00971689,0.010894509,0.0018683918,0.006686311,0.0046591964,0.378613,0
3094,0,0.01822079,0,0.01822079,0.0015163422,0.008424882,0.01764096,0.00362579,0.008181547,0.013564749,0.17306674,0
3095,0,0.014361672,0,0.013320025,0.0011634827,0.007151874,0.014361672,0.003144818,0.007974415,0.011500548,0.60639757,0
3096,0,0.01127026,0,0.010618322,0.0007247925,0.006648371,0.01127026,0.0019053896,0.0066345283,0.0057797628,0.36552474,0
3097,0,0.03828422,0,0.03828422,0.0010251999,0.021868404,0.0128245065,0.0020163832,0.006835188,0.0056323195,0.5134167,0
3098,0,0.018723432,0,0.018723432,0.0012397766,0.008576883,0.016547862,0.004439743,0.008116818,0.012444182,0.21692118,0
3099,0,0.021903414,0,0.021903414,0.0011062622,0.010286893,0.0166845,0.00414376,0.0072882893,0.014036566,0.19877087,0
3100,0,0.023317585,0,0.023317585,0.0019550323,0.009260887,0.019212283,0.0050687063,0.008789998,0.018047014,0.35495147,0
3101,0,0.025320992,0,0.025320992,0.0016784668,0.00817788,0.016616182,0.0022753682,0.009126588,0.016159745,0.39451048,0
3102,0,0.035691574,0,0.035691574,0.0016021729,0.012490907,0.017436003,0.0039587705,0.008039144,0.013859635,0.2672299,0
3103,0,0.013508516,0,0.013508516,0.00084877014,0.0077598775,0.01261955,0.0029598286,0.0072106146,0.0067233974,0.174912,0
3104,0,0.02023706,0,0.016021729,0.0017738342,0.00821588,0.02023706,0.0045137387,0.008945347,0.020759964,0.3808044,0
3105,0,0.033334624,0,0.033334624,0.0015926361,0.015720926,0.023243073,0.0052166977,0.007534259,0.0129749775,0.29493442,0
3106,0,0.030859824,0,0.030859824,0.0010490417,0.015568925,0.018392462,0.0044582416,0.006492125,0.008846575,0.32858345,0
3107,0,0.030270588,0,0.030270588,0.0021266937,0.0154929245,0.02795705,0.0057346676,0.008531082,0.024062686,0.32258898,0
3108,0,0.014190876,0,0.0066285976,0.00088214874,0.006676871,0.014190876,0.00091107225,0.0061814263,0.011854411,0.3735057,0
3109,0,0.019351736,0,0.019351736,0.0010919571,0.0076268767,0.013883443,0.0034592997,0.006874025,0.0068413517,0.19692682,0
3110,0,0.034041706,0,0.034041706,0.002822876,0.011882903,0.024882717,0.005771666,0.011430934,0.028073132,0.44088638,0
3111,0,0.013439372,0,0.011372286,0.0009822845,0.007189874,0.013439372,0.0032558115,0.0077802283,0.010792822,0.36157832,0
3112,0,0.02779579,0,0.02779579,0.0018882751,0.011578901,0.019212283,0.0048837173,0.0086087575,0.020288147,0.207946,0
3113,0,0.009587918,0,0.0017121258,0.00012874603,0.005187737,0.009587918,0.00017342746,0.005288978,0.0027571826,0.40737852,0
3114,0,0.024260364,0,0.024260364,0.0017929077,0.008785884,0.019348921,0.0051427023,0.009463178,0.021113826,0.31932735,0
3115,0,0.031684756,0,0.031684756,0.0013256073,0.011730902,0.017094411,0.0027563404,0.00789674,0.012798046,0.2078482,0
3116,0,0.025320992,0,0.025320992,0.001206398,0.010666896,0.0147374235,0.0050317086,0.007870848,0.011264639,0.17324473,0
3117,0,0.017718147,0,0.017718147,0.0007581711,0.0084818825,0.01174849,0.0027378413,0.006912862,0.007372146,0.45838717,0
3118,0,0.014639461,0,0.014639461,0.00067710876,0.009146886,0.011014067,0.0023401144,0.0065956907,0.004688685,0.29626787,0
3119,0,0.015659723,0,0.0143253105,0.0012111664,0.007949878,0.015659723,0.0036812867,0.0076507707,0.013800657,0.24155189,0
3120,0,0.023906821,0,0.023906821,0.0010824203,0.010248893,0.014566627,0.003348306,0.008194493,0.010497936,0.2631255,0
3121,0,0.016001316,0,0.0126288915,0.0012397766,0.0084818825,0.016001316,0.0035702933,0.0074565844,0.014980201,0.23860776,0
3122,0,0.030270588,0,0.030270588,0.0025558472,0.014504919,0.025360947,0.0062526376,0.011638066,0.024416547,0.40514863,0
3123,0,0.017504321,0,0.0143253105,0.0015449524,0.007797878,0.017504321,0.0040512653,0.009023022,0.016749516,0.39725018,0
3124,0,0.024260364,0,0.024260364,0.0009059906,0.0107048955,0.0118338885,0.005401687,0.0072882893,0.0061926027,0.19647534,0
3125,0,0.024613906,0,0.024613906,0.0010585785,0.010780896,0.014259194,0.0024973555,0.008103873,0.008374758,0.24065645,0
3126,0,0.027206551,0,0.027206551,0.0017356873,0.009868891,0.018324144,0.0035702933,0.008945347,0.014213498,0.17878632,0
3127,0,0.026735162,0,0.026735162,0.0018596649,0.009678889,0.019348921,0.0091384705,0.009437286,0.01792906,0.2888477,0
3128,0,0.022256956,0,0.022256956,0.0015068054,0.008975885,0.014600786,0.004088263,0.008686432,0.008905552,0.19879538,0
3129,0,0.013822667,0,0.013822667,0.00074386597,0.0074558756,0.012073003,0.00449524,0.006440342,0.0069298176,0.28908008,0
3130,0,0.014190876,0,0.011686437,0.0011014938,0.007189874,0.014190876,0.003644289,0.0076119336,0.010262027,0.27909625,0
3131,0,0.015142105,0,0.015142105,0.0007247925,0.008006879,0.012004685,0.0023586133,0.007249452,0.00855169,0.23964565,0
3132,0,0.016587202,0,0.016587202,0.0008535385,0.008747884,0.012995303,0.0042917514,0.0069387536,0.009200439,0.15260959,0
3133,0,0.012277958,0,0.008356431,0.0009393692,0.006705371,0.012277958,0.0027193425,0.0071847234,0.0087286215,0.36358726,0
3134,0,0.015283971,0,0.0143253105,0.001411438,0.008557882,0.015283971,0.004402745,0.008789998,0.01209032,0.598801,0
3135,0,0.025556687,0,0.025556687,0.0007581711,0.013174911,0.011680172,0.0029228306,0.0062914654,0.00604516,0.24215707,0
3136,0,0.018324144,0,0.008356431,0.0017738342,0.0065913703,0.018324144,0.0016464046,0.006058442,0.01981633,0.3958331,0
3137,0,0.015693882,0,0.014011159,0.0016403198,0.007664877,0.015693882,0.004347248,0.008764107,0.01686747,0.4564024,0
3138,0,0.023671126,0,0.023671126,0.0021362305,0.009469888,0.020168742,0.0051427023,0.00967031,0.016631562,0.35677755,0
3139,0,0.016587202,0,0.016587202,0.0013256073,0.007360875,0.015283971,0.0044767405,0.008634649,0.016277699,0.30637622,0
3140,0,0.01859777,0,0.01859777,0.00078201294,0.012072904,0.012038844,0.0026823445,0.006382086,0.004806639,0.31262,0
3141,0,0.016210219,0,0.016210219,0.0009822845,0.007930879,0.013439372,0.0027748393,0.007741391,0.00855169,0.28142184,0
3142,0,0.034277402,0,0.034277402,0.0028038025,0.011844902,0.023174755,0.010581387,0.011120236,0.025832001,0.4189215,0
3143,0,0.030741978,0,0.030741978,0.0025939941,0.011046898,0.024609445,0.0073625734,0.010369381,0.026421772,0.39516455,0
3144,0,0.015454767,0,0.01426248,0.0012397766,0.0074558756,0.015454767,0.004069764,0.0083886795,0.013092931,0.20782357,0
3145,0,0.034984488,0,0.034984488,0.0012683868,0.014390918,0.016137952,0.0053276913,0.007417747,0.010026119,0.2657934,0
3146,0,0.022256956,0,0.022256956,0.0011444092,0.012870909,0.015932998,0.0035147965,0.007909686,0.0108517995,0.31351262,0
3147,0,0.015010698,0,0.01419965,0.001206398,0.007797878,0.015010698,0.0038477771,0.008013252,0.014567361,0.21071526,0
3148,0,0.020842785,0,0.020842785,0.0014305115,0.009260887,0.018734055,0.00725158,0.008686432,0.016395653,0.45765668,0
3149,0,0.02343543,0,0.02343543,0.0013256073,0.012946909,0.014805742,0.0041067624,0.006848133,0.008197826,0.2009157,0
3150,0,0.01834645,0,0.01834645,0.0010299683,0.008975885,0.012722028,0.0024788564,0.006738094,0.007843964,0.25588974,0
3151,0,0.014827953,0,0.014827953,0.00068187714,0.007854878,0.0113215,0.002034882,0.007068211,0.0052784565,0.23306067,0
3152,0,0.014136819,0,0.014136819,0.00079631805,0.008044879,0.011697251,0.0038477771,0.007197669,0.0080798725,0.32898918,0
3153,0,0.03592727,0,0.03592727,0.0032424927,0.014808921,0.027820412,0.008546505,0.011353259,0.032791305,0.3829573,0
3154,0,0.015958898,0,0.015958898,0.0012683868,0.007987879,0.015283971,0.003921773,0.007935578,0.014331453,0.22453247,0
3155,0,0.019351736,0,0.019351736,0.0019550323,0.008538882,0.018597418,0.006622616,0.007534259,0.019108603,0.7529791,0
3156,0,0.025910228,0,0.025910228,0.0019931793,0.011996903,0.019758832,0.0048837173,0.008841781,0.014036566,0.21373276,0
3157,0,0.01633588,0,0.01633588,0.001373291,0.007816878,0.01627459,0.0037367835,0.008375733,0.015452018,0.23479207,0
3158,0,0.018095128,0,0.018095128,0.0018501282,0.008443882,0.01805087,0.00449524,0.007883795,0.016749516,0.34729633,0
3159,0,0.034984488,0,0.034984488,0.0016784668,0.014884921,0.018392462,0.004236255,0.009048914,0.01480327,0.15352702,0
3160,0,0.026499467,0,0.026499467,0.0010204315,0.011084898,0.011526455,0.0017666477,0.008893564,0.0052194796,0.28036475,0
3161,0,0.01225191,0,0.01225191,0.00069618225,0.0075698765,0.01041628,0.003144818,0.006861079,0.004393799,0.20932263,0
3162,0,0.024849601,0,0.024849601,0.0007677078,0.015644927,0.010450439,0.0019793853,0.0061037517,0.0032290001,0.25399634,0
3163,0,0.022846194,0,0.022846194,0.0017261505,0.009013886,0.01627459,0.0054756827,0.009256045,0.015334064,0.32765377,0
3164,0,0.020607091,0,0.020607091,0.0016498566,0.007873878,0.018255826,0.0046247323,0.009204263,0.019462466,0.23478627,0
3165,0,0.014513801,0,0.014513801,0.0011301041,0.0070948736,0.01402008,0.002626848,0.007598988,0.00896453,0.21515395,0
3166,0,0.016587202,0,0.016587202,0.0011348724,0.00808288,0.013507691,0.0028673338,0.008155655,0.009554301,0.281527,0
3167,0,0.016838523,0,0.016838523,0.000910759,0.009203887,0.013951761,0.0034962974,0.0072365063,0.0071362373,0.21287563,0
3168,0,0.01627459,0,0.014513801,0.0012683868,0.008310881,0.01627459,0.0036812867,0.0078449575,0.0122672515,0.167898,0
3169,0,0.009767254,0,0.008544922,0.00057935715,0.0068763723,0.009767254,0.0030338243,0.0062914654,0.004452776,0.3656514,0
3170,0,0.016587202,0,0.016587202,0.0014305115,0.007835878,0.015830519,0.004846719,0.008738215,0.016395653,0.3366427,0
3171,0,0.028230323,0,0.025910228,0.0027275085,0.011160898,0.028230323,0.006030651,0.008686432,0.026421772,0.3852895,0
3172,0,0.027913637,0,0.027913637,0.0014686584,0.008652883,0.015728042,0.004384246,0.008052089,0.009141461,0.18578114,0
3173,0,0.016210219,0,0.016210219,0.0014400482,0.00813988,0.016103793,0.0037367835,0.008168601,0.013623727,0.22927222,0
3174,0,0.017341165,0,0.017341165,0.0012969971,0.008538882,0.016172111,0.0044767405,0.00866054,0.01480327,0.19041441,0
3175,0,0.021549871,0,0.021549871,0.00074386597,0.010742896,0.010962827,0.0058086636,0.00636914,0.0032732328,0.21938531,0
3176,0,0.020607091,0,0.020607091,0.0012159348,0.008595883,0.013644327,0.004328749,0.008453408,0.010615891,0.31702712,0
3177,0,0.02543884,0,0.02543884,0.0015735626,0.013592913,0.017367685,0.004920715,0.007249452,0.011618502,0.35145885,0
3178,0,0.029917045,0,0.029917045,0.0014400482,0.0129089095,0.01627459,0.006881601,0.0074565844,0.0101440735,0.20143831,0
3179,0,0.021196328,0,0.021196328,0.002040863,0.008880884,0.01887069,0.004846719,0.009540852,0.018518832,0.328533,0
3180,0,0.009716015,0,0.008984734,0.00047683716,0.0075698765,0.009716015,0.0016834025,0.006155535,0.0032290001,0.34323275,0
3181,0,0.02638162,0,0.02638162,0.0016880035,0.0096028885,0.015830519,0.006511623,0.009825659,0.011618502,0.60259694,0
3182,0,0.031331215,0,0.031331215,0.0022888184,0.011692902,0.020510335,0.004846719,0.008556974,0.020288147,0.23059349,0
3183,0,0.016964182,0,0.016964182,0.0013446808,0.0075888764,0.015693882,0.0034038029,0.0086087575,0.01250316,0.42060116,0
3184,0,0.0137598375,0,0.0137598375,0.0009870529,0.0073988754,0.013371054,0.0029783275,0.0069646453,0.010792822,0.20243473,0
3185,0,0.011355659,0,0.009298885,0.0006341934,0.0068668723,0.011355659,0.002173624,0.0065115434,0.0071362373,0.24128412,0
3186,0,0.0103670005,0,0.0103670005,0.0005412102,0.00808288,0.010194245,0.0022291208,0.0059775305,0.0038924932,0.3765532,0
3187,0,0.034984488,0,0.034984488,0.0016212463,0.013820915,0.016616182,0.009767435,0.008738215,0.015216109,0.31437108,0
3188,0,0.01354185,0,0.013445686,0.0010633469,0.0074368757,0.01354185,0.0029598286,0.007598988,0.009495324,0.29822403,0
3189,0,0.01442999,0,0.013508516,0.0010204315,0.007360875,0.01442999,0.003366805,0.0073918556,0.00855169,0.15868032,0
3190,0,0.01646154,0,0.01646154,0.0011062622,0.008899884,0.013439372,0.0032188136,0.007327127,0.010085096,0.24175045,0
3191,0,0.015591404,0,0.010869644,0.0010633469,0.008025879,0.015591404,0.002173624,0.007094103,0.0122672515,0.3356653,0
3192,0,0.010894509,0,0.0079480335,0.00072956085,0.00653437,0.010894509,0.0030523231,0.0064727063,0.006104137,0.3265622,0
3193,0,0.036634352,0,0.036634352,0.0023078918,0.0115029,0.025770858,0.00569767,0.010835429,0.02394473,0.1864922,0
3194,0,0.024849601,0,0.024849601,0.0011205673,0.00979289,0.012517073,0.0102854045,0.007327127,0.005602831,0.19732204,0
3195,0,0.02249265,0,0.02249265,0.0017929077,0.009317887,0.020988565,0.005401687,0.0089712385,0.01769315,0.5109308,0
3196,0,0.0166845,0,0.0154562555,0.0015449524,0.0075698765,0.0166845,0.004994711,0.009696201,0.014626338,0.37062865,0
3197,0,0.019477395,0,0.019477395,0.0011301041,0.0075128763,0.015488927,0.003921773,0.008841781,0.010085096,0.23774666,0
3198,0,0.011082385,0,0.010304171,0.0007343292,0.0070378734,0.011082385,0.002034882,0.007353018,0.005691297,0.226778,0
3199,0,0.009613037,0,0.009613037,0.0005030632,0.007721877,0.009357343,0.0016094068,0.006051969,0.0033469545,0.2276806,0
3200,0,0.033806015,0,0.033806015,0.0026130676,0.010210892,0.023652986,0.006770608,0.010938995,0.03420676,0.35432968,0
3201,0,0.0094256615,0,0.005906049,0.0004553795,0.0062588686,0.0094256615,0.0011746819,0.006136116,0.0035976074,0.3373011,0
3202,0,0.022021262,0,0.022021262,0.001335144,0.008899884,0.015420608,0.0030338243,0.008168601,0.014626338,0.27802113,0
3203,0,0.01847211,0,0.01847211,0.0012397766,0.009564889,0.015215653,0.005253696,0.007624879,0.009318393,0.1748739,0
3204,0,0.022256956,0,0.022256956,0.0013542175,0.009526889,0.016752819,0.0032003147,0.008686432,0.013092931,0.35845613,0
3205,0,0.017592486,0,0.017592486,0.0013065338,0.0086718835,0.01620627,0.0032743104,0.008246276,0.012562137,0.18668246,0
3206,0,0.01859777,0,0.01859777,0.0009202957,0.009317887,0.012961143,0.0033298072,0.007197669,0.0075195893,0.2383669,0
3207,0,0.014156717,0,0.013320025,0.0009775162,0.007854878,0.014156717,0.0027008436,0.0074565844,0.010379982,0.22606517,0
3208,0,0.0113215,0,0.0103670005,0.0007009506,0.0074178753,0.0113215,0.001692652,0.0067769317,0.0059861825,0.2128459,0
3209,0,0.0103992,0,0.006722843,0.0006580353,0.0062398682,0.0103992,0.0013411723,0.0067251488,0.0049245935,0.21528792,0
3210,0,0.030034892,0,0.030034892,0.001707077,0.009146886,0.017162729,0.0042177555,0.009877442,0.007018283,0.18461852,0
3211,0,0.00906699,0,0.008859074,0.00054597855,0.006781372,0.00906699,0.001105311,0.0063626673,0.0020199681,0.2975701,0
3212,0,0.02968135,0,0.02968135,0.0012683868,0.01313691,0.01887069,0.00310782,0.0074306927,0.012739069,0.23302418,0
3213,0,0.018723432,0,0.018723432,0.00064849854,0.009906891,0.011184863,0.0036627878,0.006136116,0.0045707305,0.17922442,0
3214,0,0.018095128,0,0.018095128,0.0014400482,0.008500882,0.01627459,0.004402745,0.008764107,0.014626338,0.35679474,0
3215,0,0.03192045,0,0.03192045,0.0019168854,0.013592913,0.024814399,0.006622616,0.0077672824,0.021821553,0.18942346,0
3216,0,0.021196328,0,0.021196328,0.0016307831,0.008709883,0.017709278,0.0054756827,0.009359611,0.01710338,0.31891575,0
3217,0,0.016021729,0,0.016021729,0.0010490417,0.00821588,0.014293353,0.0030153254,0.0079873605,0.009731233,0.35248888,0
3218,0,0.013849284,0,0.013822667,0.0010728836,0.0073798755,0.013849284,0.003903274,0.008000307,0.009908165,0.21897846,0
3219,0,0.022256956,0,0.022256956,0.0009822845,0.009545889,0.011936366,0.0029043318,0.00866054,0.005956694,0.48826393,0
3220,0,0.027913637,0,0.027913637,0.000834465,0.0140109155,0.01265371,0.0032743104,0.006304411,0.0059272056,0.17695424,0
3221,0,0.015519086,0,0.015519086,0.0006914139,0.0113509,0.01084327,0.001655654,0.0059904763,0.0041284016,0.34751713,0
3222,0,0.012503231,0,0.012503231,0.0007390976,0.006847872,0.010911589,0.004347248,0.0070552654,0.0038630045,0.21165761,0
3223,0,0.032863233,0,0.032863233,0.0012779236,0.013592913,0.014190876,0.013546381,0.00746953,0.007047772,0.21953034,0
3224,0,0.022139108,0,0.022139108,0.0014019012,0.011540901,0.015249812,0.004920715,0.007534259,0.014862247,0.31406364,0
3225,0,0.01579636,0,0.012314741,0.0012493134,0.0074558756,0.01579636,0.004439743,0.008841781,0.013210886,0.2760291,0
3226,0,0.029327808,0,0.029327808,0.0011730194,0.012870909,0.015557245,0.0034962974,0.008764107,0.010262027,0.49561834,0
3227,0,0.012038844,0,0.009927189,0.0007390976,0.0066293706,0.012038844,0.0026453468,0.006848133,0.0055733426,0.19084065,0
3228,0,0.014634945,0,0.014576632,0.0012397766,0.007835878,0.014634945,0.0035887922,0.008712323,0.013387818,0.32129398,0
3229,0,0.017592486,0,0.017592486,0.0008535385,0.0086718835,0.010911589,0.0024603575,0.0072882893,0.0056323195,0.29777938,0
3230,0,0.026499467,0,0.026499467,0.0018596649,0.008956885,0.019348921,0.004347248,0.009126588,0.020052237,0.2159401,0
3231,0,0.02048268,0,0.02048268,0.0017738342,0.008234881,0.018597418,0.0051797,0.00951496,0.019934284,0.41711822,0
3232,0,0.013644327,0,0.011937759,0.0009584427,0.007151874,0.013644327,0.0031263188,0.0077672824,0.0101440735,0.21605305,0
3233,0,0.015330595,0,0.015330595,0.0010538101,0.0077408776,0.012995303,0.0034223017,0.0071717775,0.0080798725,0.18453039,0
3234,0,0.0201057,0,0.0201057,0.0013828278,0.008994885,0.01764096,0.0050687063,0.0073789097,0.016159745,0.19086656,0
3235,0,0.025910228,0,0.025910228,0.0016593933,0.0114649,0.018802373,0.0047357255,0.008582866,0.011854411,0.36264637,0
3236,0,0.018723432,0,0.018723432,0.0013828278,0.008519882,0.014976538,0.003311308,0.008052089,0.010556913,0.2314341,0
3237,0,0.014942379,0,0.014576632,0.0010919571,0.00806388,0.014942379,0.00362579,0.007598988,0.010438959,0.22856355,0
3238,0,0.015488927,0,0.0137598375,0.0013923645,0.0075508766,0.015488927,0.0034408006,0.007922632,0.0136827035,0.25375596,0
3239,0,0.017089844,0,0.017089844,0.0010633469,0.008044879,0.0127903465,0.002830336,0.0074954215,0.009613278,0.22027138,0
3240,0,0.015625564,0,0.014890783,0.0012207031,0.007949878,0.015625564,0.0037737815,0.007689608,0.012857023,0.2629571,0
3241,0,0.016587202,0,0.016587202,0.0014972687,0.007607877,0.015864678,0.0037737815,0.008815889,0.014272475,0.36732048,0
3242,0,0.021314176,0,0.021314176,0.000872612,0.013516913,0.011116544,0.0021181274,0.0064985976,0.0065759546,0.32572448,0
3243,0,0.025674535,0,0.025674535,0.00166893,0.009469888,0.015044857,0.011025362,0.008077981,0.010321004,0.46037656,0
3244,0,0.020960633,0,0.020960633,0.00059604645,0.011920903,0.011116544,0.0022568693,0.006485652,0.0047771507,0.43604147,0
3245,0,0.012073003,0,0.011120965,0.00081062317,0.007360875,0.012073003,0.0023401144,0.006874025,0.0060156714,0.37191036,0
3246,0,0.011697251,0,0.008105109,0.00081539154,0.00646787,0.011697251,0.0023216156,0.0068416605,0.007047772,0.36456344,0
3247,0,0.016964182,0,0.016964182,0.0011301041,0.007873878,0.0127903465,0.00673361,0.008272167,0.0070772604,0.2917242,0
3248,0,0.01128734,0,0.0103670005,0.00069618225,0.0067908717,0.01128734,0.004846719,0.0068999166,0.005809251,0.15488797,0
3249,0,0.021903414,0,0.021903414,0.0012207031,0.007911879,0.01627459,0.0032743104,0.008867673,0.009849187,0.26038834,0
3250,0,0.02048268,0,0.02048268,0.0011301041,0.008785884,0.012517073,0.0041992567,0.0069516995,0.007224703,0.15766151,0
3251,0,0.0201057,0,0.0201057,0.0016307831,0.00808288,0.016821137,0.005512681,0.009100696,0.015452018,0.22849376,0
3252,0,0.01173141,0,0.009047564,0.00066280365,0.0068668723,0.01173141,0.0017758971,0.006420923,0.005543854,0.30169538,0
3253,0,0.017089844,0,0.017089844,0.001335144,0.007930879,0.016069634,0.004846719,0.008336896,0.011795434,0.24312438,0
3254,0,0.016137952,0,0.010681152,0.0012207031,0.006895372,0.016137952,0.0018036455,0.00704232,0.020288147,0.37111893,0
3255,0,0.032391842,0,0.032391842,0.0012207031,0.015948927,0.016411226,0.0051797,0.007417747,0.007902941,0.17967284,0
3256,0,0.032156147,0,0.032156147,0.0017929077,0.011920903,0.01764096,0.02138452,0.008077981,0.013564749,0.16289648,0
3257,0,0.017843807,0,0.017843807,0.0016880035,0.009089886,0.016411226,0.0035517942,0.0089712385,0.012031343,0.27507675,0
3258,0,0.019980038,0,0.019980038,0.0011825562,0.008405882,0.013131939,0.0029783275,0.0077284453,0.00896453,0.22110012,0
3259,0,0.022256956,0,0.022256956,0.00096797943,0.009526889,0.013644327,0.0032373124,0.007197669,0.011087708,0.24968582,0
3260,0,0.016210219,0,0.016210219,0.0012779236,0.008006879,0.016001316,0.003348306,0.007741391,0.012385205,0.19114369,0
3261,0,0.029327808,0,0.029327808,0.0016784668,0.009279887,0.019280603,0.004162259,0.009359611,0.015569973,0.26380438,0
3262,0,0.014395831,0,0.012566062,0.0009202957,0.009640889,0.014395831,0.0024233595,0.0062267366,0.008905552,0.35473844,0
3263,0,0.015581916,0,0.015581916,0.00076293945,0.008253881,0.012175481,0.0027933381,0.006492125,0.00666442,0.2149236,0
3264,0,0.023553278,0,0.023553278,0.0010490417,0.010742896,0.012482914,0.006955597,0.0077672824,0.007460612,0.34827173,0
3265,0,0.013257195,0,0.013257195,0.0010204315,0.007151874,0.012892825,0.0019423875,0.007365964,0.008020895,0.24325792,0
3266,0,0.023317585,0,0.023317585,0.0015163422,0.010286893,0.017026093,0.0037922803,0.00814271,0.011500548,0.13854104,0
3267,0,0.013917602,0,0.011686437,0.0010299683,0.0077408776,0.013917602,0.0039957687,0.007883795,0.013092931,0.33269852,0
3268,1,0.036870047,0,0.036870047,0.0018310547,0.013174911,0.020578653,0.005919657,0.0086087575,0.015923835,0.15230516,1
3269,0,0.017969469,0,0.017969469,0.0016021729,0.0075698765,0.017367685,0.004180758,0.009411395,0.021703599,0.33920512,0
3270,0,0.029092113,0,0.029092113,0.0011491776,0.0142009165,0.017299367,0.0046247323,0.006647474,0.01102873,0.21373451,0
3271,0,0.015519086,0,0.015519086,0.0006866455,0.008899884,0.012175481,0.002034882,0.0063626673,0.0051310137,0.1826688,0
3272,0,0.015833238,0,0.015833238,0.00082969666,0.008462882,0.012892825,0.0024788564,0.007029374,0.007106749,0.15986773,0
3273,0,0.03357032,0,0.03357032,0.00084400177,0.015036922,0.013780965,0.0024603575,0.0065956907,0.0052784565,0.1949046,0
3274,0,0.02343543,0,0.02343543,0.0011777878,0.010248893,0.016342908,0.0030153254,0.0068999166,0.013269863,0.19628821,0
3275,0,0.024142517,0,0.024142517,0.00166893,0.0114649,0.018255826,0.0055866763,0.008919456,0.01710338,0.19240755,0
3276,0,0.021432023,0,0.021432023,0.0012779236,0.0096028885,0.017572641,0.003385304,0.0072882893,0.011972365,0.16835432,0
3277,0,0.03109552,0,0.03109552,0.0021648407,0.0116169015,0.019485557,0.0052906936,0.010783645,0.014331453,0.33277628,0
3278,0,0.012346277,0,0.01225191,0.00088214874,0.007151874,0.012346277,0.0025343532,0.00704232,0.006222091,0.30890164,0
3279,0,0.022256956,0,0.022256956,0.0018310547,0.008538882,0.01982715,0.005105704,0.00948907,0.019226557,0.24173923,0
3280,0,0.015204934,0,0.015204934,0.0011444092,0.008386881,0.014942379,0.0035887922,0.008349842,0.009554301,0.33632544,0
3281,0,0.034748793,0,0.034748793,0.0012874603,0.013326911,0.012346277,0.002830336,0.008505191,0.007106749,0.36901557,0
3282,0,0.015833238,0,0.015833238,0.0010108948,0.007797878,0.0128245065,0.0029783275,0.0071588317,0.008138849,0.22127432,0
3283,0,0.013948329,0,0.013948329,0.00081539154,0.007873878,0.012380436,0.0024048607,0.007262398,0.0071362373,0.2048677,0
3284,0,0.027442247,0,0.027442247,0.001783371,0.00979289,0.016103793,0.01087737,0.008272167,0.009023507,0.1984646,0
3285,0,0.016712861,0,0.016712861,0.0011396408,0.008785884,0.015454767,0.0065856185,0.0069905366,0.008610667,0.1983955,0
3286,0,0.01354185,0,0.012000589,0.00089645386,0.0070948736,0.01354185,0.0019978844,0.0069516995,0.008138849,0.1863754,0
3287,0,0.017592486,0,0.017592486,0.0014400482,0.008842885,0.01620627,0.0049577127,0.009100696,0.013859635,0.3038624,0
3288,0,0.025674535,0,0.025674535,0.0017642975,0.010438894,0.019895468,0.005438685,0.009437286,0.02146769,0.35311043,0
3289,0,0.022374803,0,0.022374803,0.0009202957,0.012148905,0.014156717,0.0038477771,0.006530962,0.00687084,0.21981557,0
3290,0,0.017843807,0,0.017843807,0.0010633469,0.008956885,0.015625564,0.004439743,0.0077802283,0.016277699,0.2768214,0
3291,0,0.013885498,0,0.013885498,0.00084400177,0.00810188,0.013268576,0.0030708222,0.007145886,0.008138849,0.20912078,0
3292,0,0.020842785,0,0.020842785,0.0014877319,0.009564889,0.015830519,0.0046247323,0.008194493,0.011795434,0.19300374,0
3293,0,0.02449606,0,0.02449606,0.001335144,0.0114649,0.014669105,0.0048097214,0.007624879,0.008905552,0.22703242,0
3294,0,0.019477395,0,0.019477395,0.0008773804,0.010134893,0.012175481,0.0032003147,0.0070164283,0.0050720368,0.31953067,0
3295,0,0.017089844,0,0.017089844,0.0014686584,0.00819688,0.016411226,0.005438685,0.008181547,0.013446795,0.29062802,0
3296,0,0.030977672,0,0.030977672,0.002002716,0.012072904,0.020783609,0.0073255757,0.008945347,0.01981633,0.27841797,0
3297,0,0.012880214,0,0.012880214,0.00089645386,0.007360875,0.011611853,0.0036997858,0.006815769,0.007961918,0.27240235,0
3298,0,0.019485557,0,0.015204934,0.0016975403,0.011046898,0.019485557,0.0013226734,0.0056247585,0.014744292,0.43099907,0
3299,0,0.013697007,0,0.013697007,0.0007677078,0.007930879,0.0118680475,0.0021366263,0.006738094,0.00625158,0.16820134,0
3300,0,0.017843807,0,0.017843807,0.00096797943,0.008975885,0.0127903465,0.0028118372,0.0070034824,0.007018283,0.19747998,0
3301,0,0.02685301,0,0.02685301,0.0020885468,0.010438894,0.02126184,0.017867407,0.0100069,0.020642009,0.24778935,0
3302,0,0.020231359,0,0.020231359,0.0014781952,0.008576883,0.016957775,0.007843546,0.008116818,0.016277699,0.19455378,0
3303,0,0.026735162,0,0.026735162,0.0016212463,0.008728883,0.017982552,0.005105704,0.008531082,0.011913388,0.15576763,0
3304,0,0.021549871,0,0.021549871,0.0016498566,0.009640889,0.018392462,0.0038477771,0.00780612,0.013446795,0.17745912,0
3305,0,0.021667719,0,0.021667719,0.0016403198,0.0075888764,0.015864678,0.0035887922,0.009747985,0.023237005,0.5268475,0
3306,0,0.01620627,0,0.01438814,0.0013542175,0.0088618845,0.01620627,0.0047727237,0.008103873,0.0136827035,0.3837452,0
3307,0,0.02968135,0,0.02968135,0.001001358,0.015264924,0.013405213,0.005105704,0.007534259,0.0064874887,0.2907908,0
3308,0,0.017466826,0,0.017466826,0.0013256073,0.0084818825,0.01620627,0.0039587705,0.008220384,0.013859635,0.24483761,0
3309,0,0.010177165,0,0.0061573703,0.00049829483,0.006002367,0.010177165,0.001674153,0.0063497215,0.004806639,0.16398993,0
3310,0,0.018974753,0,0.018974753,0.0007534027,0.011084898,0.0113215,0.003089321,0.0067251488,0.0060156714,0.2616307,0
3311,0,0.024260364,0,0.024260364,0.0014781952,0.011882903,0.0166845,0.0034038029,0.007521313,0.011677479,0.35630134,0
3312,0,0.02048268,0,0.02048268,0.00096321106,0.009944891,0.013371054,0.0026638457,0.0069905366,0.009023507,0.30701113,0
3313,0,0.036634352,0,0.036634352,0.0014972687,0.013744914,0.014293353,0.0027748393,0.008220384,0.00937737,0.39164513,0
3314,0,0.025556687,0,0.025556687,0.0020599365,0.010210892,0.020851927,0.0047172266,0.008582866,0.018282922,0.2628681,0
3315,0,0.010074687,0,0.008293601,0.00051021576,0.0066293706,0.010074687,0.0018868907,0.0063238298,0.0041578906,0.18101948,0
3316,0,0.024142517,0,0.024142517,0.001373291,0.00806388,0.015318131,0.004384246,0.008000307,0.009672256,0.17275478,0
3317,0,0.017089844,0,0.017089844,0.0013923645,0.0075888764,0.016137952,0.0042177555,0.009100696,0.014154521,0.26312485,0
3318,0,0.01859777,0,0.01859777,0.0011825562,0.008633883,0.014703264,0.0039402717,0.007857903,0.011323617,0.289869,0
3319,0,0.035220183,0,0.035220183,0.0024223328,0.010932897,0.025634222,0.005253696,0.010680079,0.02146769,0.33247945,0
3320,0,0.03357032,0,0.03357032,0.002040863,0.012604907,0.020578653,0.005105704,0.012285355,0.014331453,0.24145178,0
3321,0,0.018095128,0,0.018095128,0.0010824203,0.0084818825,0.015044857,0.0043657473,0.008841781,0.0122672515,0.20540445,0
3322,0,0.017843807,0,0.017843807,0.001411438,0.008766884,0.016479544,0.0036997858,0.007961469,0.015216109,0.5580284,0
3323,0,0.013063621,0,0.012754552,0.0008010864,0.008272881,0.013063621,0.0026083488,0.0066215824,0.007372146,0.22066571,0
3324,0,0.02402467,0,0.02402467,0.0017642975,0.0114269,0.017777596,0.0069185994,0.008945347,0.014449406,0.32060856,0
3325,0,0.032156147,0,0.032156147,0.0015830994,0.011654901,0.016547862,0.004180758,0.008582866,0.016277699,0.41055048,0
3326,0,0.021432023,0,0.021432023,0.0014686584,0.011274899,0.017709278,0.0041992567,0.0077154995,0.010379982,0.2442899,0
3327,0,0.013131939,0,0.01225191,0.00096321106,0.0077028773,0.013131939,0.0040327664,0.006815769,0.0087286215,0.2413563,0
3328,0,0.014639461,0,0.014639461,0.00077724457,0.007911879,0.011816809,0.004680229,0.007197669,0.0067233974,0.4258696,0
3329,0,0.0126288915,0,0.0126288915,0.00069618225,0.0073988754,0.0113044195,0.0034408006,0.006485652,0.004983571,0.16349532,0
3330,0,0.013234417,0,0.012063419,0.0008249283,0.011578901,0.013234417,0.0039772694,0.006602164,0.008138849,0.27442262,0
3331,0,0.020960633,0,0.020960633,0.0018978119,0.008804884,0.018802373,0.0055496786,0.009696201,0.020524055,0.27166075,0
3332,0,0.030977672,0,0.030977672,0.001411438,0.012338906,0.01261955,0.0037552824,0.0079873605,0.00937737,0.3294342,0
3333,0,0.017341165,0,0.017341165,0.0008773804,0.0086718835,0.012687869,0.0032743104,0.0072106146,0.007313169,0.20746538,0
3334,0,0.021549871,0,0.021549871,0.00094890594,0.01309891,0.01309778,0.00362579,0.0066345283,0.006605443,0.17267956,0
3335,0,0.034041706,0,0.034041706,0.0019741058,0.011084898,0.021945024,0.0065856185,0.010395273,0.021821553,0.20137313,0
3336,0,0.009553759,0,0.007288316,0.0006198883,0.0064583695,0.009553759,0.0017204003,0.0066151097,0.0036270958,0.170578,0
3337,0,0.013302735,0,0.01225191,0.00082969666,0.0075698765,0.013302735,0.0034038029,0.0067057298,0.0071952147,0.15946622,0
3338,0,0.0113215,0,0.010492661,0.00064849854,0.006961873,0.0113215,0.0017943961,0.0066668927,0.0064285113,0.25486097,0
3339,0,0.01620627,0,0.01608456,0.0013256073,0.007835878,0.01620627,0.004069764,0.008311004,0.011736456,0.2495119,0
3340,0,0.049089402,0,0.049089402,0.0044441223,0.012832909,0.024062896,0.011617327,0.027343199,0.016277699,0.24283193,0
3341,0,0.014805742,0,0.014011159,0.001168251,0.0077028773,0.014805742,0.003366805,0.0076637166,0.013623727,0.39951563,0
3342,0,0.021785567,0,0.021785567,0.0008010864,0.00975489,0.0113215,0.0024048607,0.0072235605,0.006222091,0.28744483,0
3343,0,0.013883443,0,0.013257195,0.0009870529,0.007816878,0.013883443,0.003866276,0.0074048014,0.008610667,0.2985807,0
3344,0,0.019226074,0,0.019226074,0.0012779236,0.008975885,0.016172111,0.0040327664,0.0076119336,0.010085096,0.1612553,0
3345,0,0.021785567,0,0.021785567,0.000834465,0.009393888,0.011816809,0.0029043318,0.007365964,0.006222091,0.3865764,0
3346,0,0.0157622,0,0.015644746,0.0011205673,0.007816878,0.0157622,0.0026638457,0.007417747,0.010026119,0.22385329,0
3347,0,0.02048268,0,0.02048268,0.0014972687,0.009165886,0.01764096,0.003607291,0.0069387536,0.016631562,0.25993603,0
3348,0,0.013320025,0,0.013320025,0.00071048737,0.007797878,0.010962827,0.0034962974,0.0068869707,0.0045117536,0.25418916,0
3349,0,0.015591404,0,0.013382856,0.0013923645,0.0077028773,0.015591404,0.0034408006,0.008155655,0.015334064,0.2261548,0
3350,0,0.021196328,0,0.021196328,0.0014686584,0.008690883,0.0166845,0.0033298072,0.008440462,0.012444182,0.30844846,0
3351,0,0.026145924,0,0.026145924,0.0010442734,0.014884921,0.012687869,0.002173624,0.0074306927,0.0063695344,0.30891648,0
3352,0,0.020607091,0,0.020607091,0.0012779236,0.009336887,0.0166845,0.004920715,0.009074804,0.013564749,0.3495687,0
3353,0,0.013336895,0,0.011874928,0.0009870529,0.007531876,0.013336895,0.0029598286,0.007365964,0.010792822,0.25928038,0
3354,0,0.03357032,0,0.03357032,0.002155304,0.012034904,0.022423252,0.0050317086,0.009463178,0.01710338,0.18665096,0
3355,0,0.017215505,0,0.017215505,0.0011920929,0.008994885,0.015386449,0.0030338243,0.0076119336,0.010733845,0.34849918,0
3356,0,0.010826191,0,0.008293601,0.00066280365,0.0062588686,0.010826191,0.0024233595,0.006738094,0.005750274,0.44784665,0
3357,0,0.014669105,0,0.010618322,0.0010967255,0.0069238725,0.014669105,0.0030153254,0.0074565844,0.011972365,0.35515225,0
3358,0,0.021314176,0,0.021314176,0.0015735626,0.009944891,0.016752819,0.0042547537,0.008919456,0.011323617,0.17810822,0
3359,0,0.01174849,0,0.010429831,0.0007343292,0.007132874,0.01174849,0.0034223017,0.0074048014,0.0065759546,0.28742552,0
3360,0,0.029327808,0,0.029327808,0.001821518,0.00975489,0.020578653,0.0042177555,0.009929225,0.015687928,0.32811108,0
3361,0,0.031213367,0,0.031213367,0.0008869171,0.015568925,0.010484599,0.0068076057,0.0067834044,0.0024917854,0.17678063,0
3362,0,0.01646154,0,0.01646154,0.0012683868,0.008272881,0.015659723,0.0042177555,0.00789674,0.01480327,0.24273977,0
3363,0,0.012722028,0,0.01005285,0.0008249283,0.0068763723,0.012722028,0.0029968263,0.0069516995,0.008256803,0.1373195,0
3364,0,0.01127026,0,0.008733413,0.0007915497,0.006315869,0.01127026,0.0021828737,0.0069387536,0.0065464657,0.3860356,0
3365,0,0.017341165,0,0.017341165,0.0012874603,0.007968879,0.016479544,0.0036997858,0.008414571,0.013446795,0.2016497,0
3366,0,0.025556687,0,0.025556687,0.0011110306,0.012870909,0.014839902,0.004439743,0.0071717775,0.008905552,0.22936973,0
3367,0,0.024613906,0,0.024613906,0.001783371,0.009165886,0.018802373,0.0040142676,0.007883795,0.022411324,0.25997797,0
3368,0,0.03309893,0,0.03309893,0.0012874603,0.015644927,0.017231047,0.005956655,0.007029374,0.017221333,0.28412023,0
3369,0,0.017718147,0,0.017718147,0.0011634827,0.008500882,0.014703264,0.0034962974,0.00814271,0.008315781,0.28399894,0
3370,0,0.010621235,0,0.009424546,0.0007390976,0.006344369,0.010621235,0.0014891637,0.0072235605,0.0045707305,0.18263543,0
3371,0,0.019351736,0,0.019351736,0.0014209747,0.00821588,0.016001316,0.004088263,0.008414571,0.013092931,0.35577995,0
3372,0,0.023317585,0,0.023317585,0.0010061264,0.011920903,0.0118680475,0.0042917514,0.006602164,0.005868228,0.21031016,0
3373,0,0.019100413,0,0.019100413,0.0009202957,0.009032886,0.011936366,0.0020163832,0.007068211,0.0069003287,0.26379365,0
3374,0,0.0157622,0,0.014513801,0.0010108948,0.0081208795,0.0157622,0.0046987277,0.0074306927,0.011500548,0.3602929,0
3375,0,0.024142517,0,0.024142517,0.0018978119,0.011046898,0.023174755,0.0071035884,0.009592636,0.021585643,0.37302983,0
3376,0,0.02343543,0,0.02343543,0.002336502,0.0115029,0.020920247,0.011839314,0.010188141,0.028426996,0.3414163,0
3377,0,0.020842785,0,0.020842785,0.0012683868,0.009013886,0.0157622,0.0036997858,0.007857903,0.012326228,0.3367863,0
3378,0,0.0143253105,0,0.0143253105,0.00091552734,0.007132874,0.012995303,0.0022846176,0.008013252,0.0060746484,0.22183195,0
3379,0,0.018095128,0,0.018095128,0.0011205673,0.0075888764,0.013610168,0.0027563404,0.007754337,0.01250316,0.305224,0
3380,0,0.024260364,0,0.024260364,0.0011301041,0.0116169015,0.01535229,0.003144818,0.00713294,0.00937737,0.26023093,0
3381,0,0.021667719,0,0.021667719,0.0017356873,0.008538882,0.018392462,0.0045692353,0.009074804,0.017339287,0.29253194,0
3382,0,0.029563503,0,0.029563503,0.0014972687,0.009982891,0.016821137,0.004606233,0.008531082,0.01102873,0.26256913,0
3383,0,0.026735162,0,0.026735162,0.001001358,0.0115029,0.012277958,0.0037922803,0.007819066,0.005602831,0.2638511,0
3384,0,0.021314176,0,0.021314176,0.00096321106,0.009944891,0.011458136,0.0029968263,0.0074048014,0.0060746484,0.20013121,0
3385,0,0.02826718,0,0.02826718,0.0006341934,0.015872927,0.009613537,0.0045137387,0.0063108844,0.0023885753,0.20170642,0
3386,0,0.015147334,0,0.01419965,0.0014019012,0.00810188,0.015147334,0.0040327664,0.008259222,0.016395653,0.3559674,0
3387,0,0.0113215,0,0.010681152,0.00068187714,0.010970897,0.0113215,0.0044582416,0.0062979385,0.004629708,0.34470963,0
3388,0,0.021785567,0,0.021785567,0.0013160706,0.010134893,0.016616182,0.0032928092,0.0077802283,0.009849187,0.20969638,0
3389,0,0.010689554,0,0.008670582,0.00056505203,0.0068003717,0.010689554,0.0023863618,0.0062979385,0.004629708,0.23644608,0
3390,0,0.028974265,0,0.028974265,0.0013542175,0.012338906,0.01442999,0.0032743104,0.008220384,0.012916001,0.5313671,0
3391,0,0.0127561875,0,0.009675868,0.0007915497,0.0064488696,0.0127561875,0.0022661188,0.006912862,0.008846575,0.18119468,0
3392,0,0.01633588,0,0.01633588,0.000705719,0.008709883,0.0113044195,0.002293867,0.0070034824,0.0060156714,0.32434833,0
3393,0,0.011116544,0,0.008984734,0.00081539154,0.0067433715,0.011116544,0.0015909078,0.0065633263,0.006163114,0.49140143,0
3394,0,0.015204934,0,0.015204934,0.0008583069,0.008557882,0.013678487,0.0038292783,0.006815769,0.0064580003,0.2002295,0
3395,0,0.014327513,0,0.01237757,0.00096797943,0.007322875,0.014327513,0.0031263188,0.0069905366,0.009259416,0.22259879,0
3396,0,0.029445656,0,0.029445656,0.0017547607,0.011084898,0.020032106,0.004994711,0.008116818,0.016277699,0.29137835,0
3397,0,0.011120965,0,0.011120965,0.000667572,0.008025879,0.010194245,0.0015909078,0.0065633263,0.005101525,0.376895,0
3398,0,0.015707577,0,0.015707577,0.0012779236,0.0077028773,0.015659723,0.0035332954,0.0077284453,0.012562137,0.20559661,0
3399,0,0.028974265,0,0.028974265,0.001783371,0.010020891,0.01846078,0.0073995716,0.009281937,0.017575197,0.19907668,0
3400,0,0.014225035,0,0.01225191,0.0011014938,0.007170874,0.014225035,0.0032188136,0.0074954215,0.009908165,0.24064621,0
3401,0,0.02048268,0,0.02048268,0.0015449524,0.009317887,0.015420608,0.0071035884,0.00814271,0.0115595255,0.25722635,0
3402,0,0.02048268,0,0.02048268,0.0016212463,0.008576883,0.017504321,0.004439743,0.0089712385,0.012385205,0.21017632,0
3403,0,0.014498309,0,0.013697007,0.0010919571,0.007835878,0.014498309,0.0039402717,0.0076507707,0.012798046,0.297009,0
3404,0,0.01261955,0,0.011812098,0.0009202957,0.0069048726,0.01261955,0.0024788564,0.007081157,0.007313169,0.26022154,0
3405,0,0.02402467,0,0.02402467,0.0018024445,0.007493876,0.01620627,0.0029598286,0.00933372,0.013859635,0.2939112,0
3406,0,0.015770407,0,0.015770407,0.0012302399,0.007968879,0.015181494,0.00449524,0.008505191,0.0115595255,0.26845756,0
3407,0,0.009903891,0,0.007602467,0.0006914139,0.00648687,0.009903891,0.0024233595,0.0066798385,0.003980959,0.2143056,0
3408,0,0.028385026,0,0.028385026,0.0014686584,0.016024929,0.015898837,0.0050687063,0.0070034824,0.011441571,0.4882672,0
3409,0,0.02343543,0,0.02343543,0.0013542175,0.00975489,0.018392462,0.0036997858,0.0074048014,0.017811105,0.21217985,0
3410,0,0.017466826,0,0.017466826,0.0012779236,0.0076838774,0.016342908,0.0029968263,0.008026198,0.013505772,0.29972234,0
3411,0,0.017231047,0,0.016838523,0.0015258789,0.009203887,0.017231047,0.0064006294,0.009074804,0.013210886,0.44577795,0
3412,0,0.02126184,0,0.02072494,0.0018501282,0.008956885,0.02126184,0.0032558115,0.008556974,0.029724494,0.7724577,0
3413,0,0.013822667,0,0.013822667,0.00076293945,0.007322875,0.0127561875,0.0029043318,0.006433869,0.013210886,0.45209205,0
3414,0,0.034277402,0,0.034277402,0.0016593933,0.015872927,0.014669105,0.0055496786,0.007340072,0.016395653,0.36509037,0
3415,0,0.019100413,0,0.019100413,0.0011634827,0.008728883,0.015215653,0.004920715,0.0082074385,0.011913388,0.23147576,0
3416,0,0.016964182,0,0.016964182,0.001039505,0.008462882,0.012312118,0.0069185994,0.007340072,0.0064285113,0.35043135,0
3417,0,0.015318131,0,0.013571346,0.0012397766,0.0069808727,0.015318131,0.003921773,0.00866054,0.012208274,0.28049994,0
3418,0,0.013320025,0,0.013320025,0.00082969666,0.007873878,0.012004685,0.0027748393,0.0067834044,0.0058387397,0.22046569,0
3419,0,0.016964182,0,0.016964182,0.00057935715,0.0105148945,0.009818493,0.0022568693,0.006375613,0.0040104473,0.47114047,0
3420,0,0.028856417,0,0.028856417,0.001964569,0.010058892,0.020578653,0.005956655,0.008155655,0.025832001,0.5481581,0
3421,0,0.0147374235,0,0.013508516,0.0012683868,0.0076838774,0.0147374235,0.0039402717,0.008466354,0.012562137,0.31254494,0
3422,0,0.011120965,0,0.011120965,0.0006246567,0.0076268767,0.010108846,0.0016094068,0.0069905366,0.0040104473,0.22276214,0
3423,0,0.02449606,0,0.02449606,0.0013065338,0.010400894,0.016616182,0.013345404,0.007145886,0.008256803,0.20602821,0
3424,0,0.017341165,0,0.017341165,0.0016593933,0.007797878,0.01579636,0.003366805,0.007857903,0.01604179,0.19435301,0
3425,0,0.028031485,0,0.028031485,0.0012588501,0.010096892,0.012551232,0.013445892,0.006763986,0.0069298176,0.21001585,0
3426,0,0.028385026,0,0.028385026,0.0017642975,0.011578901,0.019007329,0.004643231,0.008505191,0.013918612,0.4066692,0
3427,0,0.017718147,0,0.017718147,0.0012683868,0.008614883,0.015113175,0.0061416444,0.007948523,0.011087708,0.16472933,0
3428,0,0.022256956,0,0.022256956,0.001783371,0.009108886,0.019007329,0.005364689,0.009230154,0.017221333,0.27953655,0
3429,0,0.015330595,0,0.015330595,0.0012493134,0.00819688,0.015044857,0.0029043318,0.008311004,0.011972365,0.18949556,0
3430,0,0.032156147,0,0.032156147,0.0023841858,0.009355888,0.019963788,0.0051427023,0.011146127,0.01875474,0.26807642,0
3431,0,0.014073989,0,0.014073989,0.0010490417,0.0069143726,0.012107162,0.0034408006,0.0072365063,0.0094363475,0.1850186,0
3432,0,0.021903414,0,0.021903414,0.0012302399,0.009868891,0.01490822,0.0031818156,0.00780612,0.0076080547,0.260445,0
3433,0,0.016587202,0,0.016587202,0.0011301041,0.007816878,0.015283971,0.004088263,0.00814271,0.009554301,0.28921166,0
3434,0,0.01627459,0,0.014639461,0.001373291,0.007778878,0.01627459,0.0038107792,0.007909686,0.014685315,0.36657837,0
3435,0,0.0109324735,0,0.0109324735,0.00056028366,0.0077598775,0.010621235,0.00224762,0.0063367756,0.0049245935,0.44876075,0
3436,0,0.01834645,0,0.01834645,0.0010967255,0.009564889,0.014566627,0.003385304,0.0074048014,0.011972365,0.16740638,0
3437,0,0.012314741,0,0.012314741,0.00064849854,0.007968879,0.010535837,0.0025713511,0.0066280556,0.004747662,0.2191153,0
3438,0,0.0113044195,0,0.0103670005,0.0006580353,0.00817788,0.0113044195,0.0016279058,0.006168481,0.0043053334,0.30255318,0
3439,0,0.028031485,0,0.028031485,0.0019359589,0.008880884,0.019690514,0.0063266335,0.010395273,0.02205746,0.46538046,0
3440,0,0.017777596,0,0.017718147,0.0019073486,0.008595883,0.017777596,0.006622616,0.008841781,0.016985426,0.46211416,0
3441,0,0.028385026,0,0.028385026,0.0011825562,0.0107048955,0.014327513,0.006622616,0.007249452,0.0071952147,0.1508141,0
3442,0,0.022139108,0,0.022139108,0.0014019012,0.008614883,0.015864678,0.003311308,0.008919456,0.010497936,0.27866846,0
3443,0,0.013985921,0,0.011749268,0.0011062622,0.007170874,0.013985921,0.0034962974,0.0071847234,0.0129749775,0.40023437,0
3444,0,0.028031485,0,0.028031485,0.002002716,0.008386881,0.01887069,0.004384246,0.011379151,0.015805881,0.19274558,0
3445,0,0.021196328,0,0.021196328,0.0019073486,0.009032886,0.019007329,0.006992595,0.009566744,0.01686747,0.3588122,0
3446,0,0.033334624,0,0.033334624,0.0018978119,0.011046898,0.020646973,0.006770608,0.0076637166,0.019462466,0.41227305,0
3447,0,0.016587202,0,0.016587202,0.0011062622,0.008234881,0.01442999,0.0035332954,0.0074048014,0.010733845,0.1985115,0
3448,0,0.023553278,0,0.023553278,0.0016117096,0.00971689,0.017094411,0.008731495,0.008738215,0.01686747,0.2493212,0
3449,0,0.01859777,0,0.01859777,0.001449585,0.008500882,0.016137952,0.004088263,0.008466354,0.013446795,0.2600106,0
3450,0,0.015707577,0,0.015707577,0.0010347366,0.008367881,0.014839902,0.003144818,0.007521313,0.009554301,0.2971781,0
3451,0,0.02402467,0,0.02402467,0.0018978119,0.009013886,0.019758832,0.0065486208,0.0100069,0.020995872,0.30590954,0
3452,0,0.026263772,0,0.026263772,0.0020980835,0.010476895,0.020578653,0.0053276913,0.009696201,0.024534503,0.45374212,0
3453,0,0.032391842,0,0.032391842,0.0014781952,0.015568925,0.016342908,0.004162259,0.006815769,0.009554301,0.27113995,0
3454,0,0.016838523,0,0.016838523,0.0011873245,0.008538882,0.015625564,0.0047727237,0.007598988,0.011854411,0.26754126,0
3455,0,0.014702292,0,0.014702292,0.00062942505,0.008595883,0.011389818,0.0030338243,0.006433869,0.005602831,0.31612745,0
3456,0,0.01402008,0,0.012000589,0.001077652,0.0072468747,0.01402008,0.0029598286,0.007689608,0.011854411,0.37746736,0
3457,0,0.019603057,0,0.019603057,0.00081539154,0.010020891,0.012141321,0.0035332954,0.0067316215,0.0050720368,0.27463454,0
3458,0,0.022256956,0,0.022256956,0.0016975403,0.010590895,0.01846078,0.004125261,0.008582866,0.00979021,0.34591857,0
3459,0,0.014054239,0,0.012754552,0.001115799,0.0074368757,0.014054239,0.0036812867,0.008427517,0.010379982,0.1701645,0
3460,0,0.025085296,0,0.025085296,0.0016403198,0.010172892,0.01982715,0.0058826595,0.008401625,0.01792906,0.30864987,0
3461,0,0.0154562555,0,0.0154562555,0.001206398,0.007721877,0.015318131,0.003921773,0.008103873,0.011146685,0.2044421,0
3462,0,0.031213367,0,0.031213367,0.0019550323,0.012946909,0.01846078,0.0058826595,0.008103873,0.018164968,0.38994858,0
3463,0,0.014122557,0,0.012503231,0.0010251999,0.007531876,0.014122557,0.003089321,0.0071070488,0.009731233,0.19409621,0
3464,0,0.021667719,0,0.021667719,0.0010299683,0.011578901,0.013473531,0.0034962974,0.006763986,0.007726009,0.39074868,0
3465,0,0.015581916,0,0.015581916,0.0010156631,0.007835878,0.013678487,0.0068446035,0.0069387536,0.010321004,0.2501226,0
3466,0,0.010296722,0,0.0074453913,0.00054597855,0.0064393696,0.010296722,0.0024233595,0.006155535,0.004334822,0.31110016,0
3467,0,0.02779579,0,0.02779579,0.0013160706,0.010742896,0.016103793,0.012340514,0.007081157,0.009908165,0.1914153,0
3468,0,0.02072494,0,0.02072494,0.0017929077,0.010856897,0.01805087,0.004680229,0.008427517,0.013269863,0.24149565,0
3469,0,0.01834645,0,0.01834645,0.0016498566,0.0077408776,0.016547862,0.0037737815,0.009437286,0.01686747,0.4554356,0
3470,0,0.014464149,0,0.013948329,0.0011968613,0.0077598775,0.014464149,0.003607291,0.007922632,0.011441571,0.4544875,0
3471,0,0.021667719,0,0.021667719,0.0010299683,0.009678889,0.014600786,0.004347248,0.008401625,0.0077849864,0.20083182,0
3472,0,0.019980038,0,0.019980038,0.0014400482,0.009127886,0.01627459,0.0040512653,0.0076766624,0.013446795,0.28094482,0
3473,0,0.013268576,0,0.011372286,0.000910759,0.0072848746,0.013268576,0.0039587705,0.0077025536,0.011087708,0.17328848,0
3474,0,0.037577134,0,0.037577134,0.0015163422,0.010362893,0.016137952,0.027815815,0.007365964,0.010438959,0.14207713,0
3475,0,0.022139108,0,0.022139108,0.0012397766,0.0107048955,0.015659723,0.0039587705,0.0069905366,0.009613278,0.29565537,0
3476,0,0.032627538,0,0.032627538,0.0025749207,0.013516913,0.02433617,0.006474625,0.009929225,0.021349736,0.19856979,0
3477,0,0.01646154,0,0.01646154,0.0009441376,0.008709883,0.01265371,0.0021273769,0.0069646453,0.0059861825,0.2663325,0
3478,0,0.012926984,0,0.011372286,0.00092983246,0.0072468747,0.012926984,0.0027008436,0.007314181,0.008138849,0.27386382,0
3479,0,0.025674535,0,0.025674535,0.0019264221,0.00975489,0.017504321,0.0047727237,0.010757755,0.0150981555,0.3718655,0
3480,0,0.022139108,0,0.022139108,0.0011205673,0.010438894,0.014976538,0.0032003147,0.008000307,0.008787598,0.21000567,0
3481,0,0.03357032,0,0.03357032,0.0016975403,0.013402912,0.023516348,0.007917541,0.007586042,0.016513607,0.19191647,0
3482,0,0.031684756,0,0.031684756,0.0016403198,0.012300906,0.01893901,0.0043102503,0.007249452,0.013623727,0.25569472,0
3483,0,0.015967157,0,0.015079274,0.0014019012,0.008994885,0.015967157,0.003348306,0.0077154995,0.013092931,0.2015246,0
3484,0,0.027088705,0,0.027088705,0.0022125244,0.010210892,0.02126184,0.006622616,0.009722093,0.020642009,0.5269085,0
3485,0,0.030859824,0,0.030859824,0.0018882751,0.010818896,0.016616182,0.0049577127,0.009023022,0.012739069,0.21104828,0
3486,0,0.009681856,0,0.005906049,0.0005030632,0.006021367,0.009681856,0.0026823445,0.006045496,0.0032142557,0.2774004,0
3487,0,0.019351736,0,0.019351736,0.0015163422,0.009868891,0.017709278,0.005253696,0.007754337,0.015805881,0.26454636,0
3488,0,0.021549871,0,0.021549871,0.0013256073,0.009526889,0.015420608,0.003385304,0.008194493,0.008433735,0.24451824,0
3489,0,0.022846194,0,0.022846194,0.0018882751,0.0077408776,0.017777596,0.0042547537,0.010214032,0.02394473,0.4752291,0
3490,0,0.016587202,0,0.016587202,0.0012588501,0.007797878,0.014122557,0.0035332954,0.008738215,0.012326228,0.1821286,0
3491,0,0.0118680475,0,0.008796243,0.0007343292,0.0066388706,0.0118680475,0.0023123662,0.0070034824,0.008020895,0.3943069,0
3492,0,0.011423977,0,0.006502937,0.00072956085,0.006372869,0.011423977,0.0017666477,0.0066668927,0.0071362373,0.2881969,0
3493,0,0.01822079,0,0.01822079,0.0012779236,0.0086718835,0.015557245,0.0036812867,0.007819066,0.008374758,0.3561343,0
3494,0,0.019351736,0,0.019351736,0.0015354156,0.009051885,0.018665737,0.0041067624,0.008194493,0.017575197,0.2804456,0
3495,0,0.026263772,0,0.026263772,0.0010156631,0.013250912,0.0147374235,0.004180758,0.007029374,0.009200439,0.24795783,0
3496,0,0.018723432,0,0.018723432,0.00071048737,0.010210892,0.012380436,0.003385304,0.0067445673,0.006310557,0.18547992,0
3497,0,0.026028076,0,0.026028076,0.0012779236,0.0113509,0.016342908,0.0061416444,0.008246276,0.011736456,0.6703312,0
3498,0,0.015896067,0,0.015896067,0.0009965897,0.009146886,0.014634945,0.004606233,0.0073918556,0.010321004,0.19889,0
3499,0,0.013948329,0,0.013948329,0.0007867813,0.0075888764,0.011902207,0.0027008436,0.006815769,0.004688685,0.24041022,0
3500,0,0.018849092,0,0.018849092,0.0009393692,0.009184887,0.012722028,0.0029413297,0.0068869707,0.0064285113,0.25900504,0
3501,0,0.022021262,0,0.022021262,0.0010442734,0.010248893,0.014054239,0.0026453468,0.0072882893,0.014980201,0.23216946,0
3502,0,0.019980038,0,0.019980038,0.0010538101,0.009032886,0.012892825,0.0042547537,0.008272167,0.008256803,0.31260586,0
3503,0,0.030506283,0,0.030506283,0.0016498566,0.014124917,0.018392462,0.0039402717,0.008582866,0.011087708,0.2672062,0
3504,0,0.014976538,0,0.014450971,0.0012588501,0.007911879,0.014976538,0.0045137387,0.00756015,0.011205662,0.16900767,0
3505,0,0.016210219,0,0.016210219,0.0011825562,0.007816878,0.0157622,0.0039402717,0.007417747,0.010969753,0.19232237,0
3506,0,0.026028076,0,0.026028076,0.0011968613,0.0116169015,0.013473531,0.003644289,0.007689608,0.007961918,0.28731236,0
3507,0,0.025203144,0,0.025203144,0.00084400177,0.012110904,0.012243799,0.0022013725,0.007301235,0.0074311234,0.24708572,0
3508,0,0.01633588,0,0.01633588,0.0012016296,0.007968879,0.015557245,0.004125261,0.008505191,0.013387818,0.29048604,0
3509,0,0.025556687,0,0.025556687,0.00079631805,0.01302291,0.010638315,0.006289636,0.00666042,0.004334822,0.33709428,0
3510,0,0.024967449,0,0.024967449,0.0019836426,0.008348881,0.017094411,0.0040512653,0.0097738765,0.025360184,0.25549796,0
3511,0,0.014513801,0,0.014513801,0.0013160706,0.0069143726,0.013371054,0.0027933381,0.00899713,0.009731233,0.33278057,0
3512,0,0.017094411,0,0.01646154,0.001449585,0.008310881,0.017094411,0.004384246,0.008893564,0.019344512,0.22901726,0
3513,0,0.019980038,0,0.019980038,0.0009870529,0.00979289,0.014156717,0.0044767405,0.00789674,0.0080798725,0.2972441,0
3514,0,0.013336895,0,0.011623607,0.0009536743,0.007322875,0.013336895,0.0025713511,0.0069516995,0.007667032,0.33257008,0
3515,0,0.021549871,0,0.021549871,0.001335144,0.008728883,0.018324144,0.003311308,0.0076119336,0.013800657,0.23694663,0
3516,0,0.014011159,0,0.014011159,0.000872612,0.007949878,0.0113727385,0.0049577127,0.0066151097,0.0047771507,0.22239812,0
3517,0,0.01847211,0,0.01847211,0.0012683868,0.00806388,0.015318131,0.0035702933,0.007909686,0.012444182,0.36368272,0
3518,0,0.013917602,0,0.009927189,0.0009250641,0.0072278744,0.013917602,0.0031818156,0.0072106146,0.008610667,0.1785972,0
3519,0,0.009263406,0,0.008733413,0.0005054474,0.007531876,0.009263406,0.0011469335,0.0061749537,0.0029636028,0.16878983,0
3520,0,0.010040528,0,0.008859074,0.00047922134,0.007189874,0.010040528,0.0016001574,0.0062137907,0.0038630045,0.24256127,0
3521,0,0.025556687,0,0.025556687,0.0018119812,0.025284592,0.020100424,0.005956655,0.006738094,0.010321004,0.18294281,0
3522,0,0.016342908,0,0.014765122,0.0014972687,0.0077028773,0.016342908,0.004088263,0.008634649,0.01686747,0.29091612,0
3523,0,0.016021729,0,0.016021729,0.0009727478,0.00810188,0.014225035,0.0032188136,0.0073789097,0.009967142,0.22562335,0
3524,0,0.017718147,0,0.017718147,0.0013828278,0.00810188,0.01627459,0.0049577127,0.0089712385,0.015334064,0.2561633,0
3525,0,0.020607091,0,0.020607091,0.0015449524,0.011046898,0.018119188,0.004439743,0.008000307,0.011205662,0.20855305,0
3526,0,0.00907553,0,0.0058432184,0.00040769577,0.0062683686,0.00907553,0.0012116798,0.0060066585,0.0026834612,0.27327272,0
3527,0,0.01834645,0,0.01834645,0.0014305115,0.00813988,0.017436003,0.004236255,0.008336896,0.017575197,0.3193403,0
3528,0,0.018095128,0,0.018095128,0.0015354156,0.008348881,0.01579636,0.0039402717,0.008129764,0.016159745,0.18764755,0
3529,0,0.024142517,0,0.024142517,0.00078201294,0.010742896,0.014156717,0.003884775,0.0064985976,0.005042548,0.1991568,0
3530,0,0.017341165,0,0.017341165,0.0011444092,0.008899884,0.015318131,0.004069764,0.0076637166,0.011382594,0.25951433,0
3531,0,0.01633588,0,0.01633588,0.0010538101,0.00813988,0.015010698,0.0024603575,0.007094103,0.010262027,0.4931243,0
3532,0,0.011902207,0,0.009864358,0.0007534027,0.0069238725,0.011902207,0.0024233595,0.006589218,0.0061336257,0.16717716,0
3533,0,0.028149333,0,0.028149333,0.001964569,0.00983089,0.021398475,0.005660672,0.011042561,0.017457243,0.23862532,0
3534,0,0.017718147,0,0.017718147,0.0009012222,0.009165886,0.0127903465,0.0034962974,0.0074306927,0.0071952147,0.21274546,0
3535,0,0.024378212,0,0.024378212,0.0016307831,0.009317887,0.020100424,0.007029593,0.008349842,0.016513607,0.20623139,0
3536,0,0.021549871,0,0.021549871,0.0015544891,0.0077598775,0.015113175,0.0030338243,0.010265815,0.012562137,0.20597416,0
3537,0,0.017341165,0,0.017341165,0.0014305115,0.0086718835,0.015728042,0.0033298072,0.007857903,0.011500548,0.2599096,0
3538,0,0.012141321,0,0.011372286,0.00094890594,0.0068763723,0.012141321,0.0023123662,0.007689608,0.007667032,0.22376558,0
3539,0,0.015644746,0,0.015644746,0.0013923645,0.007778878,0.014566627,0.0037552824,0.008453408,0.012562137,0.2780843,0
3540,0,0.017367685,0,0.011812098,0.0014877319,0.007930879,0.017367685,0.0032188136,0.0074565844,0.012208274,0.4415559,0
3541,0,0.032627538,0,0.032627538,0.002002716,0.0114269,0.022764845,0.0061046463,0.009100696,0.023237005,0.29657096,0
3542,0,0.015932998,0,0.015770407,0.001373291,0.00817788,0.015932998,0.0032928092,0.008026198,0.012621114,0.39956415,0
3543,0,0.012585391,0,0.01237757,0.0008535385,0.0072658747,0.012585391,0.0030523231,0.006861079,0.007843964,0.17413525,0
3544,0,0.013257195,0,0.013257195,0.0006723404,0.007987879,0.011475217,0.0022383702,0.006543908,0.005189991,0.20628382,0
3545,0,0.019351736,0,0.019351736,0.0015068054,0.008519882,0.016616182,0.0041992567,0.008712323,0.016749516,0.20723307,0
3546,0,0.025203144,0,0.025203144,0.0011634827,0.010020891,0.011184863,0.003903274,0.00823333,0.009731233,0.33963346,0
3547,0,0.01847211,0,0.01847211,0.0010871887,0.008766884,0.012038844,0.00466173,0.007353018,0.008197826,0.23379067,0
3548,0,0.010928668,0,0.009298885,0.0007534027,0.0063918694,0.010928668,0.001674153,0.006925808,0.005956694,0.31272918,0
3549,0,0.016547862,0,0.016021729,0.0015068054,0.007531876,0.016547862,0.00466173,0.008582866,0.014862247,0.36145702,0
3550,0,0.010211324,0,0.007916619,0.00064849854,0.0064488696,0.010211324,0.0024048607,0.006641001,0.004747662,0.20879884,0
3551,0,0.03781283,0,0.03781283,0.0019454956,0.013440913,0.015420608,0.005253696,0.010628296,0.0077849864,0.25471494,0
3552,0,0.017969469,0,0.017969469,0.0012779236,0.008766884,0.016411226,0.003144818,0.007637825,0.011795434,0.21564482,0
3553,0,0.013445686,0,0.013445686,0.001039505,0.009260887,0.012482914,0.0051427023,0.00704232,0.008138849,0.369455,0
3554,0,0.02249265,0,0.02249265,0.0016784668,0.010134893,0.017504321,0.0071035884,0.009048914,0.013859635,0.17348251,0
3555,0,0.015896067,0,0.015896067,0.0009012222,0.008405882,0.012517073,0.0035702933,0.0063950317,0.0062810685,0.18078884,0
3556,0,0.019226074,0,0.019226074,0.0012779236,0.008823884,0.015488927,0.0031633168,0.0082074385,0.012326228,0.4002446,0
3557,0,0.022256956,0,0.022256956,0.0012397766,0.014960921,0.015215653,0.0040142676,0.006809296,0.0075490777,0.4082392,0
3558,0,0.020607091,0,0.020607091,0.001745224,0.008956885,0.02023706,0.0046987277,0.008103873,0.018400878,0.22314946,0
3559,0,0.014156717,0,0.012943043,0.0011730194,0.0077028773,0.014156717,0.003311308,0.0076637166,0.009908165,0.16953588,0
3560,0,0.015010698,0,0.009110395,0.0012302399,0.0070948736,0.015010698,0.0023586133,0.0070034824,0.0122672515,0.4542376,0
3561,0,0.017215505,0,0.017215505,0.0014877319,0.0081208795,0.016479544,0.0037922803,0.008414571,0.015216109,0.29349077,0
3562,0,0.015215653,0,0.012000589,0.001168251,0.0069048726,0.015215653,0.003607291,0.007870848,0.012621114,0.25345302,0
3563,0,0.019603057,0,0.019603057,0.0013446808,0.009032886,0.01764096,0.0033298072,0.007754337,0.016395653,0.4062739,0
3564,0,0.017718147,0,0.017718147,0.0009965897,0.008899884,0.012312118,0.0030338243,0.0074436385,0.0068413517,0.20798606,0
3565,0,0.01847211,0,0.01847211,0.0011777878,0.0069808727,0.015488927,0.0024788564,0.0082074385,0.011972365,0.3094336,0
3566,0,0.021432023,0,0.021432023,0.0009918213,0.009982891,0.016547862,0.0036812867,0.0066798385,0.010910776,0.31074145,0
3567,0,0.012312118,0,0.012126249,0.00077724457,0.0072468747,0.012312118,0.003144818,0.006699257,0.007667032,0.18798387,0
3568,0,0.022728346,0,0.022728346,0.0017642975,0.009640889,0.019075647,0.0054756827,0.007870848,0.016513607,0.19339854,0
3569,0,0.017089844,0,0.017089844,0.0008392334,0.009127886,0.011936366,0.0028673338,0.0066668927,0.0053079454,0.3333807,0
3570,0,0.011183795,0,0.011183795,0.0006246567,0.0072848746,0.010945748,0.00258985,0.0063626673,0.0040694247,0.1608594,0
3571,0,0.029799197,0,0.029799197,0.001783371,0.0103248935,0.019143965,0.005512681,0.011146127,0.015216109,0.35672042,0
3572,0,0.028031485,0,0.028031485,0.0021266937,0.0092228865,0.019963788,0.0048097214,0.012233571,0.01769315,0.33640763,0
3573,0,0.018849092,0,0.018849092,0.0010824203,0.0105148945,0.012926984,0.0024788564,0.007094103,0.0059861825,0.43163034,0
3574,0,0.031331215,0,0.031331215,0.0020503998,0.010628895,0.017094411,0.005438685,0.0097738765,0.011913388,0.32794788,0
3575,0,0.018849092,0,0.018849092,0.0014686584,0.009165886,0.015420608,0.0035702933,0.008453408,0.0122672515,0.25039506,0
3576,0,0.02779579,0,0.02779579,0.0021457672,0.010552894,0.018324144,0.007954539,0.008764107,0.011382594,0.1644233,0
3577,0,0.020231359,0,0.020231359,0.0010251999,0.008842885,0.013234417,0.005512681,0.0074565844,0.0087286215,0.30570322,0
3578,0,0.015644746,0,0.015644746,0.0012397766,0.008367881,0.015181494,0.003385304,0.007857903,0.011205662,0.278263,0
3579,0,0.012817383,0,0.012817383,0.0006914139,0.008424882,0.010723713,0.0024233595,0.0064468146,0.004747662,0.1806785,0
3580,0,0.015267765,0,0.015267765,0.0010490417,0.0072468747,0.010809111,0.0013319228,0.008466354,0.0047771507,0.17213933,0
3581,0,0.015330595,0,0.015330595,0.001039505,0.0075888764,0.013131939,0.0036627878,0.0078449575,0.009023507,0.28210962,0
3582,0,0.017466826,0,0.017466826,0.001335144,0.0092228865,0.016821137,0.0048097214,0.007624879,0.01102873,0.4145384,0
3583,0,0.035220183,0,0.035220183,0.0025558472,0.012186904,0.022218296,0.024600167,0.008738215,0.016985426,0.41660196,0
3584,0,0.014805742,0,0.013068704,0.0011920929,0.007664877,0.014805742,0.003311308,0.007586042,0.012680092,0.41271362,0
3585,0,0.018723432,0,0.018723432,0.0010204315,0.0096028885,0.013644327,0.0029228306,0.007974415,0.007667032,0.2994802,0
3586,0,0.011697251,0,0.010743983,0.0009393692,0.006885872,0.011697251,0.0025343532,0.0073789097,0.0071657263,0.21392666,0
3587,0,0.016964182,0,0.016964182,0.0012588501,0.0077028773,0.014874061,0.0038477771,0.009799767,0.011146685,0.23701271,0
3588,0,0.020607091,0,0.020607091,0.0015926361,0.008614883,0.016479544,0.005919657,0.008440462,0.018282922,0.36569083,0
3589,0,0.019728716,0,0.019728716,0.0011110306,0.008310881,0.013336895,0.0032928092,0.0075083673,0.010321004,0.30338293,0
3590,0,0.018095128,0,0.018095128,0.000705719,0.010932897,0.01173141,0.0027008436,0.006317357,0.005602831,0.34765238,0
3591,0,0.024613906,0,0.024613906,0.0014686584,0.010476895,0.015454767,0.006289636,0.0067057298,0.009672256,0.2039943,0
3592,0,0.017089844,0,0.017089844,0.0015830994,0.008709883,0.016547862,0.0044582416,0.008414571,0.014213498,0.29867107,0
3593,0,0.009750174,0,0.009675868,0.00049829483,0.007303875,0.009750174,0.0012301788,0.0064015044,0.004393799,0.17386872,0
3594,0,0.013948329,0,0.013948329,0.00094890594,0.007531876,0.01354185,0.003144818,0.0069905366,0.010969753,0.23198111,0
3595,0,0.010501678,0,0.010304171,0.00049352646,0.0075888764,0.010501678,0.0022383702,0.0059807673,0.0053669224,0.24350777,0
3596,0,0.019477395,0,0.019477395,0.0014686584,0.007987879,0.016616182,0.0035147965,0.00823333,0.016513607,0.42651656,0
3597,0,0.012551232,0,0.009864358,0.000910759,0.0070663732,0.012551232,0.002885833,0.007327127,0.009259416,0.33341336,0
3598,0,0.02638162,0,0.02638162,0.0015926361,0.010476895,0.020783609,0.004421244,0.007417747,0.021349736,0.23133858,0
3599,0,0.03109552,0,0.03109552,0.0018978119,0.00979289,0.020168742,0.0039772694,0.009903334,0.02146769,0.27439573,0
3600,0,0.026970858,0,0.026970858,0.0007677078,0.012528907,0.010330882,0.0065856185,0.0069905366,0.003921982,0.3012437,0
3601,0,0.017089844,0,0.017089844,0.0015354156,0.0076268767,0.016479544,0.0039957687,0.008945347,0.01209032,0.17818007,0
3602,0,0.012440401,0,0.012440401,0.00088214874,0.0074558756,0.012277958,0.0027378413,0.006977591,0.0077849864,0.20371027,0
3603,0,0.025085296,0,0.025085296,0.0019741058,0.011122898,0.01887069,0.0051427023,0.008893564,0.014154521,0.24936923,0
3604,0,0.015557245,0,0.014639461,0.0012969971,0.007816878,0.015557245,0.0039402717,0.00780612,0.011618502,0.38389504,0
3605,0,0.022139108,0,0.022139108,0.0018787384,0.011312899,0.01887069,0.0050317086,0.00866054,0.0129749775,0.3186203,0
3606,0,0.027913637,0,0.027913637,0.0011920929,0.012528907,0.016103793,0.0032188136,0.007819066,0.009318393,0.3414023,0
3607,0,0.032627538,0,0.032627538,0.0008392334,0.01767874,0.013576009,0.0022568693,0.006317357,0.0041578906,0.26983356,0
3608,0,0.014890783,0,0.014890783,0.0009012222,0.008519882,0.012312118,0.0036812867,0.006641001,0.007018283,0.2121582,0
3609,0,0.011423977,0,0.009487377,0.0006914139,0.0066958712,0.011423977,0.0026638457,0.0067834044,0.005868228,0.17867835,0
3610,0,0.012277958,0,0.00823077,0.0008249283,0.007123374,0.012277958,0.003348306,0.007094103,0.007961918,0.46571192,0
3611,0,0.009869732,0,0.0062516155,0.0004196167,0.0062873685,0.009869732,0.00155391,0.006207318,0.00343542,0.18927827,0
3612,0,0.015896067,0,0.015896067,0.0013065338,0.008576883,0.015625564,0.0035517942,0.008052089,0.012385205,0.2744295,0
3613,0,0.021549871,0,0.021549871,0.0017642975,0.008709883,0.015010698,0.003884775,0.009048914,0.010438959,0.24930935,0
3614,0,0.019477395,0,0.019477395,0.0016975403,0.009070885,0.015488927,0.0055496786,0.00899713,0.013623727,0.35249883,0
3615,0,0.017592486,0,0.017592486,0.0009584427,0.0088618845,0.015249812,0.0026453468,0.0071847234,0.0087286215,0.15876164,0
3616,0,0.017843807,0,0.017843807,0.0012493134,0.007132874,0.014942379,0.003866276,0.007935578,0.018047014,0.19769569,0
3617,0,0.01859777,0,0.01859777,0.0011777878,0.00806388,0.0147374235,0.0032003147,0.008634649,0.009259416,0.36679822,0
3618,0,0.032863233,0,0.032863233,0.0011730194,0.017292,0.017436003,0.0025713511,0.00704232,0.0075490777,0.24071611,0
3619,0,0.010365041,0,0.009173225,0.00059843063,0.007170874,0.010365041,0.0016279058,0.0065115434,0.0051310137,0.18944943,0
3620,0,0.024378212,0,0.024378212,0.00289917,0.011882903,0.023174755,0.008139528,0.008039144,0.015805881,0.21913709,0
3621,0,0.016210219,0,0.016210219,0.0010967255,0.007835878,0.014566627,0.0032003147,0.007793174,0.012149297,0.21357767,0
3622,0,0.013885498,0,0.013885498,0.00057935715,0.007930879,0.010160086,0.003089321,0.0068287146,0.0038040273,0.37956452,0
3623,0,0.024849601,0,0.024849601,0.0018310547,0.009374888,0.019212283,0.005401687,0.010110466,0.017457243,0.4605011,0
3624,0,0.033334624,0,0.033334624,0.0015354156,0.011122898,0.013849284,0.006511623,0.00866054,0.0070772604,0.3211587,0
3625,0,0.015181494,0,0.014576632,0.001206398,0.008367881,0.015181494,0.0039402717,0.007598988,0.010321004,0.3303185,0
3626,0,0.015113175,0,0.013571346,0.001206398,0.007341875,0.015113175,0.006030651,0.008556974,0.010379982,0.3736857,0
3627,0,0.013571346,0,0.013571346,0.00072956085,0.008918885,0.012004685,0.0039587705,0.0071070488,0.007726009,0.28489575,0
3628,0,0.032627538,0,0.032627538,0.0017261505,0.0114269,0.016342908,0.0032928092,0.009411395,0.012562137,0.41084284,0
3629,0,0.019854378,0,0.019854378,0.0010490417,0.008500882,0.014839902,0.0034592997,0.008039144,0.011500548,0.29573992,0
3630,0,0.024967449,0,0.024967449,0.00068187714,0.014276917,0.010330882,0.0018221445,0.006272047,0.0043053334,0.18540724,0
3631,0,0.022256956,0,0.022256956,0.001373291,0.009298887,0.016889455,0.0059936526,0.007974415,0.011205662,0.2109965,0
3632,0,0.01633588,0,0.01633588,0.0007724762,0.010362893,0.011936366,0.0019608864,0.0065697995,0.0063695344,0.41626665,0
3633,0,0.032391842,0,0.032391842,0.0021648407,0.014048916,0.022286616,0.004069764,0.00899713,0.019462466,0.60594964,0
3634,0,0.019351736,0,0.019351736,0.0012779236,0.008766884,0.015386449,0.002830336,0.00823333,0.01020305,0.2792951,0
3635,0,0.021314176,0,0.021314176,0.00084877014,0.011274899,0.011423977,0.0032558115,0.0067445673,0.0075490777,0.33517638,0
3636,0,0.011526455,0,0.009801528,0.0007009506,0.0069143726,0.011526455,0.0017111509,0.0074436385,0.006399023,0.25545442,0
3637,0,0.031684756,0,0.031684756,0.0013065338,0.013212911,0.016411226,0.009212466,0.0068028234,0.01020305,0.1946444,0
3638,0,0.017341165,0,0.017341165,0.0010061264,0.00810188,0.012687869,0.0060676485,0.0078449575,0.0076080547,0.21505196,0
3639,0,0.023788974,0,0.023788974,0.0018787384,0.0113509,0.018255826,0.004643231,0.008841781,0.01332884,0.1480315,0
3640,0,0.017094411,0,0.015958898,0.0014209747,0.009051885,0.017094411,0.003903274,0.0083886795,0.013859635,0.20017025,0
3641,0,0.010125926,0,0.006722843,0.00058174133,0.0062873685,0.010125926,0.0016094068,0.006433869,0.0041578906,0.15755098,0
3642,0,0.0138151245,0,0.011183795,0.0010633469,0.007607877,0.0138151245,0.0024788564,0.0070164283,0.011677479,0.37882447,0
3643,0,0.02543884,0,0.02543884,0.001449585,0.011958904,0.016616182,0.00899048,0.0070552654,0.010733845,0.19253375,0
3644,0,0.036870047,0,0.036870047,0.0016880035,0.012870909,0.017231047,0.01666154,0.0077025536,0.009259416,0.18395229,0
3645,0,0.01822079,0,0.01822079,0.0009393692,0.008234881,0.012926984,0.0068076057,0.0067834044,0.008256803,0.23886013,0
3646,0,0.011543535,0,0.009236055,0.0007200241,0.006781372,0.011543535,0.0021828737,0.0068287146,0.0069887945,0.29556915,0
3647,0,0.012754552,0,0.012754552,0.000834465,0.0074368757,0.011219022,0.0020533812,0.0072882893,0.005602831,0.17742635,0
3648,0,0.022374803,0,0.022374803,0.0015926361,0.009032886,0.01887069,0.0058086636,0.008453408,0.01710338,0.516898,0
3649,0,0.018849092,0,0.018849092,0.0013065338,0.009982891,0.014566627,0.0040327664,0.0070552654,0.011264639,0.19323426,0
3650,0,0.010518758,0,0.010304171,0.00056505203,0.007018873,0.010518758,0.0016094068,0.006420923,0.004275845,0.2547057,0
3651,0,0.01859777,0,0.01859777,0.001783371,0.008538882,0.017436003,0.00466173,0.009178371,0.01769315,0.25626913,0
3652,0,0.022021262,0,0.022021262,0.0014781952,0.010362893,0.01764096,0.0038292783,0.008039144,0.012385205,0.21220706,0
3653,0,0.01627459,0,0.015896067,0.0012302399,0.008462882,0.01627459,0.0045507364,0.00866054,0.014626338,0.3500997,0
3654,0,0.024142517,0,0.024142517,0.0017261505,0.010286893,0.015523086,0.005438685,0.008414571,0.013446795,0.3678765,0
3655,0,0.011031146,0,0.009236055,0.0007915497,0.0064298697,0.011031146,0.001933138,0.0072106146,0.0050720368,0.26201883,0
3656,0,0.02402467,0,0.02402467,0.0014400482,0.009944891,0.017572641,0.003884775,0.008789998,0.015452018,0.36021745,0
3657,0,0.021125201,0,0.018095128,0.0018405914,0.010286893,0.021125201,0.00449524,0.0077802283,0.014331453,0.27169788,0
3658,0,0.031449065,0,0.031449065,0.0013065338,0.0114269,0.0166845,0.0030153254,0.0074306927,0.013446795,0.6720603,0
3659,0,0.022139108,0,0.022139108,0.001449585,0.011008898,0.01535229,0.0061046463,0.007340072,0.008669644,0.17538302,0
3660,0,0.016021729,0,0.016021729,0.0010061264,0.008519882,0.01220964,0.0021273769,0.0076637166,0.008787598,0.3774137,0
3661,0,0.032391842,0,0.032391842,0.0017929077,0.011236899,0.017299367,0.009434453,0.0082074385,0.015216109,0.27297097,0
3662,0,0.01608456,0,0.01608456,0.0010538101,0.00810188,0.014498309,0.003903274,0.007624879,0.009554301,0.17445385,0
3663,0,0.01822079,0,0.01822079,0.0011396408,0.008348881,0.014669105,0.0042732526,0.0077025536,0.009908165,0.2383189,0
3664,0,0.021785567,0,0.021785567,0.0013256073,0.007531876,0.015147334,0.0050317086,0.007754337,0.02205746,0.22229722,0
3665,0,0.023317585,0,0.023317585,0.0020980835,0.008652883,0.02030538,0.004920715,0.010291707,0.023237005,0.50111425,0
3666,0,0.015393426,0,0.015393426,0.0011777878,0.00808288,0.01402008,0.0031633168,0.008155655,0.010497936,0.40190768,0
3667,0,0.015898837,0,0.013885498,0.0012302399,0.00806388,0.015898837,0.005105704,0.008039144,0.014331453,0.31837147,0
3668,0,0.012517073,0,0.008544922,0.0008201599,0.006363369,0.012517073,0.0027378413,0.0071070488,0.011205662,0.37191147,0
3669,0,0.021432023,0,0.021432023,0.0011634827,0.009640889,0.015010698,0.006622616,0.0072235605,0.011500548,0.30649832,0
3670,0,0.022256956,0,0.022256956,0.0010919571,0.013250912,0.017094411,0.0051427023,0.008246276,0.012208274,0.23377211,0
3671,0,0.0075202165,0,7.853789e-05,9.983778e-06,0.004735445,0.0075202165,4.4224e-05,0.0052061453,0.000656121,0.34754267,0
3672,0,0.018974753,0,0.018974753,0.0013446808,0.00817788,0.016069634,0.0041992567,0.008336896,0.014095544,0.26506484,0
3673,0,0.01847211,0,0.01847211,0.001449585,0.00813988,0.016069634,0.004846719,0.009023022,0.016159745,0.21591306,0
3674,0,0.011816809,0,0.010304171,0.00077724457,0.007151874,0.011816809,0.0024048607,0.006815769,0.0054848767,0.23787127,0
3675,0,0.03357032,0,0.03357032,0.0021743774,0.015872927,0.023311393,0.005660672,0.010239923,0.018164968,0.4258561,0
3676,0,0.010672474,0,0.00816794,0.0005578995,0.0067623714,0.010672474,0.0017204003,0.0064079775,0.004895105,0.19118996,0
3677,0,0.014136819,0,0.014136819,0.0009059906,0.007911879,0.013268576,0.0048097214,0.0069516995,0.010733845,0.4858017,0
3678,0,0.020607091,0,0.020607091,0.0007343292,0.010666896,0.011492296,0.004606233,0.006110225,0.0045707305,0.22943257,0
3679,0,0.014634945,0,0.0143253105,0.001168251,0.007854878,0.014634945,0.0028673338,0.007870848,0.010556913,0.664997,0
3680,0,0.015488927,0,0.013005874,0.0012779236,0.0074558756,0.015488927,0.0039402717,0.008155655,0.012798046,0.23669845,0
3681,0,0.014011159,0,0.014011159,0.00076293945,0.009089886,0.011201942,0.0021458757,0.0065180166,0.005101525,0.21385828,0
3682,0,0.027442247,0,0.027442247,0.0023651123,0.010856897,0.02249157,0.009175468,0.008129764,0.032555398,0.5194775,0
3683,0,0.015386449,0,0.01426248,0.0012969971,0.007778878,0.015386449,0.0038107792,0.007857903,0.01209032,0.26049533,0
3684,0,0.015204934,0,0.015204934,0.00061035156,0.0088618845,0.010996987,0.0017573982,0.0063950317,0.0042168675,0.15698633,0
3685,0,0.011686437,0,0.011686437,0.0004863739,0.0077408776,0.009767254,0.0010960615,0.0063432488,0.0029046256,0.18926056,0
3686,0,0.029799197,0,0.029799197,0.0020980835,0.009640889,0.018392462,0.00621564,0.00951496,0.018047014,0.28178766,0
3687,0,0.010740792,0,0.0077281278,0.00064849854,0.0067433715,0.010740792,0.0023863618,0.0067445673,0.0048656166,0.27807644,0
3688,0,0.023553278,0,0.023553278,0.0014972687,0.008405882,0.015625564,0.004846719,0.008945347,0.010438959,0.26872748,0
3689,0,0.02402467,0,0.02402467,0.0014019012,0.011312899,0.015898837,0.0038477771,0.0067834044,0.012444182,0.32716793,0
3690,0,0.019854378,0,0.019854378,0.0012779236,0.009640889,0.015728042,0.005919657,0.007819066,0.010497936,0.16649666,0
3691,0,0.01426248,0,0.01426248,0.0006389618,0.008272881,0.009920971,0.0020996283,0.0072106146,0.0037745389,0.1982208,0
3692,0,0.02449606,0,0.02449606,0.001411438,0.009982891,0.01309778,0.003366805,0.008090926,0.007313169,0.28067237,0
3693,0,0.025910228,0,0.025910228,0.0016498566,0.010362893,0.016616182,0.0028673338,0.008492245,0.013446795,0.29158193,0
3694,0,0.0201057,0,0.0201057,0.00166893,0.008633883,0.016957775,0.0050687063,0.00899713,0.0150981555,0.37585816,0
3695,0,0.013131535,0,0.013131535,0.0010108948,0.0077408776,0.012892825,0.0074365693,0.007314181,0.0074311234,0.25740036,0
3696,0,0.012926984,0,0.011686437,0.0009822845,0.007170874,0.012926984,0.0024603575,0.0070164283,0.008020895,0.24729456,0
3697,0,0.022256956,0,0.022256956,0.0018596649,0.008747884,0.019485557,0.0062526376,0.010110466,0.019462466,0.51773024,0
3698,0,0.009365883,0,0.003345714,0.0003015995,0.0056176144,0.009365883,0.0010775626,0.0055988673,0.0036418403,0.36773637,0
3699,0,0.012566062,0,0.012566062,0.0006914139,0.00810188,0.012073003,0.003089321,0.0070552654,0.007961918,0.18421982,0
3700,0,0.026970858,0,0.026970858,0.0018882751,0.009678889,0.020920247,0.0047727237,0.009359611,0.022765188,0.16021505,0
3701,0,0.030388435,0,0.030388435,0.0015735626,0.010590895,0.018734055,0.004069764,0.008531082,0.013623727,0.50565827,0
3702,0,0.01438814,0,0.01438814,0.0008773804,0.008044879,0.012414595,0.0031818156,0.0073918556,0.007961918,0.21117282,0
3703,0,0.021667719,0,0.021667719,0.0018501282,0.009450888,0.01805087,0.005771666,0.008893564,0.019108603,0.64399016,0
3704,0,0.032391842,0,0.032391842,0.0020122528,0.010438894,0.01887069,0.01274247,0.00899713,0.014980201,0.2366936,0
3705,0,0.010177165,0,0.0079480335,0.00057935715,0.006325369,0.010177165,0.001415168,0.006440342,0.0054848767,0.20758231,0
3706,0,0.009920971,0,0.009047564,0.00046491623,0.006961873,0.009920971,0.0015354111,0.0062137907,0.0050130594,0.19287345,0
3707,0,0.014122557,0,0.013005874,0.0011873245,0.0077408776,0.014122557,0.0026453468,0.007417747,0.010674868,0.17763959,0
3708,0,0.022139108,0,0.022139108,0.0014305115,0.009374888,0.016411226,0.011247349,0.008375733,0.014272475,0.18050672,0
3709,0,0.026970858,0,0.026970858,0.0012207031,0.009279887,0.015215653,0.0029968263,0.010058682,0.010615891,0.21302968,0
3710,0,0.029917045,0,0.029917045,0.0019931793,0.011882903,0.018802373,0.0034962974,0.008634649,0.016159745,0.259955,0
3711,0,0.017231047,0,0.015644746,0.0015163422,0.00813988,0.017231047,0.0037552824,0.008738215,0.013446795,0.2624973,0
3712,0,0.027677942,0,0.027677942,0.0018310547,0.00979289,0.019963788,0.0058456613,0.010291707,0.01875474,0.26735595,0
3713,0,0.025203144,0,0.025203144,0.001821518,0.012794908,0.020783609,0.006030651,0.006058442,0.014980201,0.3343106,0
3714,0,0.020607091,0,0.020607091,0.0009202957,0.010134893,0.013131939,0.004125261,0.007365964,0.008905552,0.31681705,0
3715,0,0.015581916,0,0.015581916,0.0009202957,0.009203887,0.014771583,0.0029968263,0.007068211,0.008020895,0.17554158,0
3716,0,0.014395831,0,0.011120965,0.001077652,0.0069333725,0.014395831,0.0029598286,0.00746953,0.012208274,0.29636353,0
3717,0,0.018849092,0,0.018849092,0.0012683868,0.008690883,0.015181494,0.0028673338,0.008065036,0.009318393,0.18579888,0
3718,0,0.015770407,0,0.015770407,0.0010108948,0.008443882,0.014805742,0.0030153254,0.008052089,0.012326228,0.21538942,0
3719,0,0.027677942,0,0.027677942,0.0018501282,0.0105148945,0.01893901,0.011469335,0.008945347,0.018400878,0.47758558,0
3720,0,0.010809111,0,0.0070369947,0.0005507469,0.0064298697,0.010809111,0.001572409,0.006440342,0.005809251,0.20698485,0
3721,0,0.027677942,0,0.027677942,0.0016307831,0.011730902,0.021125201,0.0037922803,0.008000307,0.01480327,0.22740576,0
3722,0,0.012995303,0,0.010806813,0.0009202957,0.0070948736,0.012995303,0.0030338243,0.00713294,0.00979021,0.3091341,0
3723,0,0.031449065,0,0.031449065,0.0012588501,0.011768902,0.01627459,0.010433395,0.00823333,0.013505772,0.23589584,0
3724,0,0.009647697,0,0.0074453913,0.00042676926,0.00654387,0.009647697,0.0013504218,0.006039023,0.0035976074,0.31617042,0
3725,0,0.04067813,0,0.04067813,0.0018787384,0.012794908,0.021876704,0.0071035884,0.009747985,0.0150981555,0.18712045,0
3726,0,0.01859777,0,0.01859777,0.0015449524,0.008044879,0.013951761,0.0042917514,0.008738215,0.011264639,0.29648912,0
3727,0,0.014884921,0,0.014136819,0.0012588501,0.014884921,0.013849284,0.0064006294,0.0068999166,0.0068118633,0.26743844,0
3728,0,0.37751234,0,0.37751234,0.008926392,0.36798462,0.11354194,0.008768492,0.008336896,0.011264639,0.22660902,0
3729,0,0.08320791,0,0.08320791,0.003566742,0.030485468,0.03840541,0.011765319,0.011249693,0.02418064,0.29917333,0
3730,0,0.023317585,0,0.023317585,0.0016975403,0.009165886,0.017914234,0.004846719,0.008945347,0.015923835,0.5104001,0
3731,0,0.03734144,0,0.03734144,0.0029182434,0.011844902,0.025087673,0.0068446035,0.012492486,0.02854495,0.48877028,0
3732,0,0.19409354,0,0.19409354,0.012283325,0.07365121,0.110447146,0.1007269,0.009023022,0.045039777,0.43039736,0
3733,0,0.01426248,0,0.01426248,0.0009584427,0.007949878,0.0138151245,0.0037552824,0.0071588317,0.0094363475,0.1581539,0
3734,0,0.016103793,0,0.015267765,0.0012779236,0.008329881,0.016103793,0.0049577127,0.008789998,0.013446795,0.22759697,0
3735,0,0.024142517,0,0.024142517,0.00166893,0.0114649,0.018255826,0.0055866763,0.008919456,0.01710338,0.19240755,0
3736,0,0.38811707,1,0.38811707,0.023076924,0.062150877,0.29053202,0.019475231,0.029933142,0.46473637,0.91981745,0
3737,0,0.09112182,0,0.09112182,0.0021743774,0.02425329,0.015728042,0.009915425,0.009074804,0.007224703,0.32126364,0
3738,0,0.02449606,0,0.02449606,0.0027656555,0.013212911,0.019075647,0.0035702933,0.0066215824,0.014449406,0.3174996,0
3739,0,0.026735162,0,0.026735162,0.0021076202,0.010172892,0.020920247,0.008583503,0.010110466,0.020288147,0.30236962,0
3740,0,0.04711028,0,0.04711028,0.0025177002,0.012110904,0.02795705,0.004162259,0.012751401,0.02146769,0.34934655,0
3741,0,0.026499467,0,0.026499467,0.0010347366,0.012642908,0.014805742,0.0035147965,0.007909686,0.010792822,0.26412734,0
3742,0,0.01633588,0,0.01633588,0.0012874603,0.007322875,0.014874061,0.004439743,0.009048914,0.012149297,0.18903913,0
3743,0,0.03192045,0,0.03192045,0.0018024445,0.012262905,0.017982552,0.003644289,0.008531082,0.0150981555,0.2194821,0
3744,0,0.03781283,0,0.03781283,0.0015354156,0.018452216,0.012277958,0.0044767405,0.009644418,0.006104137,0.3394498,0
3745,0,0.013320025,0,0.013320025,0.0006723404,0.007664877,0.012004685,0.0035147965,0.0064079775,0.005101525,0.18233487,0
3746,0,0.013951761,0,0.009487377,0.0009918213,0.006885872,0.013951761,0.0021366263,0.0069387536,0.008669644,0.2504654,0
3747,0,0.061444655,0,0.061444655,0.0030517578,0.022770792,0.031641733,0.008324518,0.009126588,0.02394473,0.19860183,0
3748,0,0.01354185,0,0.010555492,0.0009727478,0.0075128763,0.01354185,0.0027748393,0.0069905366,0.0080798725,0.3319965,0
3749,0,0.044636376,0,0.044636376,0.0016212463,0.014884921,0.018665737,0.006289636,0.009747985,0.010910776,0.21396132,0
3750,0,0.011133623,0,0.008670582,0.000705719,0.006030867,0.011133623,0.0006335883,0.007029374,0.005809251,0.3159516,0
3751,0,0.04711028,0,0.04711028,0.0023555756,0.017088935,0.027137227,0.012441003,0.010602405,0.022529278,0.20560718,0
3752,0,0.020607091,0,0.020607091,0.0020122528,0.010172892,0.01893901,0.0054756827,0.008738215,0.018047014,0.20390218,0
3753,0,0.025203144,0,0.025203144,0.0015258789,0.010248893,0.019143965,0.014350293,0.00780612,0.013092931,0.17060407,0
3754,0,0.03734144,0,0.03734144,0.0017929077,0.01648093,0.021740068,0.011173353,0.0100069,0.016395653,0.41657636,0
3755,0,0.032156147,0,0.032156147,0.0018787384,0.011768902,0.018597418,0.0057346676,0.008634649,0.016277699,0.27038535,0
3756,0,0.015386449,0,0.01438814,0.0012397766,0.007607877,0.015386449,0.0037552824,0.008323951,0.013269863,0.20504144,0
3757,0,0.071337044,0,0.071337044,0.0031280518,0.02212623,0.018802373,0.004587734,0.011638066,0.015923835,0.26181993,0
3758,1,0.2553839,0,0.2553839,0.006904602,0.019934712,0.1612468,0.010803374,0.008077981,0.3935998,0.91981745,1
3759,0,0.021667719,0,0.021667719,0.0009441376,0.0096028885,0.012038844,0.0029968263,0.007081157,0.007726009,0.35769367,0
3760,0,0.015557245,0,0.014011159,0.0013542175,0.0075698765,0.015557245,0.003921773,0.008492245,0.012916001,0.36194533,0
3761,0,0.06579731,0,0.06579731,0.002374649,0.019483518,0.021603432,0.0045322375,0.009023022,0.023826776,0.40016398,0
3762,0,0.11739369,0,0.11739369,0.0025939941,0.033019636,0.019622196,0.072601855,0.0070552654,0.021939507,0.6717911,0
3763,0,0.0108774295,0,0.00823077,0.0006914139,0.00650587,0.0108774295,0.0024603575,0.006485652,0.005189991,0.22846675,0
3764,0,0.026028076,0,0.026028076,0.0013828278,0.010400894,0.020646973,0.00362579,0.008039144,0.015569973,0.27617875,0
3765,0,0.07291982,0,0.07291982,0.0018882751,0.030375287,0.017162729,0.003607291,0.007081157,0.014272475,0.276545,0
3766,0,0.013268576,0,0.013068704,0.0010681152,0.007493876,0.013268576,0.0024233595,0.0077672824,0.0076080547,0.3734578,0
3767,0,0.008272788,0,0.0010681152,9.953976e-05,0.0049858605,0.008272788,0.00020001967,0.0052837185,0.0018577809,0.26050383,0
3768,0,0.1373533,0,0.1373533,0.0042915344,0.032689095,0.06395709,0.017264472,0.008492245,0.010026119,0.1704278,0
3769,0,0.026499467,0,0.026499467,0.0021076202,0.00979289,0.021330157,0.006881601,0.009877442,0.024416547,0.49079585,0
3770,0,0.018974753,0,0.018974753,0.0011491776,0.008785884,0.014327513,0.0027008436,0.007365964,0.009200439,0.16123183,0
3771,0,0.011628932,0,0.011058134,0.0009059906,0.006657871,0.011628932,0.002293867,0.0072235605,0.0077849864,0.20727092,0
3772,0,0.013005874,0,0.013005874,0.00089645386,0.0076268767,0.012448754,0.0029968263,0.0074306927,0.0069887945,0.38462415,0
3773,0,0.01402008,0,0.0137598375,0.0011730194,0.007132874,0.01402008,0.0030338243,0.007314181,0.013210886,0.2924972,0
3774,0,0.016411226,0,0.010304171,0.00088214874,0.00813988,0.016411226,0.001812895,0.0058869105,0.013564749,0.5591188,0
3775,0,0.012961143,0,0.010681152,0.0009059906,0.007009373,0.012961143,0.002552852,0.007197669,0.008138849,0.21033299,0
3776,0,0.015833238,0,0.015833238,0.0011396408,0.00819688,0.015523086,0.0043102503,0.008168601,0.01102873,0.38124746,0
3777,0,0.02968135,0,0.02968135,0.0022506714,0.0092228865,0.020100424,0.0059936526,0.010447056,0.022765188,0.28279224,0
3778,0,0.021314176,0,0.021314176,0.0012111664,0.008424882,0.015147334,0.013546381,0.0074436385,0.009200439,0.17882475,0
3779,0,0.023199737,0,0.023199737,0.0017547607,0.011540901,0.020783609,0.0073625734,0.00899713,0.021231782,0.3214667,0
3780,0,0.023906821,0,0.023906821,0.0012111664,0.011236899,0.016035475,0.0042917514,0.007547205,0.013269863,0.24471025,0
3781,0,0.021196328,0,0.021196328,0.0007677078,0.010628895,0.010723713,0.002034882,0.0069646453,0.004688685,0.19685306,0
3782,0,0.018095128,0,0.018095128,0.0013256073,0.00815888,0.013268576,0.0031263188,0.008466354,0.01102873,0.13434692,0
3783,0,0.017592486,0,0.017592486,0.0010871887,0.00819688,0.014464149,0.0026823445,0.007081157,0.011441571,0.36047572,0
3784,0,0.029327808,0,0.029327808,0.0017261505,0.0107048955,0.017094411,0.004643231,0.008375733,0.014272475,0.36701867,0
3785,0,0.22311419,0,0.22311419,0.019095084,0.07365121,0.15459715,0.060220852,0.042662576,0.1469811,0.57246983,0
3786,0,0.13908891,1,0.13908891,0.0049591064,0.026702631,0.033645786,0.008028535,0.025961896,0.13809544,0.5836477,0
3787,0,0.021785567,0,0.021785567,0.001335144,0.010096892,0.017299367,0.003144818,0.007689608,0.011618502,0.17187327,0
3788,0,0.01859777,0,0.01859777,0.0008535385,0.011578901,0.013268576,0.0029968263,0.0065244893,0.006310557,0.35456648,0
3789,0,0.01822079,0,0.01822079,0.0006341934,0.010438894,0.010074687,0.0026638457,0.0064079775,0.004334822,0.43424705,0
3790,0,0.02035702,0,0.02035702,0.0010299683,0.0107048955,0.013234417,0.00449524,0.006686311,0.007372146,0.19117707,0
3791,0,0.02449606,0,0.02449606,0.0014400482,0.012642908,0.019212283,0.005919657,0.0072365063,0.010497936,0.34966576,0
3792,0,0.01822079,0,0.01822079,0.00096797943,0.0096028885,0.014874061,0.0041067624,0.008272167,0.010910776,0.28203645,0
3793,0,0.11078331,1,0.11078331,0.0028419495,0.026702631,0.018187506,0.04538634,0.007935578,0.0064580003,0.2396145,0
3794,0,0.06104896,0,0.06104896,0.0015258789,0.023028618,0.015830519,0.0053276913,0.007301235,0.011205662,0.34194815,0
3795,0,0.008708318,0,0.0016178804,0.00014305115,0.005201987,0.008708318,0.00027632774,0.0053755525,0.0030373242,0.3379784,0
3796,0,0.028856417,0,0.028856417,0.0016021729,0.011730902,0.020168742,0.004402745,0.007689608,0.013092931,0.21375002,0
3797,0,0.012440401,0,0.012440401,0.00084400177,0.007303875,0.010809111,0.0033298072,0.0075083673,0.0041284016,0.2560079,0
3798,0,0.03309893,0,0.03309893,0.0018596649,0.0107048955,0.01893901,0.0070665907,0.008103873,0.024298593,0.2777628,0
3799,0,0.077668175,0,0.077668175,0.0031661987,0.023995465,0.029460056,0.0058826595,0.00948907,0.02146769,0.23469247,0
3800,0,0.03109552,0,0.03109552,0.002231598,0.009868891,0.019758832,0.0048837173,0.00866054,0.01958042,0.4374082,0
3801,0,0.031449065,0,0.031449065,0.0015258789,0.015568925,0.019007329,0.0047172266,0.00780612,0.009967142,0.2243674,0
3802,0,0.021903414,0,0.021903414,0.0022220612,0.008538882,0.019963788,0.004846719,0.010731863,0.022529278,0.4190702,0
3803,0,0.06065326,0,0.06065326,0.001168251,0.024897853,0.012141321,0.002293867,0.0062914654,0.006104137,0.30644342,0
3804,0,0.011646013,0,0.01017851,0.0007247925,0.0067528714,0.011646013,0.0020996283,0.006822242,0.0060156714,0.16378154,0
3805,0,0.01834645,0,0.01834645,0.0012397766,0.00810188,0.013849284,0.0037737815,0.0074048014,0.008256803,0.3101785,0
3806,0,0.11078331,0,0.11078331,0.0030517578,0.03235855,0.026044132,0.024801146,0.0074824756,0.0080798725,0.20374078,0
3807,0,0.016137952,0,0.01426248,0.001411438,0.0075698765,0.016137952,0.0048097214,0.008453408,0.015216109,0.29847506,0
3808,0,0.031684756,0,0.031684756,0.0009775162,0.013174911,0.012107162,0.009471451,0.008181547,0.0054848767,0.2953471,0
3809,0,0.045378547,0,0.045378547,0.0029182434,0.009678889,0.022354934,0.0043102503,0.012233571,0.021939507,0.3379478,0
3810,0,0.022256956,0,0.022256956,0.0015926361,0.009241886,0.017504321,0.013847848,0.009100696,0.016395653,0.3939934,0
3811,0,0.031213367,0,0.031213367,0.0015735626,0.011084898,0.016172111,0.003385304,0.00933372,0.008433735,0.2694184,0
3812,0,0.019854378,0,0.019854378,0.0010824203,0.008956885,0.015488927,0.0043102503,0.0068999166,0.0108517995,0.19035354,0
3813,0,0.029563503,0,0.029563503,0.0010681152,0.011692902,0.011970525,0.011765319,0.007365964,0.0058387397,0.26432288,0
3814,0,0.017341165,0,0.017341165,0.0011920929,0.008633883,0.01442999,0.004587734,0.0071717775,0.010969753,0.21260908,0
3815,0,0.040430736,0,0.040430736,0.0023174286,0.01309891,0.026180768,0.00984143,0.00951496,0.033499032,0.25259706,0
3816,0,0.010962827,0,0.0070684096,0.00062942505,0.006192368,0.010962827,0.001655654,0.0066927844,0.0048656166,0.22766425,0
3817,0,0.06500591,0,0.06500591,0.0025177002,0.020063626,0.025360947,0.01139534,0.00948907,0.015216109,0.16557786,0
3818,0,0.011646013,0,0.011309455,0.0007915497,0.008538882,0.011646013,0.0019238886,0.006440342,0.005455388,0.66966426,0
3819,0,0.050573748,0,0.050573748,0.002937317,0.015568925,0.031391226,0.0057346676,0.010938995,0.030668128,0.43163395,0
3820,0,0.09872158,0,0.09872158,0.0032806396,0.019870255,0.034397304,0.0071035884,0.009851551,0.017575197,0.25223735,0
3821,0,0.04166769,0,0.04166769,0.0019550323,0.01632893,0.020168742,0.006881601,0.0100069,0.012562137,0.4222849,0
3822,0,0.014702292,0,0.014702292,0.0010585785,0.00810188,0.014634945,0.0032743104,0.007741391,0.009908165,0.27442718,0
3823,0,0.06381883,0,0.06381883,0.005607605,0.011654901,0.023516348,0.0073995716,0.032695748,0.0136827035,0.24002656,0
3824,0,0.3389984,1,0.3389984,0.02167734,0.11797678,0.29209393,0.03894114,0.063352615,0.3271867,0.3387872,0
3825,0,0.016587202,0,0.016587202,0.0008583069,0.008652883,0.0128245065,0.007806548,0.006874025,0.0080798725,0.24811792,0
3826,0,0.06184035,0,0.06184035,0.0031280518,0.019032324,0.04892669,0.006178642,0.010887212,0.027955178,0.2612378,0
3827,0,0.039226998,0,0.039226998,0.0024318695,0.011578901,0.025360947,0.005438685,0.0074565844,0.047336526,0.24493979,0
3828,0,0.07291982,0,0.07291982,0.0031661987,0.03136692,0.038655918,0.008213525,0.0079873605,0.020995872,0.2724228,0
3829,1,0.15158679,1,0.15158679,0.005378723,0.0350029,0.062454045,0.011099357,0.009903334,0.24668139,0.3330789,1
3830,0,0.029563503,0,0.029563503,0.0009393692,0.01306091,0.011936366,0.0034962974,0.006861079,0.0050130594,0.20220546,0
3831,0,0.018095128,0,0.018095128,0.0012302399,0.008652883,0.014122557,0.0043657473,0.00789674,0.009672256,0.1798687,0
3832,1,0.4269174,0,0.4269174,0.016125489,0.40243408,0.10054382,0.021585498,0.03718498,0.015452018,0.15258197,0
3833,0,0.01847211,0,0.01847211,0.000910759,0.008443882,0.010962827,0.002192123,0.0069905366,0.010321004,0.25733167,0
3834,0,0.040430736,0,0.040430736,0.0014209747,0.018001022,0.016821137,0.0039772694,0.008738215,0.011087708,0.3574025,0
3835,0,0.014513801,0,0.014513801,0.00091552734,0.00815888,0.01265371,0.0032743104,0.0076119336,0.008197826,0.32992622,0
3836,0,0.040430736,0,0.040430736,0.0019073486,0.014732921,0.021056883,0.01087737,0.008246276,0.023001095,0.3890859,0
3837,0,0.02449606,0,0.02449606,0.0016117096,0.0092228865,0.016889455,0.0032188136,0.008789998,0.01250316,0.32154045,0
3838,0,0.11119666,0,0.11119666,0.0030899048,0.028942931,0.066963166,0.005771666,0.010550622,0.013446795,0.244635,0
3839,0,0.035220183,0,0.035220183,0.0019550323,0.010552894,0.019280603,0.00449524,0.010835429,0.017811105,0.40298167,0
3840,0,0.022256956,0,0.022256956,0.0014209747,0.009127886,0.017026093,0.0037367835,0.008026198,0.012916001,0.23374741,0
3841,0,0.07845957,0,0.07845957,0.00166893,0.032248367,0.013200258,0.0027193425,0.0069646453,0.0040694247,0.38592616,0
3842,0,0.025085296,0,0.025085296,0.0014400482,0.010134893,0.017162729,0.0037367835,0.008531082,0.013859635,0.18673438,0
3843,0,0.09655223,0,0.09655223,0.0045394897,0.014808921,0.054938845,0.007473567,0.013010317,0.14317296,0.28419593,0
3844,0,0.022374803,0,0.022374803,0.0016880035,0.0092228865,0.018802373,0.0048837173,0.008531082,0.013859635,0.28957912,0
3845,0,0.104361884,0,0.104361884,0.003452301,0.02193286,0.04867618,0.0059936526,0.011741633,0.03903289,0.23944043,0
3846,0,0.039462693,0,0.039462693,0.0029945374,0.010932897,0.027000591,0.006955597,0.012492486,0.043273047,0.36418095,0
3847,0,0.050326355,0,0.050326355,0.0018596649,0.016100928,0.024131214,0.006992595,0.008427517,0.013918612,0.23343316,0
3848,0,0.03015274,0,0.03015274,0.001206398,0.011958904,0.014156717,0.00414376,0.007598988,0.0067233974,0.17290762,0
3849,0,0.025203144,0,0.025203144,0.0018310547,0.0096028885,0.019895468,0.005919657,0.009256045,0.014331453,0.2268155,0
3850,0,0.014942379,0,0.0126288915,0.0011587143,0.0072088744,0.014942379,0.0035332954,0.007948523,0.012680092,0.36801612,0
3851,0,0.025203144,0,0.025203144,0.00081062317,0.011198899,0.011765569,0.0051427023,0.006835188,0.00604516,0.21392986,0
3852,0,0.008315487,0,0.0022147684,0.000103116035,0.0053373626,0.008315487,0.0001977073,0.0053286245,0.0020789453,0.3587926,0
3853,1,0.36095104,1,0.36095104,0.023552058,0.26957804,0.2600683,0.21668483,0.03373172,0.20212553,0.50665635,1
3854,0,0.08083374,0,0.08083374,0.00289917,0.020579277,0.02836696,0.005401687,0.00948907,0.040446278,0.19984517,0
3855,0,0.03875561,0,0.03875561,0.0016117096,0.012338906,0.018255826,0.009434453,0.010757755,0.011854411,0.21803918,0
3856,0,0.012175481,0,0.012000589,0.0007390976,0.008006879,0.012175481,0.0016094068,0.0063108844,0.007902941,0.35510653,0
3857,0,0.017215505,0,0.017215505,0.0011396408,0.0070568733,0.013131939,0.003348306,0.008052089,0.006310557,0.16419442,0
3858,0,0.012880214,0,0.012880214,0.0009202957,0.0074558756,0.012687869,0.0030708222,0.006815769,0.0066349315,0.33641493,0
3859,0,0.050821137,0,0.050821137,0.0014209747,0.012870909,0.0147374235,0.0376521,0.006874025,0.0075490777,0.165941,0
3860,0,0.023199737,0,0.023199737,0.0018310547,0.009431887,0.017777596,0.0039402717,0.009023022,0.01710338,0.2629453,0
3861,0,0.045625936,0,0.045625936,0.0015163422,0.014884921,0.020646973,0.009619443,0.007353018,0.038217206,0.5206996,0
3862,0,0.041172907,0,0.041172907,0.0019073486,0.013820915,0.020168742,0.022992345,0.0071588317,0.010438959,0.20014594,0
3863,0,0.048175167,0,0.036162965,0.004558563,0.026444806,0.048175167,0.018168874,0.008789998,0.043803066,0.27869815,0
3864,0,0.011031146,0,0.009424546,0.00059843063,0.007303875,0.011031146,0.0024418586,0.006259101,0.006340046,0.18926679,0
3865,0,0.33338684,0,0.33338684,0.02296847,0.06494803,0.25549942,0.01465176,0.021990653,0.3743851,0.5385211,0
3866,0,0.023906821,0,0.023906821,0.0015449524,0.010742896,0.018324144,0.004402745,0.00814271,0.016513607,0.25695565,0
3867,0,0.027206551,0,0.027206551,0.0022697449,0.0096028885,0.02167175,0.0071035884,0.010291707,0.022529278,0.29062143,0
3868,0,0.02638162,0,0.02638162,0.0019454956,0.008728883,0.018255826,0.0047727237,0.011974656,0.01604179,0.30507994,0
3869,0,0.017592486,0,0.017592486,0.0012969971,0.0086718835,0.016411226,0.005253696,0.008000307,0.013269863,0.1785594,0
3870,0,0.01859777,0,0.01859777,0.0015544891,0.008633883,0.017572641,0.0044582416,0.008841781,0.016159745,0.4007582,0
3871,0,0.05255287,0,0.05255287,0.0022792816,0.01819439,0.021808386,0.008546505,0.008556974,0.022647234,0.54055715,0
3872,0,0.034513097,0,0.034513097,0.0014019012,0.013212911,0.016069634,0.008546505,0.008556974,0.015687928,0.40716958,0
3873,0,0.014827953,0,0.014827953,0.00084877014,0.009089886,0.012722028,0.0036812867,0.0065244893,0.0077849864,0.3422333,0
3874,0,0.06263174,0,0.06263174,0.0027656555,0.02193286,0.038655918,0.014953227,0.009074804,0.02500632,0.37368107,0
3875,0,0.014566627,0,0.0137598375,0.0012302399,0.007721877,0.014566627,0.0034038029,0.0076119336,0.010733845,0.28667647,0
3876,0,0.027560094,0,0.027560094,0.0012874603,0.010894896,0.015010698,0.0045507364,0.008893564,0.010321004,0.34123316,0
3877,0,0.023788974,0,0.023788974,0.0010871887,0.010628895,0.016752819,0.004846719,0.008323951,0.00979021,0.19376664,0
3878,0,0.024378212,0,0.024378212,0.0010585785,0.014314918,0.014088398,0.0029968263,0.007094103,0.005956694,0.36187735,0
3879,0,0.03192045,0,0.03192045,0.0023174286,0.011236899,0.02126184,0.0065486208,0.010576514,0.019108603,0.3228808,0
3880,0,0.09112182,0,0.09112182,0.004711151,0.020901557,0.038906425,0.008694496,0.019918699,0.034914486,0.45020524,0
3881,0,0.024378212,0,0.024378212,0.0016307831,0.009317887,0.020100424,0.007029593,0.008349842,0.016513607,0.20623139,0
3882,0,0.06184035,0,0.06184035,0.0030708313,0.018710041,0.030890211,0.005919657,0.007754337,0.04115297,0.42033145,0
3883,0,0.02308189,0,0.02308189,0.0012874603,0.010894896,0.015693882,0.0030523231,0.0072882893,0.009082484,0.24308349,0
3884,0,0.016587202,0,0.016587202,0.0012159348,0.008462882,0.015898837,0.0030523231,0.00756015,0.010969753,0.22102086,0
3885,0,0.03639866,0,0.03639866,0.0015163422,0.016860934,0.014293353,0.01274247,0.0089712385,0.008138849,0.3337991,0
3886,0,0.020607091,0,0.020607091,0.0017738342,0.008462882,0.018255826,0.0046987277,0.009825659,0.018047014,0.2546588,0
3887,0,0.010618322,0,0.010618322,0.00045776367,0.007854878,0.009767254,0.0017204003,0.0060325502,0.0033616987,0.20624256,0
3888,0,0.034041706,0,0.034041706,0.0019836426,0.010780896,0.019485557,0.005660672,0.0089712385,0.015805881,0.36052155,0
3889,0,0.08241652,0,0.08241652,0.0017547607,0.022384055,0.013985921,0.045901958,0.007145886,0.016277699,0.32878432,0
3890,0,0.028856417,0,0.028856417,0.0018024445,0.009393888,0.018597418,0.004088263,0.00866054,0.01604179,0.45617357,0
3891,0,0.015728042,0,0.014702292,0.0015544891,0.0074368757,0.015728042,0.0040327664,0.00866054,0.014567361,0.34709236,0
3892,0,0.012107162,0,0.011749268,0.0008010864,0.007303875,0.012107162,0.0060676485,0.0074824756,0.007401635,0.31144688,0
3893,0,0.012722028,0,0.011372286,0.00088214874,0.0070758737,0.012722028,0.0027563404,0.0072753434,0.008433735,0.2795029,0
3894,0,0.045378547,0,0.045378547,0.002193451,0.018065477,0.019895468,0.0048097214,0.007922632,0.021821553,0.3836311,0
3895,1,0.28312725,1,0.28312725,0.014447021,0.082619295,0.1811049,0.12440576,0.010757755,0.3743851,0.7784964,1
3896,0,0.10522962,0,0.10522962,0.0038146973,0.024768941,0.04291453,0.01139534,0.010913103,0.02854495,0.27391228,0
3897,0,0.010245483,0,0.008482091,0.00054836273,0.0070378734,0.010245483,0.0015169121,0.006382086,0.004452776,0.3817182,0
3898,0,0.077668175,0,0.077668175,0.0023651123,0.029273475,0.017572641,0.005956655,0.0076637166,0.0101440735,0.3349514,0
3899,0,0.03639866,0,0.03639866,0.0019550323,0.013326911,0.019280603,0.0034777985,0.00951496,0.015334064,0.40144768,0
3900,0,0.016964182,0,0.016964182,0.00061511993,0.0086718835,0.011594773,0.0032558115,0.006589218,0.005455388,0.26052913,0
3901,0,0.07450261,0,0.07450261,0.0032234192,0.018967867,0.02973333,0.0052906936,0.010162249,0.02229337,0.17159028,0
3902,0,0.011936366,0,0.009298885,0.0007581711,0.006838372,0.011936366,0.0026638457,0.0069516995,0.0073426575,0.17723383,0
3903,0,0.022610499,0,0.022610499,0.0009584427,0.008728883,0.012380436,0.004587734,0.0071199946,0.008020895,0.20864479,0
3904,0,0.027206551,0,0.027206551,0.0015163422,0.010058892,0.017709278,0.00362579,0.008789998,0.016513607,0.50209415,0
3905,0,0.3389984,0,0.3389984,0.023076924,0.060752302,0.22889622,0.011987305,0.10389658,0.3743851,0.4071661,0
3906,0,0.036634352,0,0.036634352,0.0018024445,0.013744914,0.02522431,0.0068076057,0.0074954215,0.01374168,0.28136435,0
3907,0,0.17545098,0,0.17545098,0.006980896,0.02618698,0.13256322,0.015053716,0.046541955,0.19816731,0.60899764,0
3908,0,0.01633588,0,0.01633588,0.0007247925,0.008424882,0.012346277,0.0030153254,0.007417747,0.0071657263,0.33974558,0
3909,0,0.039226998,0,0.039226998,0.0011253357,0.012604907,0.015728042,0.0053276913,0.008375733,0.0094363475,0.18669139,0
3910,0,0.017341165,0,0.017341165,0.0012016296,0.008348881,0.014395831,0.0034038029,0.008026198,0.010085096,0.3185159,0
3911,0,0.025085296,0,0.025085296,0.001411438,0.009393888,0.015113175,0.013043936,0.007922632,0.007843964,0.25827467,0
3912,0,0.011014067,0,0.0039583095,0.00032186508,0.0061543677,0.011014067,0.0006335883,0.0055810665,0.003921982,0.30773336,0
3913,0,0.043646812,0,0.043646812,0.0019836426,0.011920903,0.022013342,0.0074365693,0.008556974,0.042036336,0.24915256,0
3914,0,0.021785567,0,0.021785567,0.0014781952,0.009203887,0.017436003,0.0053276913,0.007857903,0.014862247,0.162565,0
3915,0,0.022139108,0,0.022139108,0.00096797943,0.010058892,0.013371054,0.0030708222,0.0067316215,0.008610667,0.2628484,0
3916,0,0.025674535,0,0.025674535,0.0015544891,0.00983089,0.016001316,0.011099357,0.008065036,0.012149297,0.18133618,0
3917,0,0.07054565,0,0.07054565,0.0030708313,0.027476108,0.039657943,0.008546505,0.009540852,0.020288147,0.33558238,0
3918,0,0.017572641,0,0.015896067,0.0016021729,0.008310881,0.017572641,0.0032188136,0.008155655,0.01374168,0.20933443,0
3919,0,0.016821137,0,0.015833238,0.0013923645,0.008006879,0.016821137,0.0058456613,0.008815889,0.01710338,0.15416183,0
3920,0,0.19986437,0,0.19986437,0.0061416626,0.029273475,0.08549073,0.011839314,0.01101667,0.3716922,0.5234271,0
3921,0,0.08795626,0,0.08795626,0.0041389465,0.022061773,0.028776871,0.01555616,0.007793174,0.01792906,0.17822644,0
3922,0,0.01834645,0,0.01834645,0.0013065338,0.008633883,0.015864678,0.0034223017,0.007948523,0.010085096,0.3184703,0
3923,0,0.09655223,0,0.09655223,0.0038909912,0.020256994,0.027137227,0.006955597,0.0101363575,0.024652457,0.24799822,0
3924,0,0.014765122,0,0.014765122,0.00071048737,0.008614883,0.01127026,0.0052166977,0.006330303,0.0047181738,0.18936025,0
3925,0,0.014839902,0,0.013508516,0.0011968613,0.0076268767,0.014839902,0.003089321,0.0077025536,0.011205662,0.17667043,0
3926,0,0.051068526,0,0.051068526,0.0025749207,0.01313691,0.02522431,0.011099357,0.011819307,0.024416547,0.23843588,0
3927,0,0.023199737,0,0.023199737,0.00079631805,0.012832909,0.013131939,0.0017204003,0.0065827454,0.0049540824,0.49545923,0
3928,0,0.02048268,0,0.02048268,0.00079631805,0.010666896,0.011492296,0.0023216156,0.006420923,0.0049540824,0.24757534,0
3929,0,0.019007329,0,0.018974753,0.0018596649,0.0092228865,0.019007329,0.0051797,0.009256045,0.0150981555,0.3123849,0
3930,0,0.026263772,0,0.026263772,0.0008201599,0.011996903,0.012004685,0.005401687,0.0064985976,0.003980959,0.42844224,0
3931,0,0.015581916,0,0.015581916,0.0010156631,0.007835878,0.013678487,0.0068446035,0.0069387536,0.010321004,0.2501226,0
3932,0,0.09915545,0,0.09915545,0.0023078918,0.03235855,0.017845914,0.004347248,0.0077284453,0.008905552,0.20788373,0
3933,0,0.023671126,0,0.023671126,0.0011634827,0.0114269,0.011902207,0.002885833,0.008103873,0.00666442,0.38146445,0
3934,0,0.024378212,0,0.024378212,0.0018596649,0.011882903,0.019622196,0.0052166977,0.008686432,0.012149297,0.2398192,0
3935,0,0.018974753,0,0.018974753,0.0011444092,0.008595883,0.014669105,0.0034592997,0.008414571,0.011087708,0.17210904,0
3936,0,0.02685301,0,0.02685301,0.0019454956,0.011996903,0.020373698,0.0047172266,0.008401625,0.014272475,0.25856525,0
3937,0,0.037105743,0,0.037105743,0.0015830994,0.0151129225,0.01627459,0.004088263,0.0072753434,0.011205662,0.36132973,0
3938,0,0.030270588,0,0.030270588,0.0017642975,0.011084898,0.021808386,0.0059936526,0.008582866,0.01604179,0.26757047,0
3939,0,0.067380086,0,0.067380086,0.0038337708,0.013744914,0.040158957,0.008361516,0.0130621,0.044509757,0.4408062,0
3940,0,0.067380086,0,0.067380086,0.0021457672,0.015948927,0.026590679,0.0233943,0.011974656,0.04009293,0.29840982,0
3941,0,0.01237757,0,0.01237757,0.00084877014,0.007360875,0.011133623,0.0039957687,0.00704232,0.0056323195,0.25269204,0
3942,0,0.01426248,0,0.01426248,0.0009727478,0.007930879,0.012346277,0.0047727237,0.0069387536,0.0068118633,0.37294304,0
3943,0,0.025203144,0,0.025203144,0.0011634827,0.010020891,0.011184863,0.003903274,0.00823333,0.009731233,0.33963346,0
3944,0,0.034041706,0,0.034041706,0.0014877319,0.013326911,0.020646973,0.005105704,0.009230154,0.012326228,0.29773277,0
3945,0,0.3389984,0,0.3389984,0.020644438,0.062150877,0.1110661,0.10221587,0.44185185,0.04963328,0.6442709,0
3946,0,0.029092113,0,0.029092113,0.0016307831,0.014732921,0.02023706,0.0048097214,0.009385503,0.014213498,0.39154258,0
3947,0,0.014122557,0,0.01237757,0.0010108948,0.0073798755,0.014122557,0.00258985,0.0073789097,0.011500548,0.66176945,0
3948,0,0.11078331,0,0.11078331,0.0050735474,0.034011267,0.09961538,0.031206898,0.008945347,0.0475132,0.18576987,0
3949,0,0.014874061,0,0.01024134,0.0011539459,0.008329881,0.014874061,0.0034777985,0.0074565844,0.0080798725,0.29519415,0
3950,0,0.025792383,0,0.025792383,0.0015926361,0.014390918,0.021056883,0.006437627,0.009747985,0.013623727,0.6084968,0
3951,0,0.058490243,0,0.058490243,0.002298355,0.019934712,0.02167175,0.017163984,0.008077981,0.016749516,0.17339255,0
3952,0,0.025674535,0,0.025674535,0.0012493134,0.01309891,0.017231047,0.0031633168,0.0074954215,0.013564749,0.29024008,0
3953,1,0.28548008,1,0.28548008,0.013866014,0.0836065,0.15985115,0.041003603,0.08703069,0.3935998,0.3347996,2
3954,0,0.26621178,0,0.2540519,0.023076924,0.07903719,0.26621178,0.022590388,0.02492592,0.204415,0.34207597,0
3955,0,0.017215505,0,0.017215505,0.0012874603,0.0086718835,0.015454767,0.004236255,0.007586042,0.010910776,0.16372769,0
3956,0,0.32712606,1,0.32712606,0.016641939,0.15911613,0.21456863,0.021585498,0.010705971,0.3743851,0.6928848,0
3957,0,0.021549871,0,0.021549871,0.0016593933,0.008728883,0.018187506,0.003921773,0.008298059,0.01958042,0.18426056,0
3958,0,0.01859777,0,0.01859777,0.0012874603,0.008576883,0.016001316,0.0048837173,0.0083886795,0.012857023,0.30361325,0
3959,0,0.014976538,0,0.012754552,0.0012159348,0.007645877,0.014976538,0.0045322375,0.008414571,0.012680092,0.25410575,0
3960,0,0.024378212,0,0.024378212,0.0014686584,0.013174911,0.015591404,0.0047727237,0.008375733,0.009141461,0.36638483,0
3961,0,0.025674535,0,0.025674535,0.0013637543,0.011730902,0.018187506,0.004180758,0.007353018,0.009908165,0.23532705,0
3962,0,0.025085296,0,0.025085296,0.0011825562,0.009146886,0.01220964,0.008065533,0.006815769,0.005514365,0.17297322,0
3963,0,0.041915078,0,0.041915078,0.0023269653,0.013782915,0.022833163,0.004994711,0.0084793,0.01958042,0.19991761,0
3964,0,0.03192045,0,0.03192045,0.001206398,0.012110904,0.014395831,0.017264472,0.0075083673,0.018047014,0.29439157,0
3965,0,0.019351736,0,0.019351736,0.0012397766,0.008633883,0.013780965,0.010803374,0.0076507707,0.010556913,0.2019127,0
3966,0,0.21241048,0,0.21241048,0.0062561035,0.061276767,0.046922635,0.12208464,0.05753354,0.054580126,0.53519636,0
3967,0,0.10653123,0,0.10653123,0.0013446808,0.058475737,0.012277958,0.003089321,0.006097279,0.004629708,0.49745357,0
3968,1,0.23415339,1,0.23415339,0.015544481,0.062150877,0.18786818,0.025605056,0.100830056,0.28160158,0.51139444,1
3969,0,0.040183347,0,0.040183347,0.00207901,0.013250912,0.022969801,0.018168874,0.0089712385,0.01686747,0.27397966,0
3970,0,0.013576009,0,0.012503231,0.0009012222,0.0072658747,0.013576009,0.0032928092,0.0067769317,0.007961918,0.19875339,0
3971,0,0.014011159,0,0.014011159,0.0010490417,0.0076268767,0.0137468055,0.0031263188,0.008039144,0.009613278,0.29705665,0
3972,0,0.043646812,0,0.043646812,0.0017261505,0.01313691,0.01535229,0.023193322,0.006550381,0.007902941,0.13572243,0
3973,0,0.07608539,0,0.07608539,0.0014400482,0.029604018,0.015591404,0.008546505,0.007624879,0.0101440735,0.50699264,0
3974,0,0.18554166,0,0.18554166,0.008888245,0.04910661,0.07223598,0.060675595,0.030969119,0.042036336,0.4318418,0
3975,0,0.11357342,0,0.11357342,0.0062561035,0.020901557,0.06044999,0.00828752,0.030623792,0.03956291,0.39440218,0
3976,0,0.012926984,0,0.011309455,0.0008201599,0.0069143726,0.012926984,0.0029413297,0.006925808,0.007843964,0.21850055,0
3977,0,0.30427247,0,0.30427247,0.014382465,0.16551061,0.16915557,0.029917859,0.019918699,0.068883225,0.3306599,0
3978,0,0.010672474,0,0.01024134,0.00054597855,0.0072088744,0.010672474,0.0023678627,0.006356194,0.0050720368,0.22024015,0
3979,0,0.023788974,0,0.023788974,0.0010156631,0.011160898,0.014600786,0.005771666,0.0066215824,0.008197826,0.30619234,0
3980,0,0.020231359,0,0.020231359,0.0015735626,0.008424882,0.017436003,0.003607291,0.008362788,0.017339287,0.48535717,0
3981,0,0.013402912,0,0.013382856,0.0007009506,0.013402912,0.010262563,0.0018591423,0.005369889,0.0041578906,0.21717127,0
3982,0,0.029799197,0,0.029799197,0.0019168854,0.0107048955,0.01805087,0.005364689,0.0089712385,0.01710338,0.27935347,0
3983,0,0.044141594,0,0.044141594,0.0019550323,0.017420914,0.021535112,0.0046987277,0.008686432,0.015216109,0.36467403,0
3984,0,0.021196328,0,0.021196328,0.0017261505,0.009678889,0.016821137,0.0041067624,0.008375733,0.018990649,0.20794997,0
3985,0,0.02048268,0,0.02048268,0.0016498566,0.008975885,0.01893901,0.004402745,0.008841781,0.015923835,0.21150745,0
3986,0,0.14082454,0,0.14082454,0.0030326843,0.03136692,0.038655918,0.0063266335,0.010162249,0.00937737,0.16002373,0
3987,0,0.031449065,0,0.031449065,0.0019836426,0.011844902,0.019963788,0.004125261,0.00866054,0.018518832,0.5336139,0
3988,0,0.021549871,0,0.021549871,0.0012397766,0.009393888,0.016616182,0.0043102503,0.008013252,0.022765188,0.2536014,0
3989,0,0.37751234,1,0.37751234,0.013414118,0.34032786,0.08064143,0.06340405,0.0138755,0.014980201,0.26902607,0
3990,0,0.011120965,0,0.011120965,0.00066280365,0.007968879,0.010279642,0.0016094068,0.0066086366,0.0052784565,0.32243076,0
3991,1,0.46050715,0,0.43965456,0.16960317,0.40243408,0.29984993,0.46050715,0.13245705,0.08852783,0.423817,0
3992,0,0.2854869,1,0.2854869,0.0126394415,0.10440776,0.16869035,0.010507392,0.013631714,0.3408558,0.5532877,0
3993,1,0.681338,1,0.681338,0.16960317,0.35161978,0.473824,0.042292643,0.024753258,0.72641456,0.91981745,1
3994,0,0.021314176,0,0.021314176,0.0016784668,0.009070885,0.017777596,0.0035517942,0.009307829,0.01332884,0.38935545,0
3995,0,0.031684756,0,0.031684756,0.0014305115,0.012604907,0.017982552,0.0037922803,0.00756015,0.013977589,0.22067235,0
3996,0,0.11181668,0,0.11181668,0.003414154,0.030154925,0.047173142,0.0046987277,0.0097738765,0.06270709,0.4016669,0
3997,0,0.03639866,0,0.03639866,0.0022029877,0.0151129225,0.017504321,0.004162259,0.011405042,0.012857023,0.31093594,0
3998,0,0.014839902,0,0.012691722,0.001077652,0.0075508766,0.014839902,0.004347248,0.00789674,0.009967142,0.21200478,0
3999,0,0.021432023,0,0.021432023,0.0010108948,0.012490907,0.013507691,0.0048837173,0.006874025,0.0075490777,0.16522215,0
4000,0,0.2330714,1,0.2330714,0.010299683,0.09563028,0.12286829,0.026810925,0.010705971,0.15713616,0.55287737,0
4001,0,0.04686289,0,0.04686289,0.0022888184,0.012718908,0.023516348,0.0068446035,0.010188141,0.037037663,0.2274945,0
4002,0,0.012380436,0,0.010681152,0.0008869171,0.0073798755,0.012380436,0.0034408006,0.0065180166,0.009672256,0.1954295,0
4003,0,0.012995303,0,0.011372286,0.0009059906,0.007170874,0.012995303,0.0031818156,0.0073789097,0.008315781,0.21227942,0
4004,0,0.01354185,0,0.011623607,0.0010251999,0.0075698765,0.01354185,0.004069764,0.0070164283,0.011205662,0.24214417,0
4005,0,0.017592486,0,0.017592486,0.0008249283,0.009146886,0.010928668,0.0018776412,0.007145886,0.004983571,0.26071024,0
4006,0,0.022139108,0,0.022139108,0.0016212463,0.010286893,0.017436003,0.003921773,0.00866054,0.011618502,0.22733736,0
4007,0,0.018849092,0,0.018849092,0.001039505,0.008652883,0.014669105,0.0045322375,0.00789674,0.011264639,0.22123489,0
4008,0,0.033334624,0,0.033334624,0.0016212463,0.011046898,0.018597418,0.018168874,0.007935578,0.014331453,0.3533009,0
4009,0,0.08320791,1,0.08320791,0.0029182434,0.024382202,0.023311393,0.013948337,0.009359611,0.06235374,0.6244122,0
4010,0,0.26293078,0,0.26293078,0.013285006,0.123407245,0.16031636,0.01766643,0.011430934,0.153328,0.67398757,0
4011,0,0.016712861,0,0.016712861,0.0007247925,0.00821588,0.011116544,0.0014059186,0.0065827454,0.0075195893,0.30245027,0
4012,0,0.102626406,1,0.102626406,0.0049591064,0.019999169,0.056441884,0.014752249,0.011353259,0.108767726,0.71239316,0
4013,0,0.016964182,0,0.016964182,0.0012969971,0.0086718835,0.016616182,0.0050687063,0.008582866,0.014095544,0.27423137,0
4014,0,0.014190876,0,0.010806813,0.0011301041,0.0067908717,0.014190876,0.0029228306,0.007624879,0.0115595255,0.38674316,0
4015,0,0.23271075,0,0.23271075,0.00919342,0.047349896,0.21132572,0.0075105648,0.0074565844,0.30149096,0.6738286,0
4016,0,0.023379711,0,0.021549871,0.002412796,0.010248893,0.023379711,0.0044767405,0.0082074385,0.01958042,0.37504536,0
4017,0,0.010774951,0,0.0079480335,0.00061035156,0.0064203693,0.010774951,0.0027378413,0.0063950317,0.005189991,0.30762574,0
4018,0,0.010228404,0,0.008984734,0.00054836273,0.007170874,0.010228404,0.0015354111,0.0063950317,0.0036418403,0.2889303,0
4019,0,0.023199737,0,0.023199737,0.0007581711,0.012604907,0.011236101,0.006289636,0.006155535,0.003730306,0.36850253,0
4020,0,0.024260364,0,0.024260364,0.0015449524,0.010362893,0.019007329,0.005253696,0.008582866,0.013918612,0.33761215,0
4021,0,0.015016444,0,0.015016444,0.0010204315,0.0075888764,0.013712646,0.0035517942,0.0074565844,0.010733845,0.3302491,0
4022,0,0.034277402,0,0.034277402,0.0016498566,0.012832909,0.016479544,0.0047357255,0.010162249,0.012385205,0.3286812,0
4023,0,0.03734144,0,0.03734144,0.0016880035,0.010666896,0.017914234,0.009064475,0.010162249,0.044509757,0.5053756,0
4024,0,0.015181494,0,0.013948329,0.0012207031,0.0075128763,0.015181494,0.00414376,0.008181547,0.012739069,0.24242897,0
4025,0,0.09394901,0,0.09394901,0.0044822693,0.010970897,0.025634222,0.007917541,0.051391184,0.010438959,0.2040722,0
4026,0,0.022846194,0,0.022846194,0.0018692017,0.008006879,0.016616182,0.0037737815,0.009825659,0.02229337,0.46150488,0
4027,0,0.01218908,0,0.01218908,0.00072956085,0.0077028773,0.011765569,0.001692652,0.0066086366,0.0055733426,0.16750178,0
4028,0,0.05725329,0,0.05725329,0.0018692017,0.0154929245,0.015728042,0.051808115,0.0068869707,0.009613278,0.21491812,0
4029,0,0.09568449,0,0.09568449,0.0031852722,0.022577424,0.027273865,0.013948337,0.007573096,0.028662905,0.16361356,0
4030,0,0.026263772,0,0.026263772,0.0022220612,0.011692902,0.020510335,0.0042177555,0.009307829,0.01686747,0.24719985,0
4031,0,0.014827953,0,0.014827953,0.0012874603,0.0074178753,0.014395831,0.0038477771,0.008505191,0.012444182,0.32012632,0
4032,0,0.01847211,0,0.01847211,0.0015640259,0.008595883,0.017914234,0.004994711,0.0091524795,0.01686747,0.32465538,0
4033,0,0.31547862,0,0.31547862,0.023076924,0.2735258,0.2124067,0.12208464,0.015256803,0.22163464,0.50296104,0
4034,1,0.39021665,1,0.39021665,0.021548226,0.07840354,0.26631543,0.1769227,0.020264024,0.44206747,0.967854,1
4035,0,0.16098402,1,0.16098402,0.00333786,0.06459839,0.035148825,0.007917541,0.010990778,0.019108603,0.45846424,0
4036,0,0.04290464,0,0.04290464,0.0015258789,0.018065477,0.020373698,0.0053276913,0.0076637166,0.011854411,0.3738945,0
4037,0,0.016964182,0,0.016964182,0.001335144,0.0077598775,0.01490822,0.004236255,0.008414571,0.01250316,0.4236609,0
4038,0,0.030506283,0,0.030506283,0.0013160706,0.012148905,0.015728042,0.015757138,0.00713294,0.011264639,0.1948359,0
4039,0,0.010484599,0,0.009424546,0.00079631805,0.0067338715,0.010484599,0.0016279058,0.0067898775,0.00625158,0.35237855,0
4040,1,0.40336934,0,0.40336934,0.02402156,0.24630153,0.20700185,0.06929302,0.40348873,0.34261686,0.67096895,0
4041,0,0.08953904,0,0.08953904,0.0031852722,0.023221988,0.039657943,0.009101473,0.009799767,0.028780859,0.19744897,0
4042,0,0.017969469,0,0.017969469,0.0010681152,0.008633883,0.013712646,0.0027193425,0.00756015,0.008020895,0.13351451,0
4043,0,0.09655223,0,0.09655223,0.0051116943,0.021610579,0.085167445,0.006696612,0.010084574,0.04115297,0.37980473,0
4044,0,0.10696511,0,0.10696511,0.0051116943,0.023608726,0.059447967,0.020078164,0.009929225,0.043096375,0.3522504,0
4045,0,0.014702292,0,0.014702292,0.000910759,0.008443882,0.013405213,0.002034882,0.006220264,0.008787598,0.44511762,0
4046,0,0.029799197,0,0.029799197,0.0016498566,0.0129089095,0.015010698,0.006881601,0.008181547,0.020170191,0.24737361,0
4047,0,0.019485557,0,0.016838523,0.0016880035,0.007930879,0.019485557,0.005364689,0.008867673,0.020642009,0.44182947,0
4048,0,0.013439372,0,0.011812098,0.001039505,0.006999873,0.013439372,0.0025158543,0.007948523,0.010438959,0.32131338,0
4049,0,0.009570839,0,0.007979449,0.00047445297,0.0067338715,0.009570839,0.0034038029,0.0061425893,0.0034501643,0.20784444,0
4050,0,0.2648175,0,0.2648175,0.0063323975,0.18355975,0.07805514,0.013144426,0.008349842,0.018872695,0.25454035,0
4051,0,0.016210219,0,0.016210219,0.0010585785,0.008899884,0.01354185,0.0039587705,0.006912862,0.008197826,0.209351,0
4052,0,0.02308189,0,0.02308189,0.0016498566,0.010552894,0.017845914,0.0040327664,0.00866054,0.011736456,0.2418378,0
4053,0,0.01834645,0,0.01834645,0.0009441376,0.011882903,0.012175481,0.0028118372,0.0066086366,0.005514365,0.28959537,0
4054,0,0.02402467,0,0.02402467,0.0012874603,0.010552894,0.013917602,0.0043102503,0.0074436385,0.0068413517,0.20198812,0
4055,0,0.018095128,0,0.018095128,0.0017166138,0.008956885,0.0166845,0.004920715,0.009799767,0.012031343,0.26035663,0
4056,0,0.05280026,0,0.05280026,0.0028800964,0.0151129225,0.029186781,0.006289636,0.0104988385,0.03585812,0.749355,0
4057,1,0.72028047,0,0.72028047,0.052940834,0.08030447,0.570067,0.025002124,0.010162249,0.8922557,0.7674586,1
4058,0,0.11212669,1,0.11212669,0.004501343,0.028061481,0.06746418,0.028628819,0.010964886,0.08436079,0.6269605,0
4059,0,0.025910228,0,0.025910228,0.0014305115,0.009032886,0.014122557,0.0061416444,0.0084793,0.014626338,0.35277587,0
4060,0,0.015267765,0,0.015267765,0.001039505,0.007930879,0.01490822,0.003884775,0.0076766624,0.014980201,0.29687577,0
4061,0,0.010433359,0,0.008482091,0.0006246567,0.0066958712,0.010433359,0.0019423875,0.006589218,0.0043053334,0.2281401,0
4062,0,0.016547862,0,0.013571346,0.0012969971,0.0075888764,0.016547862,0.0035517942,0.008311004,0.015039179,0.31500864,0
4063,0,0.012722028,0,0.010429831,0.00086307526,0.0070568733,0.012722028,0.0029598286,0.0071717775,0.007106749,0.19870211,0
4064,0,0.013883443,0,0.013382856,0.0009393692,0.008025879,0.013883443,0.0039587705,0.006835188,0.008846575,0.29624605,0
4065,0,0.023317585,0,0.023317585,0.0008535385,0.012832909,0.011116544,0.001674153,0.0065244893,0.0038630045,0.25873753,0
4066,0,0.12260055,1,0.12260055,0.004558563,0.04969218,0.037403382,0.026408968,0.012854968,0.019108603,0.34917223,0
4067,0,0.0157622,0,0.014765122,0.0013160706,0.007854878,0.0157622,0.00449524,0.008000307,0.012857023,0.3771566,0
4068,0,0.017162729,0,0.015896067,0.001449585,0.008918885,0.017162729,0.0040327664,0.008466354,0.013977589,0.187021,0
4069,0,0.05378982,0,0.05378982,0.0031852722,0.013934915,0.026727317,0.0049577127,0.010731863,0.027247453,0.4094508,0
4070,0,0.018849092,0,0.018849092,0.0012874603,0.008025879,0.014464149,0.003348306,0.007598988,0.012326228,0.2537782,0
4071,0,0.069754265,0,0.069754265,0.0031089783,0.018129934,0.015420608,0.0048837173,0.038220957,0.0069298176,0.34467283,0
4072,0,0.059974585,0,0.059974585,0.002632141,0.028061481,0.02522431,0.007214582,0.007534259,0.013092931,0.43902084,0
4073,0,0.018392462,0,0.016964182,0.0012874603,0.008253881,0.018392462,0.0029968263,0.00789674,0.013269863,0.19529903,0
4074,0,0.014976538,0,0.014450971,0.0010585785,0.0076268767,0.014976538,0.0039402717,0.0071717775,0.0101440735,0.2187498,0
4075,1,0.4013387,1,0.4013387,0.02378681,0.19967617,0.20375896,0.27701542,0.09929679,0.050516643,0.26050818,0
4076,0,0.030034892,0,0.030034892,0.00072956085,0.012946909,0.012243799,0.007214582,0.0059548756,0.0042168675,0.28317395,0
4077,0,0.01237757,0,0.01237757,0.000667572,0.0073798755,0.0103821205,0.00155391,0.0070552654,0.0043643108,0.31861588,0
4078,0,0.024967449,0,0.024967449,0.0019264221,0.011578901,0.01982715,0.0050687063,0.008634649,0.013918612,0.33722866,0
4079,0,0.024378212,0,0.024378212,0.0013065338,0.00979289,0.017299367,0.0058826595,0.007961469,0.011500548,0.16242468,0
4080,0,0.045131154,0,0.045131154,0.0015068054,0.014580919,0.021125201,0.0043657473,0.0079873605,0.01792906,0.49291998,0
4081,0,0.1587729,0,0.1587729,0.004043579,0.06858205,0.02973333,0.0074365693,0.013528148,0.021703599,0.24471748,0
4082,0,0.017843807,0,0.017843807,0.0012397766,0.0092228865,0.015318131,0.0027933381,0.007883795,0.01102873,0.26017296,0
4083,0,0.055026773,0,0.055026773,0.0031089783,0.011996903,0.024062896,0.007991537,0.013528148,0.024652457,0.24495804,0
4084,0,0.11429678,0,0.11429678,0.0022697449,0.06687108,0.019143965,0.006696612,0.0083886795,0.01102873,0.31317842,0
4085,0,0.01535229,0,0.015330595,0.0013446808,0.0072848746,0.01535229,0.0036627878,0.008285114,0.013092931,0.3766918,0
4086,0,0.010792031,0,0.0076338826,0.0006008148,0.0064393696,0.010792031,0.0018313939,0.0067251488,0.0065464657,0.15139127,0
4087,0,0.018095128,0,0.018095128,0.0009822845,0.015872927,0.01174849,0.001933138,0.005453227,0.008315781,0.34089005,0
4088,0,0.017777596,0,0.016838523,0.0014781952,0.008728883,0.017777596,0.0045322375,0.008181547,0.015334064,0.26223856,0
4089,0,0.022256956,0,0.022256956,0.0015830994,0.008785884,0.018255826,0.004402745,0.009359611,0.015687928,0.43611473,0
4090,0,0.017592486,0,0.017592486,0.0011730194,0.007493876,0.012517073,0.002848835,0.007624879,0.00896453,0.34157312,0
4091,0,0.022610499,0,0.022610499,0.00088214874,0.010210892,0.013951761,0.002885833,0.0063367756,0.006163114,0.16937517,0
4092,0,0.01834645,0,0.01834645,0.0011825562,0.008785884,0.017572641,0.0029783275,0.007417747,0.011972365,0.17891844,0
4093,0,0.11057663,0,0.11057663,0.0044441223,0.0198058,0.07191269,0.010729378,0.009385503,0.15840553,0.7936527,0
4094,0,0.05824285,0,0.05824285,0.0010967255,0.021997316,0.017504321,0.0035702933,0.0066280556,0.006752886,0.27539068,0
4095,0,0.031449065,0,0.031449065,0.0017166138,0.009944891,0.018119188,0.0033298072,0.010214032,0.017457243,0.32519728,0
4096,0,0.13041082,0,0.13041082,0.008277893,0.037980765,0.06044999,0.014852738,0.032695748,0.10519598,0.6969088,0
4097,0,0.055026773,0,0.055026773,0.002861023,0.01465692,0.023174755,0.00569767,0.010835429,0.03727357,0.2779781,0
4098,0,0.040183347,0,0.040183347,0.0019550323,0.011730902,0.022628209,0.0040142676,0.008919456,0.026185863,0.6271609,0
4099,0,0.28548008,0,0.28548008,0.0062179565,0.22303216,0.07934829,0.010137413,0.009100696,0.022529278,0.2409826,0
4100,0,0.033334624,0,0.033334624,0.002632141,0.009868891,0.021466793,0.0049577127,0.013424582,0.025242228,0.3185418,0
4101,0,0.025203144,0,0.025203144,0.001821518,0.008956885,0.015830519,0.006696612,0.010576514,0.01332884,0.32649547,0
4102,0,0.018095128,0,0.018095128,0.0009536743,0.0094128875,0.015625564,0.0047357255,0.006925808,0.0074311234,0.17175671,0
4103,0,0.014827953,0,0.014827953,0.0009250641,0.007854878,0.013507691,0.0037182847,0.0072753434,0.009023507,0.28884867,0
4104,0,0.034041706,0,0.034041706,0.0017929077,0.011008898,0.016479544,0.0044767405,0.00899713,0.011795434,0.18260725,0
4105,0,0.025792383,0,0.025792383,0.0021457672,0.0086718835,0.019348921,0.0037552824,0.008285114,0.02146769,0.32401803,0
4106,0,0.10045706,1,0.10045706,0.004673004,0.028832749,0.057944927,0.010581387,0.010343489,0.029960401,0.2218155,0
4107,0,0.013780965,0,0.013445686,0.0011539459,0.007303875,0.013780965,0.003366805,0.008168601,0.011972365,0.23868468,0
4108,0,0.03828422,0,0.03828422,0.0012969971,0.013744914,0.019143965,0.004680229,0.0069516995,0.01604179,0.32937482,0
4109,0,0.011509376,0,0.011246625,0.0006866455,0.007816878,0.011509376,0.0019886347,0.007081157,0.0048656166,0.24387853,0
4110,0,0.040430736,0,0.040430736,0.0029182434,0.012832909,0.026590679,0.0103594,0.010395273,0.01710338,0.20198876,0
4111,0,0.07608539,0,0.07608539,0.0015354156,0.021868404,0.025087673,0.005660672,0.0067963502,0.007224703,0.21410254,0
4112,0,0.016616182,0,0.01438814,0.0018501282,0.008424882,0.016616182,0.0025713511,0.007547205,0.01792906,0.33679485,0
4113,0,0.07450261,0,0.07450261,0.0062942505,0.021288296,0.05543986,0.026207991,0.010705971,0.116515964,0.8445652,0
4114,0,0.013405213,0,0.010429831,0.00082969666,0.0072088744,0.013405213,0.003903274,0.0067057298,0.008020895,0.21451075,0
4115,0,0.017969469,0,0.017969469,0.0015640259,0.008291881,0.016342908,0.004439743,0.008349842,0.016749516,0.4588234,0
4116,0,0.083999306,0,0.083999306,0.0031852722,0.019547975,0.030389199,0.0061046463,0.008815889,0.036565844,0.40719715,0
4117,0,0.07687678,0,0.07687678,0.0023937225,0.019934712,0.025634222,0.004347248,0.008634649,0.025242228,0.3341921,0
4118,0,0.015833238,0,0.015833238,0.00088214874,0.007949878,0.012277958,0.003866276,0.007197669,0.006399023,0.17249098,0
4119,0,0.016964182,0,0.016964182,0.0012493134,0.009089886,0.014771583,0.0035702933,0.008556974,0.011264639,0.33604732,0
4120,0,0.013371054,0,0.010869644,0.0009965897,0.007151874,0.013371054,0.0030338243,0.007624879,0.008374758,0.28948426,0
4121,0,0.03062413,0,0.03062413,0.0015163422,0.011008898,0.016479544,0.016762028,0.0074824756,0.008905552,0.20352505,0
4122,0,0.031331215,0,0.031331215,0.0007343292,0.011654901,0.011236101,0.013948337,0.0067963502,0.009731233,0.31197706,0
4123,0,0.025203144,0,0.025203144,0.0016212463,0.010590895,0.020442016,0.004920715,0.008686432,0.014921224,0.41094348,0
4124,0,0.018849092,0,0.018849092,0.001373291,0.00815888,0.016137952,0.004846719,0.0077672824,0.013623727,0.4294025,0
4125,0,0.010040528,0,0.0026859958,0.00022411346,0.005413363,0.010040528,0.00030291994,0.00553252,0.0038630045,0.58692575,0
4126,0,0.08004235,0,0.08004235,0.0032997131,0.023866551,0.033645786,0.006696612,0.008867673,0.029016767,0.43653238,0
4127,0,0.103060275,0,0.103060275,0.0019836426,0.028722567,0.015932998,0.0063266335,0.009178371,0.005809251,0.25206348,0
4128,0,0.03309893,0,0.03309893,0.0022602081,0.009526889,0.024541125,0.005956655,0.010188141,0.025596092,0.2678974,0
4129,0,0.019728716,0,0.019728716,0.0011634827,0.009355888,0.01764096,0.004236255,0.0072235605,0.013033954,0.24349327,0
4130,0,0.02826718,0,0.02826718,0.0016117096,0.008614883,0.017299367,0.0042917514,0.007948523,0.018282922,0.46600568,0
4131,0,0.017592486,0,0.017592486,0.0008773804,0.008918885,0.013883443,0.002173624,0.0067316215,0.009082484,0.17940025,0
4132,0,0.05799546,0,0.05799546,0.0020980835,0.013250912,0.019348921,0.004439743,0.011819307,0.02146769,0.27240887,0
4133,0,0.034984488,0,0.034984488,0.0016975403,0.013630914,0.019212283,0.004439743,0.007754337,0.014508383,0.2580679,0
4134,0,0.2648175,0,0.2648175,0.016060932,0.06424874,0.09775851,0.15945168,0.039947584,0.045039777,0.45745698,0
4135,0,0.04686289,0,0.04686289,0.0026130676,0.014808921,0.026044132,0.009471451,0.010058682,0.025714045,0.253317,0
4136,0,0.07845957,0,0.07845957,0.004673004,0.023028618,0.06145202,0.026207991,0.011094344,0.059526972,0.39523226,0
4137,0,0.11305673,0,0.11305673,0.0061416626,0.020063626,0.03615085,0.010507392,0.05042134,0.029488584,0.29076973,0
4138,0,0.01225191,0,0.01225191,0.00059843063,0.007474876,0.011219022,0.0018221445,0.006194372,0.0047771507,0.3253625,0
4139,0,0.019100413,0,0.019100413,0.0015068054,0.008329881,0.016547862,0.004328749,0.008220384,0.013210886,0.3039807,0
4140,1,0.03015274,0,0.03015274,0.001783371,0.01313691,0.019280603,0.006622616,0.008349842,0.0108517995,0.30909625,2
4141,0,0.013302735,0,0.011309455,0.0010490417,0.007170874,0.013302735,0.003089321,0.0077154995,0.008197826,0.3673041,0
4142,0,0.014771583,0,0.012754552,0.0011205673,0.008234881,0.014771583,0.0029228306,0.0072106146,0.010792822,0.26971775,0
4143,0,0.21642438,0,0.21642438,0.00459671,0.06757036,0.03990845,0.005438685,0.011482717,0.024652457,0.23425259,0
4144,0,0.01309778,0,0.010995304,0.000872612,0.007531876,0.01309778,0.0032003147,0.0069905366,0.009672256,0.25833854,0
4145,0,0.011184863,0,0.005340576,0.00034093857,0.006344369,0.011184863,0.0010729379,0.0054775006,0.004334822,0.35330716,0
4146,0,0.15822013,1,0.15822013,0.0036811829,0.07428485,0.023379711,0.008398513,0.012647836,0.009200439,0.43433306,0
4147,0,0.011937759,0,0.011937759,0.00079631805,0.007028373,0.010604155,0.0018406434,0.0077154995,0.005455388,0.32065824,0
4148,0,0.017215505,0,0.017215505,0.00076293945,0.0088618845,0.011065305,0.004920715,0.0068416605,0.0043053334,0.2571739,0
4149,0,0.014464149,0,0.011372286,0.0010442734,0.007170874,0.014464149,0.002848835,0.007314181,0.011913388,0.20606121,0
4150,0,0.012880214,0,0.012880214,0.00078201294,0.007493876,0.01265371,0.0062526376,0.0069387536,0.005691297,0.22214746,0
4151,1,0.1996317,1,0.1996317,0.0062561035,0.10440776,0.0715894,0.013646871,0.009722093,0.044333085,0.53701276,1
4152,0,0.03545588,0,0.03545588,0.0024318695,0.011540901,0.026863953,0.005771666,0.0100069,0.025949955,0.3124314,0
4153,0,0.018849092,0,0.018849092,0.001206398,0.009165886,0.0157622,0.003903274,0.007598988,0.012385205,0.19685782,0
4154,0,0.011816809,0,0.011749268,0.00074863434,0.0069808727,0.011816809,0.0024788564,0.007029374,0.0060746484,0.3244822,0
4155,0,0.023199737,0,0.023199737,0.0011587143,0.010818896,0.010757872,0.0032743104,0.008401625,0.0061926027,0.3183124,0
4156,0,0.026028076,0,0.026028076,0.0015449524,0.008709883,0.0147374235,0.0021458757,0.009385503,0.013564749,0.27812096,0
4157,0,0.013712646,0,0.013131535,0.0009822845,0.007531876,0.013712646,0.0032373124,0.008764107,0.008905552,0.41600826,0
4158,0,0.038991302,0,0.038991302,0.0018119812,0.0114269,0.01846078,0.0028118372,0.011094344,0.013918612,0.25068778,0
4159,0,0.028620722,0,0.028620722,0.0016498566,0.011654901,0.019895468,0.003644289,0.008712323,0.015687928,0.32264435,0
4160,0,0.015181494,0,0.01438814,0.0011968613,0.007892879,0.015181494,0.0037552824,0.008039144,0.011205662,0.19397017,0
4161,0,0.016587202,0,0.016587202,0.0013256073,0.00819688,0.01620627,0.003866276,0.007948523,0.011205662,0.22312689,0
4162,0,0.37292135,1,0.37073207,0.016254602,0.10587067,0.12286829,0.37292135,0.06270605,0.04009293,0.23582287,0
4163,0,0.022964042,0,0.022964042,0.0008773804,0.011730902,0.011423977,0.003348306,0.0064015044,0.004482265,0.18952085,0
4164,0,0.036162965,0,0.036162965,0.0017642975,0.014504919,0.027137227,0.005771666,0.007417747,0.019462466,0.21856822,0
4165,0,0.23812068,1,0.23812068,0.0061798096,0.13064787,0.027273865,0.1007269,0.009592636,0.039209563,0.3181593,0
4166,0,0.032627538,0,0.032627538,0.0013828278,0.0129089095,0.015932998,0.005401687,0.007832011,0.014685315,0.25935972,0
4167,0,0.030270588,0,0.030270588,0.0010347366,0.011730902,0.012585391,0.0047172266,0.007197669,0.008256803,0.17334236,0
4168,0,0.031684756,0,0.031684756,0.0018978119,0.011882903,0.021535112,0.004920715,0.0077672824,0.020170191,0.24394065,0
4169,0,0.022021262,0,0.022021262,0.001783371,0.009298887,0.018119188,0.00466173,0.00866054,0.013859635,0.3039842,0
4170,0,0.010552917,0,0.008105109,0.0007247925,0.00648687,0.010552917,0.0016371552,0.006641001,0.0046591964,0.17257868,0
4171,0,0.018974753,0,0.018974753,0.0018405914,0.007645877,0.017572641,0.0042732526,0.008945347,0.01769315,0.31670162,0
4172,0,0.05651112,0,0.05651112,0.0015830994,0.022319598,0.020783609,0.0055866763,0.0070034824,0.0080798725,0.2500612,0
4173,0,0.02449606,0,0.02449606,0.0017356873,0.011046898,0.017914234,0.004920715,0.008298059,0.013505772,0.39379528,0
4174,0,0.037577134,0,0.037577134,0.0019931793,0.020321451,0.021740068,0.008583503,0.00948907,0.0429197,0.5697564,0
4175,0,0.014225035,0,0.012503231,0.0010156631,0.0070568733,0.014225035,0.0034223017,0.007547205,0.01020305,0.2884582,0
4176,0,0.15269235,0,0.15269235,0.0030708313,0.032248367,0.022764845,0.019073274,0.0091524795,0.005455388,0.1433184,0
4177,0,0.010689554,0,0.010618322,0.0007677078,0.0066388706,0.010689554,0.0024418586,0.0074565844,0.0035681187,0.18925261,0
4178,0,0.036162965,0,0.036162965,0.001373291,0.0151129225,0.013336895,0.00569767,0.007598988,0.006752886,0.2812921,0
4179,0,0.034984488,1,0.034984488,0.0026893616,0.010932897,0.025087673,0.008694496,0.011612174,0.030904036,0.31316262,0
4180,0,0.012243799,0,0.008921904,0.0008392334,0.0064203693,0.012243799,0.0018036455,0.0068869707,0.007401635,0.42044705,0
4181,0,0.013507691,0,0.012754552,0.0009441376,0.0077598775,0.013507691,0.0030153254,0.0077284453,0.009259416,0.24962567,0
4182,0,0.013234417,0,0.0076652975,0.0008535385,0.0067433715,0.013234417,0.0019701358,0.006738094,0.009908165,0.5485748,0
4183,0,0.014156717,0,0.013571346,0.0010967255,0.0070378734,0.014156717,0.004384246,0.00780612,0.011441571,0.26721296,0
4184,0,0.016752819,0,0.015896067,0.0014305115,0.008633883,0.016752819,0.0037922803,0.008259222,0.013564749,0.19352669,0
4185,0,0.01220964,0,0.0063144458,0.0007009506,0.00651537,0.01220964,0.001655654,0.0063497215,0.009613278,0.22072023,0
4186,0,0.01859777,0,0.01859777,0.0017261505,0.008291881,0.016616182,0.0034038029,0.009048914,0.016159745,0.37486693,0
4187,0,0.027206551,0,0.027206551,0.0014019012,0.009507888,0.016411226,0.006622616,0.0075083673,0.013387818,0.28614742,0
4188,0,0.013985921,0,0.011058134,0.0008773804,0.0074368757,0.013985921,0.002830336,0.00746953,0.008315781,0.2812036,0
4189,0,0.0414203,0,0.0414203,0.001745224,0.0140109155,0.020988565,0.0047357255,0.00713294,0.023237005,0.28858453,0
4190,0,0.015044857,0,0.011937759,0.0010061264,0.0073988754,0.015044857,0.0027748393,0.0072365063,0.012916001,0.3006504,0
4191,0,0.015267765,0,0.015267765,0.00077724457,0.008234881,0.0108774295,0.0016649036,0.0068287146,0.0066349315,0.29056957,0
4192,0,0.01627459,0,0.0154562555,0.001449585,0.0084818825,0.01627459,0.003921773,0.008336896,0.01480327,0.3121652,0
4193,0,0.11367676,0,0.11367676,0.0037956238,0.035553806,0.08096472,0.012441003,0.008414571,0.034442667,0.34065235,0
4194,0,0.027324399,0,0.027324399,0.0011205673,0.016784932,0.017982552,0.002626848,0.0060908063,0.011323617,0.3437362,0
4195,0,0.08083374,0,0.08083374,0.0032234192,0.024897853,0.022696527,0.024801146,0.008686432,0.03991626,0.323257,0
4196,0,0.02449606,0,0.02449606,0.0011301041,0.010286893,0.012858666,0.0031818156,0.0074954215,0.0087286215,0.51272255,0
4197,0,0.07212844,0,0.07212844,0.0013065338,0.03070583,0.012482914,0.009915425,0.0065697995,0.0056323195,0.43850708,0
4198,0,0.03062413,0,0.03062413,0.0019359589,0.012072904,0.019485557,0.0048097214,0.0089712385,0.013623727,0.23568214,0
4199,0,0.014395831,0,0.014011159,0.0009918213,0.008367881,0.014395831,0.0023863618,0.0069905366,0.008905552,0.35870576,0
4200,0,0.022610499,0,0.022610499,0.0019836426,0.010020891,0.018392462,0.005253696,0.008841781,0.021821553,0.41776207,0
4201,0,0.009716015,0,0.0021833533,0.00018119812,0.005351613,0.009716015,0.0003075447,0.005379598,0.0029046256,0.5237973,0
4202,0,0.013571346,0,0.013571346,0.0009870529,0.0081208795,0.012346277,0.0028118372,0.007365964,0.007726009,0.2502414,0
4203,0,0.06065326,0,0.06065326,0.0021648407,0.018774498,0.02167175,0.0037182847,0.008311004,0.0101440735,0.15930928,0
4204,0,0.10566349,0,0.10566349,0.0023841858,0.03335018,0.033144772,0.008361516,0.009463178,0.013092931,0.38303494,0
4205,1,0.4269174,1,0.4269174,0.023364257,0.36021477,0.29279903,0.07012023,0.0130621,0.08793254,0.56654215,1
4206,0,0.024260364,0,0.024260364,0.0014972687,0.0105148945,0.020851927,0.0047727237,0.0083886795,0.015216109,0.16446164,0
4207,0,0.038048524,0,0.038048524,0.0018787384,0.012566907,0.017709278,0.0030153254,0.009903334,0.018518832,0.43513817,0
4208,0,0.015488927,0,0.008356431,0.0004863739,0.0074178753,0.015488927,0.0008093281,0.00534157,0.007902941,0.44065505,0
4209,0,0.10739898,0,0.10739898,0.005340576,0.025542418,0.06195303,0.010063417,0.009981008,0.03420676,0.20558628,0
4210,0,0.016210219,0,0.016210219,0.0012111664,0.0081208795,0.01402008,0.0042177555,0.008259222,0.012031343,0.3225707,0
4211,0,0.06381883,0,0.06381883,0.0024318695,0.014580919,0.016957775,0.0103594,0.012078222,0.007961918,0.22839764,0
4212,0,0.015386449,0,0.014890783,0.0011062622,0.00810188,0.015386449,0.002848835,0.007534259,0.009318393,0.2112388,0
4213,0,0.029799197,0,0.029799197,0.0012779236,0.010742896,0.013951761,0.0102854045,0.008039144,0.00979021,0.26188377,0
4214,0,0.013234417,0,0.0103670005,0.00082969666,0.007151874,0.013234417,0.0022013725,0.0066733654,0.009731233,0.6035924,0
4215,0,0.028856417,0,0.028856417,0.0020885468,0.012148905,0.018187506,0.0047172266,0.009100696,0.014921224,0.20520593,0
4216,0,0.06421452,0,0.06421452,0.0030517578,0.017227544,0.027000591,0.0076215584,0.0104988385,0.026067909,0.1899343,0
4217,0,0.014225035,0,0.013257195,0.0010204315,0.007930879,0.014225035,0.0038107792,0.0071199946,0.010438959,0.25118884,0
4218,0,0.013166099,0,0.012314741,0.00093460083,0.007322875,0.013166099,0.0024973555,0.006912862,0.009023507,0.17240585,0
4219,0,0.013005874,0,0.013005874,0.0009822845,0.007607877,0.012858666,0.002885833,0.00780612,0.008787598,0.33312976,0
4220,1,0.5779532,1,0.5779532,0.031420294,0.10440776,0.47771472,0.037909906,0.013372798,0.73542696,0.6751094,1
4221,0,0.24442963,0,0.24442963,0.005760193,0.15982662,0.026317406,0.026810925,0.012130005,0.028780859,0.43866703,0
4222,0,0.02308189,0,0.02308189,0.0010919571,0.011274899,0.013985921,0.00414376,0.0074565844,0.010438959,0.19871874,0
4223,1,0.4014846,1,0.4014846,0.023076924,0.07238392,0.32965264,0.027011903,0.02924249,0.46473637,0.5646715,0
4224,0,0.18459146,0,0.18459146,0.0028038025,0.12159709,0.017094411,0.006437627,0.008789998,0.005956694,0.2353454,0
4225,0,0.102192536,0,0.102192536,0.0022506714,0.035333443,0.025360947,0.0034038029,0.007197669,0.0101440735,0.28889453,0
4226,0,0.0137468055,0,0.012440401,0.0011920929,0.007607877,0.0137468055,0.002626848,0.007624879,0.012444182,0.24609068,0
4227,0,0.1693855,0,0.1693855,0.0073623657,0.030926194,0.11911256,0.011173353,0.017156094,0.22476548,0.38617647,0
4228,0,0.039935954,0,0.039935954,0.0020980835,0.01465692,0.019485557,0.005438685,0.008841781,0.012385205,0.35253832,0
4229,0,0.24442963,1,0.24442963,0.014382465,0.018452216,0.049928714,0.009989422,0.3423812,0.018518832,0.32225615,0
4230,0,0.016838523,0,0.016838523,0.00092983246,0.008348881,0.0137468055,0.0037552824,0.00636914,0.0108517995,0.16833922,0
4231,0,0.019980038,0,0.019980038,0.0016975403,0.009184887,0.016957775,0.003866276,0.008155655,0.017811105,0.29962772,0
4232,0,0.021903414,0,0.021903414,0.0011634827,0.009982891,0.016889455,0.0043657473,0.007832011,0.011677479,0.1928642,0
4233,0,0.017089844,0,0.017089844,0.0010251999,0.008329881,0.013234417,0.0037737815,0.0072882893,0.008020895,0.6087731,0
4234,0,0.026145924,0,0.026145924,0.0012397766,0.010362893,0.013473531,0.0035147965,0.008065036,0.006399023,0.26848513,0
4235,0,0.10089093,0,0.10089093,0.004310608,0.029604018,0.075792134,0.010507392,0.007909686,0.030078357,0.17609985,0
4236,0,0.019351736,0,0.019351736,0.0011920929,0.009355888,0.015010698,0.004347248,0.0074048014,0.009908165,0.3142817,0
4237,0,0.012687869,0,0.011874928,0.00089645386,0.0073798755,0.012687869,0.00258985,0.0070034824,0.01020305,0.3933428,0
4238,0,0.015330595,0,0.015330595,0.0011873245,0.00821588,0.014464149,0.0031633168,0.007870848,0.012562137,0.20783064,0
4239,0,0.08953904,0,0.08953904,0.0035095215,0.023479814,0.01846078,0.013144426,0.019055385,0.013918612,0.2781951,0
4240,0,0.079250954,1,0.079250954,0.0025177002,0.019934712,0.029460056,0.006955597,0.009722093,0.02394473,0.2992023,0
4241,0,0.22663295,0,0.22445217,0.008659363,0.039737478,0.22663295,0.011247349,0.012078222,0.046099816,0.23632611,0
4242,0,0.0147374235,0,0.010555492,0.001335144,0.007170874,0.0147374235,0.0028673338,0.0071070488,0.013446795,0.24745116,0
4243,0,0.009263406,0,0.008733413,0.0005054474,0.007531876,0.009263406,0.0011469335,0.0061749537,0.0029636028,0.16878983,0
4244,0,0.081625134,1,0.081625134,0.0031280518,0.02103047,0.032142747,0.006030651,0.009696201,0.08138434,0.5702137,0
4245,0,0.020607091,0,0.020607091,0.0013065338,0.0105148945,0.017162729,0.0046987277,0.008013252,0.011913388,0.3777042,0
4246,0,0.034277402,0,0.034277402,0.0026512146,0.012642908,0.017777596,0.017967897,0.009307829,0.011500548,0.52889293,0
4247,0,0.09785384,0,0.09785384,0.0015830994,0.036809623,0.026863953,0.0037922803,0.0067898775,0.00896453,0.18418713,0
4248,0,0.017162729,0,0.015833238,0.0012874603,0.008386881,0.017162729,0.00569767,0.007909686,0.013564749,0.18738651,0
4249,0,0.02638162,0,0.02638162,0.0012111664,0.0140109155,0.012243799,0.003866276,0.007922632,0.0054258998,0.22995682,0
4250,0,0.04290464,0,0.04290464,0.0025749207,0.010058892,0.022559889,0.0044767405,0.015602129,0.018047014,0.23544838,0
4251,0,0.019351736,0,0.019351736,0.0007915497,0.009165886,0.0098868115,0.004180758,0.0070552654,0.002934114,0.23670061,0
4252,0,0.034041706,0,0.034041706,0.0019264221,0.016708933,0.026044132,0.0065486208,0.007573096,0.015452018,0.34248987,0
4253,0,0.015519086,1,0.015519086,0.00064849854,0.009032886,0.010792031,0.0017019014,0.00636914,0.005042548,0.49921808,0
4254,0,0.08795626,0,0.08795626,0.0029945374,0.029053112,0.023174755,0.005401687,0.010032792,0.015334064,0.27421543,0
4255,0,0.013634177,0,0.013634177,0.0010538101,0.0067623714,0.01265371,0.0032188136,0.0074565844,0.012798046,0.3018987,0
4256,0,0.011246625,0,0.011246625,0.00069618225,0.007911879,0.0103992,0.0017296498,0.006699257,0.005514365,0.3443703,0
4257,0,0.013507691,0,0.011560776,0.0010633469,0.008367881,0.013507691,0.0034592997,0.0071588317,0.009967142,0.26112357,0
4258,0,0.2412222,0,0.2412222,0.008888245,0.032468732,0.09066332,0.016963007,0.056240413,0.06376713,0.45204985,0
4259,0,0.0113215,0,0.010304171,0.0005888939,0.0070853736,0.0113215,0.001812895,0.0062979385,0.0054848767,0.16063757,0
4260,1,0.36095104,1,0.36095104,0.017803956,0.15236975,0.22673377,0.025002124,0.010887212,0.4078614,0.4577435,2
4261,0,0.30716252,0,0.30716252,0.015415368,0.16795322,0.13697,0.038425524,0.03373172,0.045393124,0.2038922,0
4262,0,0.021785567,0,0.021785567,0.0008678436,0.010210892,0.014054239,0.0023863618,0.007262398,0.0087286215,0.3128477,0
4263,0,0.03109552,0,0.03109552,0.00166893,0.011274899,0.018324144,0.0045692353,0.009048914,0.013210886,0.39895087,0
4264,0,0.02035702,0,0.02035702,0.0011253357,0.0094128875,0.016479544,0.008361516,0.0068999166,0.011854411,0.2748688,0
4265,0,0.11171334,0,0.11171334,0.0076675415,0.032138187,0.097129054,0.015154205,0.020091362,0.114720635,0.3584673,0
4266,0,0.034397304,0,0.029445656,0.002117157,0.010552894,0.034397304,0.004125261,0.008090926,0.020995872,0.30307552,0
4267,0,0.012277958,0,0.011120965,0.0007724762,0.0070378734,0.012277958,0.0025343532,0.0071070488,0.0071657263,0.27478036,0
4268,0,0.147767,0,0.147767,0.0052261353,0.039151907,0.08710717,0.024600167,0.012906751,0.03184767,0.48057818,0
4269,0,0.017843807,0,0.017843807,0.00093460083,0.008310881,0.0138151245,0.0035702933,0.0074436385,0.009082484,0.22850229,0
4270,0,0.01859777,0,0.01859777,0.0010824203,0.010400894,0.012961143,0.0024788564,0.0071070488,0.0060746484,0.43080002,0
4271,0,0.019226074,0,0.019226074,0.0016403198,0.008424882,0.018119188,0.0047727237,0.009204263,0.013623727,0.21667303,0
4272,0,0.04735767,0,0.04735767,0.00333786,0.013212911,0.028776871,0.0066596144,0.01238892,0.04115297,0.50844306,0
4273,0,0.021432023,0,0.021432023,0.0016975403,0.00815888,0.016957775,0.004125261,0.010731863,0.015805881,0.27654418,0
4274,0,0.021785567,0,0.021785567,0.0020122528,0.009507888,0.020851927,0.0035887922,0.008634649,0.019344512,0.35103816,0
4275,0,0.03015274,0,0.03015274,0.0018978119,0.010172892,0.021398475,0.0051797,0.011120236,0.02229337,0.31816554,0
4276,0,0.030506283,0,0.030506283,0.0025367737,0.012490907,0.025770858,0.008546505,0.012078222,0.027129497,0.35592663,0
4277,0,0.017341165,0,0.017341165,0.0012683868,0.00810188,0.01627459,0.0027378413,0.007883795,0.013092931,0.15689787,0
4278,0,0.045131154,0,0.045131154,0.0026893616,0.012376905,0.02522431,0.006474625,0.009540852,0.028662905,0.29406327,0
4279,0,0.031684756,0,0.031684756,0.0015544891,0.010932897,0.014771583,0.0037552824,0.008634649,0.0073426575,0.3041929,0
4280,0,0.040925518,0,0.040925518,0.0026512146,0.012148905,0.020578653,0.017063495,0.010809537,0.018400878,0.2574565,0
4281,0,0.05750068,0,0.05750068,0.0018405914,0.016784932,0.022559889,0.0068446035,0.009411395,0.011736456,0.22028813,0
4282,0,0.017914234,0,0.016587202,0.0015163422,0.008006879,0.017914234,0.00569767,0.009048914,0.018164968,0.2712638,0
4283,0,0.022964042,0,0.022964042,0.0017261505,0.010286893,0.01893901,0.0051427023,0.008893564,0.019934284,0.207946,0
4284,0,0.012141321,0,0.009613037,0.0009012222,0.006771872,0.012141321,0.0019608864,0.00704232,0.0068413517,0.15111654,0
4285,0,0.010313802,0,0.007382561,0.0005722046,0.0062778685,0.010313802,0.0017296498,0.006246155,0.004393799,0.3287113,0
4286,0,0.026970858,0,0.026970858,0.0012207031,0.011236899,0.015967157,0.004920715,0.0076507707,0.008610667,0.24723804,0
4287,0,0.013029462,0,0.009675868,0.0008249283,0.006724371,0.013029462,0.0027748393,0.00713294,0.008905552,0.23919597,0
4288,0,0.027442247,0,0.027442247,0.0014972687,0.017614283,0.014703264,0.0026083488,0.0063238298,0.012444182,0.3937029,0
4289,0,0.02402467,0,0.02402467,0.0012779236,0.008804884,0.013234417,0.0024788564,0.009463178,0.010262027,0.36231843,0
4290,0,0.026499467,0,0.026499467,0.0020217896,0.011958904,0.019963788,0.0058826595,0.009359611,0.014449406,0.3287137,0
4291,0,0.023788974,0,0.023788974,0.0015735626,0.008937885,0.017709278,0.0031818156,0.008634649,0.014508383,0.22337702,0
4292,0,0.009698936,0,0.006283031,0.00041484833,0.006125868,0.009698936,0.0015446605,0.0059904763,0.00312579,0.2863686,0
4293,0,0.057005897,0,0.057005897,0.0025558472,0.0107048955,0.029596692,0.0043657473,0.0075083673,0.12286287,0.50890166,0
4294,0,0.019980038,0,0.019980038,0.0014686584,0.008690883,0.019348921,0.004587734,0.008531082,0.015216109,0.41335213,0
4295,0,0.11398677,0,0.11398677,0.0019550323,0.054962315,0.021056883,0.0047172266,0.008077981,0.010026119,0.3308723,0
4296,0,0.09033044,0,0.09033044,0.002708435,0.026444806,0.02836696,0.0061046463,0.008375733,0.030668128,0.39176992,0
4297,0,0.01127026,0,0.009550206,0.0007200241,0.006771872,0.01127026,0.0023401144,0.0065827454,0.0066349315,0.4361448,0
4298,1,0.47435758,0,0.47119883,0.023076924,0.42567953,0.47435758,0.018269362,0.00823333,0.05193003,0.4300693,0
4299,0,0.01633588,0,0.01633588,0.0008869171,0.010932897,0.012073003,0.0023216156,0.006479179,0.005868228,0.38003796,0
4300,0,0.013336895,0,0.008859074,0.000834465,0.0066008708,0.013336895,0.0022753682,0.0070164283,0.009554301,0.519821,0
4301,0,0.01847211,0,0.01847211,0.0012779236,0.008899884,0.016616182,0.003903274,0.008090926,0.011087708,0.4214898,0
4302,0,0.021549871,0,0.021549871,0.0012683868,0.0118069025,0.017162729,0.0036997858,0.0074565844,0.010674868,0.31297877,0
4303,0,0.030506283,0,0.030506283,0.0013065338,0.012832909,0.017094411,0.010211408,0.006925808,0.010792822,0.19507214,0
4304,0,0.02543884,0,0.02543884,0.002822876,0.009507888,0.02392626,0.006511623,0.012337137,0.028191088,0.3439257,0
4305,0,0.011623607,0,0.011623607,0.0008058548,0.008709883,0.011509376,0.001674153,0.0064079775,0.006104137,0.38782796,0
4306,0,0.11367676,0,0.11367676,0.007247925,0.025026767,0.044668075,0.008953481,0.025789235,0.050516643,0.32833034,0
4307,0,0.034748793,0,0.034748793,0.0015926361,0.013288911,0.017709278,0.0049577127,0.00951496,0.013977589,0.33312228,0
4308,0,0.017718147,0,0.017718147,0.001449585,0.007474876,0.015625564,0.004606233,0.009230154,0.012562137,0.19127432,0
4309,0,0.038991302,0,0.038991302,0.0012969971,0.020256994,0.012892825,0.003385304,0.007068211,0.009023507,0.28755015,0
4310,0,0.018095128,0,0.018095128,0.0010299683,0.007835878,0.013302735,0.004125261,0.007365964,0.0077849864,0.19977233,0
4311,0,0.013268576,0,0.013131535,0.0009918213,0.00806388,0.013268576,0.00258985,0.00704232,0.008669644,0.41640404,0
4312,0,0.049336795,0,0.049336795,0.0024318695,0.016556932,0.022628209,0.024600167,0.011068452,0.016631562,0.26948276,0
4313,0,0.022374803,0,0.022374803,0.0016593933,0.008899884,0.017914234,0.0068446035,0.008686432,0.019226557,0.2394733,0
4314,0,0.018095128,0,0.018095128,0.0011730194,0.00810188,0.01490822,0.0032373124,0.008116818,0.009849187,0.26812255,0
4315,0,0.03875561,0,0.03875561,0.001783371,0.015264924,0.017504321,0.006881601,0.0070164283,0.022175416,0.7784964,0
4316,0,0.021667719,0,0.021667719,0.0018501282,0.011198899,0.01893901,0.0047357255,0.008427517,0.013151909,0.2704332,0
4317,0,0.015644746,0,0.015644746,0.0010919571,0.00810188,0.013712646,0.0032188136,0.0078449575,0.0101440735,0.22098558,0
4318,0,0.012754552,0,0.012754552,0.0009965897,0.007531876,0.012448754,0.0023863618,0.007081157,0.009318393,0.59159124,0
4319,0,0.044636376,0,0.044636376,0.0020313263,0.012414906,0.01846078,0.0054756827,0.008893564,0.011913388,0.19094177,0
4320,0,0.017341165,0,0.017341165,0.0013637543,0.007721877,0.016889455,0.004384246,0.00933372,0.015216109,0.19166791,0
4321,0,0.018095128,0,0.018095128,0.0011062622,0.008690883,0.014293353,0.0028673338,0.007547205,0.008020895,0.29967368,0
4322,0,0.016587202,0,0.016587202,0.0013542175,0.008766884,0.016069634,0.004587734,0.007624879,0.011205662,0.23756886,0
4323,1,0.31825066,1,0.31825066,0.009422302,0.27763805,0.12639372,0.0091384705,0.008893564,0.023354959,0.24103716,1
4324,0,0.039462693,0,0.039462693,0.0016403198,0.014808921,0.016821137,0.005364689,0.008712323,0.007726009,0.2712691,0
4325,0,0.0201057,0,0.0201057,0.0011444092,0.008386881,0.013371054,0.0038107792,0.0077284453,0.009141461,0.24185546,0
4326,0,0.010979908,0,0.0068799187,0.0005578995,0.0064393696,0.010979908,0.0014336669,0.0062267366,0.005042548,0.1845396,0
4327,0,0.11398677,0,0.11398677,0.003566742,0.027218282,0.046171114,0.006955597,0.011922873,0.033263125,0.26511282,0
4328,0,0.07450261,0,0.07450261,0.0027656555,0.022899706,0.041160982,0.0062526376,0.007922632,0.01875474,0.27049884,0
4329,0,0.020607091,0,0.020607091,0.00081062317,0.010362893,0.012585391,0.0020626306,0.006433869,0.0049245935,0.13372274,0
4330,0,0.33338684,0,0.33338684,0.02258113,0.04032305,0.14754629,0.014852738,0.34804323,0.03727357,0.4704389,0
4331,0,0.036634352,0,0.036634352,0.0028419495,0.010400894,0.026590679,0.0061416444,0.012233571,0.023590868,0.41461354,0
4332,0,0.026970858,0,0.026970858,0.0015163422,0.013288911,0.022901481,0.0046987277,0.0071717775,0.01480327,0.22261392,0
4333,0,0.19694418,1,0.19694418,0.007820129,0.03522326,0.035900343,0.014249804,0.1401159,0.018518832,0.2621749,0
4334,0,0.012566062,0,0.012566062,0.0006389618,0.0077028773,0.011577694,0.0024418586,0.0063950317,0.006516977,0.1560268,0
4335,0,0.11450345,0,0.11450345,0.004711151,0.039444692,0.029596692,0.04023018,0.010938995,0.016277699,0.2893156,0
4336,0,0.05304765,0,0.05304765,0.002670288,0.014808921,0.024472807,0.04306607,0.0083886795,0.0115595255,0.22882326,0
4337,0,0.020231359,0,0.020231359,0.0011587143,0.011882903,0.01354185,0.0032743104,0.0072753434,0.0076080547,0.21273245,0
4338,0,0.20312156,0,0.20312156,0.0031852722,0.1087965,0.075792134,0.007917541,0.0071588317,0.00855169,0.1792392,0
4339,0,0.022021262,0,0.022021262,0.00088214874,0.010286893,0.014156717,0.0040142676,0.0067963502,0.0064285113,0.17502387,0
4340,0,0.019854378,0,0.019854378,0.001411438,0.010552894,0.016752819,0.003366805,0.008582866,0.010969753,0.26169538,0
4341,0,0.014464149,0,0.01017851,0.0010156631,0.007170874,0.014464149,0.0014336669,0.0064015044,0.01604179,0.29553464,0
4342,0,0.07054565,0,0.07054565,0.0049972534,0.022512967,0.05543986,0.033784978,0.02440793,0.058113586,0.66931903,0
4343,0,0.11078331,0,0.11078331,0.0035095215,0.029493837,0.06546012,0.007806548,0.008000307,0.033263125,0.17017071,0
4344,0,0.030270588,1,0.030270588,0.00088214874,0.0114269,0.013268576,0.008620501,0.0068999166,0.023472913,0.6705409,0
4345,0,0.04216247,0,0.04216247,0.001168251,0.019999169,0.0157622,0.00414376,0.006912862,0.007961918,0.23582432,0
4346,0,0.043399423,0,0.043399423,0.002412796,0.015264924,0.027273865,0.0050317086,0.008738215,0.021585643,0.22326854,0
4347,0,0.0166845,0,0.01438814,0.0017166138,0.011540901,0.0166845,0.003866276,0.006194372,0.010674868,0.33630082,0
4348,0,0.112333365,0,0.112333365,0.002374649,0.043250903,0.02303812,0.004328749,0.007068211,0.011264639,0.20179196,0
4349,0,0.08083374,0,0.08083374,0.0039100647,0.020837102,0.049928714,0.020580608,0.0101363575,0.042743027,0.36451155,0
4350,0,0.017592486,0,0.017592486,0.0011968613,0.00806388,0.015113175,0.002552852,0.007301235,0.010321004,0.34759223,0
4351,0,0.016103793,0,0.011372286,0.000834465,0.007132874,0.016103793,0.0022661188,0.006653947,0.011913388,0.36391777,0
4352,0,0.014827953,0,0.014827953,0.00061035156,0.009108886,0.009553759,0.002848835,0.0063885585,0.0031405343,0.28204468,0
4353,0,0.019690514,0,0.019100413,0.0015926361,0.010742896,0.019690514,0.0047357255,0.0076507707,0.016631562,0.39391482,0
4354,0,0.056758508,0,0.056758508,0.002746582,0.014580919,0.02392626,0.004846719,0.011560392,0.018636785,0.55747104,0
4355,0,0.022374803,0,0.022374803,0.001821518,0.0103248935,0.020373698,0.0034777985,0.007948523,0.016513607,0.49575272,0
4356,0,0.009698936,0,0.007099825,0.00048160553,0.0063823694,0.009698936,0.0014984132,0.0063432488,0.003980959,0.2724862,0
4357,0,0.026735162,0,0.026735162,0.0020980835,0.009146886,0.019758832,0.0046247323,0.009903334,0.020524055,0.19043557,0
4358,0,0.11398677,0,0.11398677,0.0033187866,0.05144889,0.03464781,0.012641981,0.006757513,0.02418064,0.22248727,0
4359,0,0.019100413,0,0.019100413,0.0016212463,0.009051885,0.015932998,0.00828752,0.008103873,0.015039179,0.299994,0
4360,0,0.020607091,0,0.020607091,0.0020122528,0.008975885,0.017709278,0.0071035884,0.008945347,0.022411324,0.44088897,0
4361,0,0.07845957,0,0.07845957,0.004825592,0.017549826,0.047173142,0.00880549,0.012233571,0.068883225,0.86877126,0
4362,0,0.022139108,0,0.022139108,0.0017738342,0.008424882,0.016069634,0.0038107792,0.007922632,0.009200439,0.18057345,0
4363,0,0.015519086,0,0.015519086,0.0006198883,0.009868891,0.010792031,0.0019238886,0.0062849927,0.0040694247,0.24520104,0
4364,0,0.03309893,0,0.03309893,0.002040863,0.0114269,0.019622196,0.02238941,0.007883795,0.010321004,0.2091922,0
4365,0,0.081625134,0,0.081625134,0.0028419495,0.02283525,0.04867618,0.0071035884,0.0077284453,0.048749913,0.7784964,0
4366,0,0.013405213,0,0.012000589,0.0009918213,0.0075888764,0.013405213,0.0024973555,0.0068999166,0.00855169,0.24800359,0
4367,0,0.05304765,0,0.05304765,0.0018882751,0.021997316,0.023379711,0.0053276913,0.007586042,0.010085096,0.21264395,0
4368,0,0.015142105,0,0.015142105,0.0008583069,0.007949878,0.0127561875,0.0024788564,0.007301235,0.008197826,0.25097016,0
4369,0,0.021196328,0,0.021196328,0.0019073486,0.009146886,0.019143965,0.006511623,0.008556974,0.017457243,0.20723951,0
4370,0,0.050573748,0,0.050573748,0.0011777878,0.023995465,0.01535229,0.008250522,0.0061749537,0.015687928,0.41391692,0
4371,0,0.06579731,0,0.06579731,0.0022602081,0.018323302,0.020442016,0.0034038029,0.010032792,0.012031343,0.2083434,0
4372,0,0.030506283,0,0.030506283,0.0015544891,0.011008898,0.015113175,0.003644289,0.008414571,0.011382594,0.18939559,0
4373,0,0.12086493,0,0.12086493,0.007095337,0.022577424,0.049928714,0.007732552,0.05753354,0.057053547,0.67862266,0
4374,0,0.02685301,0,0.02685301,0.0017642975,0.010666896,0.018529098,0.011543332,0.00866054,0.016277699,0.49149603,0
4375,0,0.032627538,0,0.032627538,0.0011205673,0.0142009165,0.012687869,0.012340514,0.007145886,0.012680092,0.287899,0
4376,0,0.05131592,0,0.05131592,0.0021362305,0.012832909,0.029050145,0.015355183,0.009048914,0.02689359,0.61251724,0
4377,0,0.0137598375,0,0.0137598375,0.0009870529,0.0073988754,0.013371054,0.0029783275,0.0069646453,0.010792822,0.20243473,0
4378,0,0.020842785,0,0.020842785,0.0016593933,0.008234881,0.01893901,0.0047357255,0.009411395,0.018400878,0.33026463,0
4379,0,0.013257195,0,0.013257195,0.00089645386,0.008234881,0.013166099,0.002848835,0.006977591,0.0075195893,0.3271075,0
4380,0,0.020231359,0,0.020231359,0.0016403198,0.009070885,0.018734055,0.005660672,0.009100696,0.01604179,0.44936782,0
4381,0,0.014361672,0,0.007539637,0.0006723404,0.0066198707,0.014361672,0.0011145604,0.005854546,0.011205662,0.3369731,0
4382,0,0.022374803,0,0.022374803,0.0015544891,0.0088618845,0.015830519,0.0050317086,0.00951496,0.014508383,0.4545375,0
4383,0,0.027324399,0,0.027324399,0.0015544891,0.00983089,0.018597418,0.0042732526,0.009540852,0.014862247,0.21630588,0
4384,0,0.02826718,0,0.02826718,0.0010967255,0.012604907,0.015591404,0.0027933381,0.007340072,0.009967142,0.27083775,0
4385,0,0.015318131,0,0.014890783,0.0010442734,0.008367881,0.015318131,0.0030338243,0.00713294,0.009023507,0.35593125,0
4386,0,0.10522962,0,0.10522962,0.0029945374,0.039151907,0.03339528,0.012541492,0.00713294,0.01686747,0.24001901,0
4387,0,0.09741997,0,0.09741997,0.0030708313,0.02618698,0.021808386,0.0061046463,0.008000307,0.020877918,0.1771185,0
4388,0,0.0466155,0,0.0466155,0.001964569,0.0154929245,0.013780965,0.007732552,0.010110466,0.015216109,0.47396898,0
4389,0,0.014827953,0,0.014827953,0.0010633469,0.0074368757,0.012687869,0.0026638457,0.0076507707,0.008197826,0.33803087,0
4390,0,0.02826718,0,0.02826718,0.0016498566,0.009868891,0.01764096,0.013345404,0.008414571,0.012857023,0.25545305,0
4391,0,0.07687678,0,0.07687678,0.0052261353,0.018323302,0.04867618,0.015154205,0.013702838,0.051753357,0.26342693,0
4392,0,0.28674445,1,0.28674445,0.023076924,0.24928534,0.1854088,0.1064171,0.013165667,0.19460489,0.4433065,0
4393,0,0.014156717,0,0.014011159,0.0011110306,0.0077408776,0.014156717,0.003311308,0.0074954215,0.0094363475,0.27501857,0
4394,0,0.11140333,0,0.11140333,0.0061416626,0.032248367,0.062454045,0.033269364,0.010058682,0.10579127,0.67396533,0
4395,0,0.016547862,0,0.015707577,0.0011491776,0.007645877,0.016547862,0.0029043318,0.007573096,0.012031343,0.2552917,0
4396,0,0.0127561875,0,0.006345861,0.0003504753,0.0068098716,0.0127561875,0.000846326,0.00537798,0.0052194796,0.3339678,0
4397,0,0.011183795,0,0.011183795,0.00066280365,0.007493876,0.0103992,0.0014614153,0.0069646453,0.0045707305,0.3146717,0
4398,0,0.018849092,0,0.018849092,0.00092983246,0.009944891,0.014395831,0.003311308,0.006809296,0.007106749,0.22423767,0
4399,0,0.012073003,0,0.011812098,0.00079631805,0.007645877,0.012073003,0.00310782,0.006835188,0.008138849,0.19174114,0
4400,0,0.015557245,0,0.0143253105,0.0011539459,0.0074368757,0.015557245,0.0037182847,0.008077981,0.011913388,0.18524872,0
4401,0,0.009681856,0,0.0068170885,0.0005173683,0.0066198707,0.009681856,0.0009850679,0.0062008454,0.0026982054,0.39420617,0
4402,0,0.022374803,0,0.022374803,0.0012207031,0.008595883,0.015932998,0.0056236745,0.007689608,0.0101440735,0.1851805,0
4403,0,0.024731753,0,0.024731753,0.0009536743,0.014732921,0.012107162,0.0054756827,0.006382086,0.006340046,0.5196897,0
4404,0,0.015625564,0,0.015267765,0.0013160706,0.007930879,0.015625564,0.004069764,0.00780612,0.013505772,0.24117878,0
4405,0,0.0113385795,0,0.01017851,0.00066280365,0.006353869,0.0113385795,0.0024603575,0.006479179,0.0080798725,0.22543612,0
4406,0,0.011686437,0,0.011686437,0.0006389618,0.0076838774,0.010569996,0.0029413297,0.006641001,0.0044232877,0.46823192,0
4407,0,0.012414595,0,0.01237757,0.0008773804,0.0076838774,0.012414595,0.0023031165,0.0068869707,0.007224703,0.23978202,0
4408,0,0.009254865,0,0.002748826,0.00019311905,0.0054608635,0.009254865,0.00055959256,0.0053876895,0.0030373242,0.2404694,0
4409,0,0.032863233,0,0.032863233,0.001783371,0.013630914,0.020578653,0.0059936526,0.008285114,0.017221333,0.3170098,0
4410,0,0.34328604,0,0.34328604,0.015092585,0.28586254,0.1719469,0.036105253,0.013321015,0.06235374,0.37298962,0
4411,0,0.026735162,0,0.026735162,0.0013446808,0.018323302,0.024199532,0.004439743,0.0057930537,0.010379982,0.582358,0
4412,0,0.011697251,0,0.010555492,0.0007724762,0.006942873,0.011697251,0.0027563404,0.006822242,0.0061336257,0.16229022,0
4413,0,0.049089402,1,0.049089402,0.0016880035,0.018452216,0.01941724,0.0055866763,0.008582866,0.011795434,0.22836447,0
4414,0,0.0127903465,0,0.008607753,0.0007534027,0.0068668723,0.0127903465,0.0022753682,0.0070164283,0.00937737,0.28140852,0
4415,0,0.019603057,0,0.019603057,0.0012493134,0.0088618845,0.016069634,0.004236255,0.0072882893,0.019344512,0.18530077,0
4416,0,0.102192536,0,0.102192536,0.0018787384,0.05203446,0.013985921,0.00258985,0.0066798385,0.003921982,0.3319267,0
4417,0,0.015770407,0,0.015770407,0.0007915497,0.008880884,0.011970525,0.0023123662,0.0068869707,0.005455388,0.22023089,0
4418,0,0.011441057,0,0.008293601,0.0006532669,0.0065533705,0.011441057,0.001812895,0.0067186756,0.006516977,0.21529204,0
4419,0,0.16851899,0,0.16851899,0.0037002563,0.07365121,0.022696527,0.06385879,0.009463178,0.009141461,0.1989766,0
4420,0,0.06579731,0,0.06579731,0.0015735626,0.023093075,0.016069634,0.007547563,0.0071199946,0.012208274,0.25549063,0
4421,0,0.026499467,0,0.026499467,0.002117157,0.009507888,0.019553876,0.0047172266,0.0089712385,0.021113826,0.33553457,0
4422,0,0.012448754,0,0.007508222,0.0008249283,0.006372869,0.012448754,0.0015076627,0.0064468146,0.007843964,0.42109507,0
4423,0,0.020442016,0,0.017341165,0.0020217896,0.008728883,0.020442016,0.0031633168,0.008686432,0.027601315,0.38339564,0
4424,0,0.014566627,0,0.010869644,0.0011253357,0.0070663732,0.014566627,0.0032558115,0.007819066,0.012680092,0.3040138,0
4425,0,0.03545588,0,0.03545588,0.0023078918,0.012110904,0.022286616,0.012943448,0.0091524795,0.026539726,0.36219883,0
4426,0,0.034984488,0,0.034984488,0.0016975403,0.017614283,0.020442016,0.0056236745,0.007534259,0.010321004,0.26167306,0
4427,0,0.020607091,0,0.020607091,0.0014781952,0.00808288,0.016479544,0.0037367835,0.009307829,0.016749516,0.28368598,0
4428,0,0.018849092,0,0.018849092,0.0012969971,0.008538882,0.014976538,0.008953481,0.007935578,0.013800657,0.25711244,0
4429,0,0.013780965,0,0.012503231,0.0010967255,0.007303875,0.013780965,0.0027378413,0.007340072,0.011854411,0.38121974,0
4430,0,0.02343543,0,0.02343543,0.0015258789,0.009944891,0.019143965,0.0048837173,0.007741391,0.013033954,0.25928214,0
4431,0,0.021667719,0,0.021667719,0.0009870529,0.009279887,0.01442999,0.008694496,0.006330303,0.0094363475,0.20754267,0
4432,0,0.23667802,0,0.23667802,0.011062622,0.02982438,0.22542313,0.009989422,0.011638066,0.34261686,0.19022137,0
4433,0,0.012585391,0,0.011874928,0.00091552734,0.0075128763,0.012585391,0.0027378413,0.0068416605,0.00896453,0.39945996,0
4434,0,0.018723432,0,0.018723432,0.0007915497,0.008006879,0.012892825,0.003607291,0.0067898775,0.010969753,0.20783895,0
4435,0,0.23812068,1,0.23812068,0.005760193,0.16839184,0.054437835,0.0061416444,0.009074804,0.01875474,0.45830655,0
4436,0,0.013644327,0,0.011372286,0.0011062622,0.007123374,0.013644327,0.002848835,0.007832011,0.01102873,0.3222353,0
4437,0,0.016210219,0,0.016210219,0.0013256073,0.0075698765,0.015215653,0.0042917514,0.008738215,0.014036566,0.41595393,0
4438,0,0.13561769,0,0.13561769,0.0059890747,0.017292,0.05393682,0.009767435,0.09316374,0.02394473,0.2512981,0
4439,0,0.11367676,0,0.11367676,0.004501343,0.018838953,0.04642162,0.0069185994,0.06238277,0.01374168,0.29759178,0
4440,0,0.018723432,0,0.018723432,0.0016880035,0.008443882,0.017845914,0.0046247323,0.0091524795,0.020052237,0.40720907,0
4441,0,0.01426248,0,0.01426248,0.0008773804,0.008044879,0.012961143,0.0035887922,0.006822242,0.008020895,0.26227984,0
4442,0,0.016964182,0,0.016964182,0.00072956085,0.008310881,0.012243799,0.0023493639,0.00704232,0.00666442,0.14089525,0
4443,1,0.4269174,1,0.4269174,0.052940834,0.24561718,0.39409557,0.0543092,0.05042134,0.43923062,0.70160854,1
4444,0,0.019100413,0,0.019100413,0.0013256073,0.010286893,0.018597418,0.0035332954,0.0079873605,0.01102873,0.3178258,0
4445,0,0.038048524,0,0.038048524,0.002412796,0.011996903,0.019553876,0.0054756827,0.009437286,0.012857023,0.38407865,0
4446,0,0.015958898,0,0.015958898,0.001206398,0.007892879,0.013336895,0.0026083488,0.007819066,0.008787598,0.26443404,0
4447,0,0.009331724,0,0.008105109,0.00052690506,0.006724371,0.009331724,0.0016649036,0.006420923,0.0030520684,0.27004868,0
4448,0,0.019728716,0,0.019728716,0.001411438,0.008519882,0.017367685,0.0037737815,0.008090926,0.0150981555,0.2921933,0
4449,1,0.4421347,1,0.4421347,0.023076924,0.06921569,0.33453682,0.12440576,0.037530303,0.5216628,0.8981763,1
4450,0,0.0118680475,0,0.009173225,0.00074386597,0.0067433715,0.0118680475,0.0027378413,0.007145886,0.007726009,0.4399621,0
4451,0,0.049089402,0,0.049089402,0.0020694733,0.016100928,0.018529098,0.005660672,0.009722093,0.011736456,0.22770919,0
4452,0,0.046368107,0,0.046368107,0.003452301,0.014124917,0.022149978,0.008065533,0.011379151,0.022765188,0.39769268,0
4453,0,0.016021729,0,0.016021729,0.0007724762,0.008614883,0.011594773,0.001951637,0.007353018,0.0057797628,0.17637692,0
4454,0,0.014464149,0,0.007853788,0.00082969666,0.006372869,0.014464149,0.0016279058,0.0064015044,0.008905552,0.6012239,0
4455,1,0.36095104,1,0.36095104,0.020127986,0.06424874,0.26641908,0.10221587,0.17648515,0.3743851,0.52527326,1
4456,0,0.15103401,1,0.15103401,0.005455017,0.027841117,0.035900343,0.0093974555,0.042662576,0.1469811,0.61952424,0
4457,0,0.030034892,0,0.030034892,0.0018787384,0.013744914,0.020373698,0.005401687,0.009307829,0.015039179,0.36421075,0
4458,0,0.01805087,0,0.017969469,0.0015926361,0.010020891,0.01805087,0.0042177555,0.0078449575,0.01374168,0.29165718,0
4459,0,0.010689554,0,0.01005285,0.00061511993,0.007911879,0.010689554,0.002848835,0.005647414,0.0050720368,0.2727277,0
4460,0,0.019854378,0,0.019854378,0.000910759,0.012300906,0.011031146,0.002293867,0.0069646453,0.0035533744,0.24548143,0
4461,1,0.64447093,1,0.64447093,0.16960317,0.16766082,0.44431314,0.051353373,0.06593887,0.70753247,0.86880463,1
4462,0,0.017341165,0,0.017341165,0.00093460083,0.0084818825,0.0127561875,0.003144818,0.0064532873,0.008905552,0.3319677,0
4463,0,0.045873325,0,0.045873325,0.0024795532,0.012870909,0.028776871,0.0058456613,0.008246276,0.0353863,0.30659708,0
4464,0,0.037105743,0,0.037105743,0.001821518,0.01617693,0.019007329,0.0069185994,0.008531082,0.011087708,0.3413917,0
4465,0,0.020373698,0,0.019980038,0.0020599365,0.009450888,0.020373698,0.006289636,0.0078449575,0.021585643,0.16823894,0
4466,0,0.022139108,0,0.022139108,0.0008010864,0.010172892,0.010347961,0.0035887922,0.007534259,0.0040399362,0.2614589,0
4467,0,0.147767,1,0.147767,0.005302429,0.07238392,0.043165036,0.030949092,0.0076637166,0.050516643,0.6012995,0
4468,0,0.09308127,0,0.09308127,0.0019264221,0.028942931,0.037904397,0.0047357255,0.006265574,0.0049540824,0.14020643,0
4469,0,0.021314176,0,0.021314176,0.0016784668,0.009431887,0.017094411,0.0054756827,0.009048914,0.018872695,0.17774591,0
4470,0,0.03592727,0,0.03592727,0.002298355,0.0103248935,0.016889455,0.0068446035,0.011327368,0.015334064,0.21648532,0
4471,0,0.11150667,0,0.11150667,0.0062942505,0.021159383,0.049678206,0.009767435,0.027861187,0.05882028,0.51529163,0
4472,0,0.035220183,0,0.035220183,0.0012683868,0.010894896,0.0138151245,0.019274252,0.0067186756,0.008433735,0.25426796,0
4473,0,0.012141321,0,0.009675868,0.0007390976,0.006819372,0.012141321,0.0033298072,0.0069387536,0.00687084,0.26970878,0
4474,0,0.17111848,0,0.17111848,0.0048065186,0.07460167,0.04366605,0.010803374,0.008505191,0.013269863,0.20078577,0
4475,0,0.00997221,0,0.0034556668,0.00020503998,0.005878866,0.00997221,0.00028673338,0.00541439,0.0029488585,0.25001284,0
4476,0,0.01220964,0,0.010618322,0.00081062317,0.0070948736,0.01220964,0.0029783275,0.0071717775,0.0062810685,0.2884344,0
4477,0,0.02779579,0,0.02779579,0.0016403198,0.0114269,0.01535229,0.0047357255,0.008789998,0.009613278,0.27032667,0
4478,0,0.034748793,0,0.034748793,0.001707077,0.012528907,0.021398475,0.0060676485,0.007857903,0.014862247,0.1803093,0
4479,0,0.023671126,0,0.023671126,0.0013160706,0.0114649,0.014464149,0.0031818156,0.00789674,0.0094363475,0.14275303,0
4480,0,0.024731753,0,0.024731753,0.0012588501,0.008880884,0.013610168,0.0014614153,0.010369381,0.010792822,0.3340226,0
4481,0,0.09112182,0,0.09112182,0.0036239624,0.025155678,0.028230323,0.0076215584,0.013631714,0.034914486,0.3293232,0
4482,0,0.012312118,0,0.011749268,0.0008583069,0.007189874,0.012312118,0.00258985,0.006977591,0.007106749,0.24109052,0
4483,0,0.013371054,0,0.012063419,0.0009727478,0.007873878,0.013371054,0.0027378413,0.007081157,0.00896453,0.24987958,0
4484,0,0.33587718,1,0.33587718,0.023076924,0.02618698,0.10425757,0.022188433,0.4467921,0.03903289,0.32440203,0
4485,1,0.8403191,0,0.8403191,0.20067264,0.8032227,0.5150164,0.28622448,0.02250864,0.08197963,0.31905505,0
4486,0,0.014702292,0,0.014702292,0.0009775162,0.008405882,0.013268576,0.0027193425,0.007029374,0.008610667,0.2330532,0
4487,0,0.08241652,0,0.08241652,0.0021076202,0.025800243,0.016479544,0.009915425,0.008103873,0.0069298176,0.24048384,0
4488,0,0.020607091,0,0.020607091,0.0012779236,0.010362893,0.016547862,0.0055866763,0.0069516995,0.0101440735,0.1677116,0
4489,0,0.07450261,0,0.07450261,0.0025367737,0.030265106,0.028230323,0.00828752,0.006815769,0.0150981555,0.26038852,0
4490,0,0.01127026,0,0.0103670005,0.00088214874,0.0069048726,0.01127026,0.0017388993,0.007029374,0.006310557,0.39461622,0
4491,0,0.016838523,0,0.016838523,0.0013256073,0.00815888,0.01627459,0.004439743,0.00866054,0.013859635,0.23004553,0
4492,0,0.014122557,0,0.013508516,0.0010871887,0.0077408776,0.014122557,0.003311308,0.0074565844,0.010615891,0.24661289,0
4493,0,0.04067813,0,0.04067813,0.002632141,0.017549826,0.022423252,0.005512681,0.009747985,0.020524055,0.31370226,0
4494,0,0.017969469,0,0.017969469,0.001335144,0.008424882,0.017026093,0.004994711,0.00866054,0.015805881,0.27507117,0
4495,1,0.20312156,1,0.20312156,0.007972717,0.031697463,0.0887236,0.018972786,0.014738814,0.3628715,0.9396885,8
4496,0,0.014771583,0,0.014136819,0.0011491776,0.0076838774,0.014771583,0.003921773,0.007819066,0.011146685,0.38260296,0
4497,0,0.013985921,0,0.012943043,0.001206398,0.006961873,0.013985921,0.0033298072,0.0082074385,0.013269863,0.18124151,0
4498,0,0.024731753,0,0.024731753,0.0013160706,0.011958904,0.017094411,0.0049577127,0.008841781,0.0150981555,0.34437022,0
4499,0,0.017982552,0,0.014513801,0.0016593933,0.008253881,0.017982552,0.0030523231,0.0074824756,0.014685315,0.26767132,0
4500,0,0.027560094,0,0.027560094,0.0011920929,0.012604907,0.015079016,0.0021273769,0.0073789097,0.010085096,0.18159565,0
4501,0,0.016342908,0,0.014450971,0.0012969971,0.0077598775,0.016342908,0.00414376,0.008194493,0.011972365,0.207276,0
4502,0,0.02779579,0,0.02779579,0.0012969971,0.01306091,0.013336895,0.004180758,0.007870848,0.009908165,0.3491293,0
4503,0,0.017341165,0,0.017341165,0.0014305115,0.0086718835,0.015728042,0.0033298072,0.007857903,0.011500548,0.2599096,0
4504,0,0.027560094,0,0.027560094,0.0018119812,0.008994885,0.020578653,0.0051797,0.010058682,0.018047014,0.22200087,0
4505,0,0.03875561,0,0.03875561,0.0013542175,0.018065477,0.013951761,0.0068076057,0.0067445673,0.008138849,0.24742018,0
4506,0,0.029445656,0,0.029445656,0.001077652,0.015340924,0.015693882,0.003311308,0.007909686,0.010969753,0.31581047,0
4507,0,0.021314176,0,0.021314176,0.0016880035,0.009355888,0.019622196,0.0064006294,0.008285114,0.016159745,0.2704275,0
4508,0,0.027088705,0,0.027088705,0.0025749207,0.010970897,0.02474608,0.008065533,0.01238892,0.03184767,0.35908297,0
4509,0,0.056263726,0,0.056263726,0.0028800964,0.01632893,0.029596692,0.0073625734,0.009100696,0.036329936,0.19426848,0
4510,0,0.13908891,0,0.13908891,0.007972717,0.03885912,0.06295506,0.014450782,0.0347677,0.0772173,0.598146,0
4511,0,0.11067997,0,0.11067997,0.004119873,0.03257891,0.025360947,0.009286462,0.013113883,0.022883141,0.1964094,0
4512,0,0.103060275,1,0.103060275,0.0035476685,0.022190686,0.036401358,0.0065856185,0.009799767,0.012680092,0.18860087,0
4513,0,0.028031485,0,0.028031485,0.0008201599,0.012604907,0.0128245065,0.003089321,0.0063238298,0.006310557,0.29823327,0
4514,0,0.012926984,0,0.010429831,0.00093460083,0.0072278744,0.012926984,0.0026823445,0.0066215824,0.0077849864,0.30855927,0
4515,0,0.022374803,0,0.022374803,0.0018596649,0.008842885,0.019485557,0.0037552824,0.009929225,0.019698374,0.20591018,0
4516,1,0.33255672,0,0.33255672,0.019740647,0.06921569,0.24341469,0.072601855,0.012699619,0.40971115,0.41810977,1
4517,0,0.014874061,0,0.011812098,0.0010824203,0.007132874,0.014874061,0.0032928092,0.0076507707,0.011087708,0.3665226,0
4518,0,0.023199737,0,0.023199737,0.001783371,0.008918885,0.014566627,0.0040512653,0.008194493,0.0150981555,0.4085301,0
4519,0,0.008955972,0,0.0055604824,0.00032901764,0.008500882,0.008955972,0.0005225947,0.0053286245,0.0025065297,0.3982605,0
4520,0,0.023317585,0,0.023317585,0.0013828278,0.009469888,0.015864678,0.0053276913,0.009256045,0.015452018,0.3861565,0
4521,0,0.016342908,0,0.015204934,0.001449585,0.00806388,0.016342908,0.0043102503,0.008919456,0.012798046,0.45136598,0
4522,0,0.024849601,0,0.024849601,0.0014877319,0.009469888,0.017777596,0.013546381,0.007534259,0.01604179,0.26825333,0
4523,0,0.023553278,0,0.023553278,0.0010824203,0.008766884,0.01261955,0.008694496,0.0076119336,0.008197826,0.27220142,0
4524,0,0.016587202,0,0.016587202,0.0008010864,0.008405882,0.012585391,0.0024973555,0.0068869707,0.007372146,0.16155952,0
4525,0,0.010177165,0,0.009424546,0.0006532669,0.007018873,0.010177165,0.0016371552,0.006317357,0.0047771507,0.35589367,0
4526,0,0.015079016,0,0.014450971,0.001206398,0.007322875,0.015079016,0.0037182847,0.008116818,0.012621114,0.3395575,0
4527,0,0.30452284,0,0.30452284,0.004501343,0.27969417,0.02932342,0.02048012,0.008712323,0.013210886,0.30378786,0
4528,0,0.015181494,0,0.014827953,0.0011396408,0.0075698765,0.015181494,0.0032188136,0.008039144,0.009613278,0.36074767,0
4529,0,0.02449606,0,0.02449606,0.0007247925,0.011920903,0.011663092,0.003385304,0.006815769,0.004983571,0.4018869,0
4530,0,0.02968135,0,0.02968135,0.0017356873,0.012148905,0.015693882,0.0043102503,0.009929225,0.011087708,0.30257487,0
4531,0,0.059727192,0,0.059727192,0.0010585785,0.053205602,0.015249812,0.00040697644,0.005348043,0.004482265,0.3913311,0
4532,1,0.081625134,1,0.081625134,0.0037193298,0.020966014,0.045419596,0.008361516,0.009851551,0.029488584,0.25096476,1
4533,0,0.019603057,0,0.019603057,0.0014686584,0.009640889,0.017367685,0.004846719,0.008919456,0.017811105,0.45117122,0
4534,0,0.040183347,0,0.040183347,0.0018596649,0.017614283,0.023174755,0.0073625734,0.010369381,0.018990649,0.33296344,0
4535,0,0.034513097,0,0.034513097,0.002040863,0.0113509,0.018324144,0.0046247323,0.0115345,0.017339287,0.3037294,0
4536,0,0.011937759,0,0.011937759,0.0006866455,0.0070473733,0.011816809,0.0028673338,0.0065956907,0.005396411,0.14583805,0
4537,0,0.011560776,0,0.011560776,0.0005197525,0.0070853736,0.009630617,0.0018498929,0.006848133,0.0037745389,0.26824486,0
4538,0,0.038991302,0,0.038991302,0.002632141,0.012642908,0.027273865,0.005438685,0.009281937,0.03585812,0.5065428,0
4539,0,0.1641865,1,0.1641865,0.005531311,0.06652143,0.05543986,0.018470341,0.016292779,0.02418064,0.38829955,0
4540,0,0.032863233,0,0.032863233,0.0024414063,0.0118069025,0.021876704,0.0058086636,0.008362788,0.02771927,0.21158825,0
4541,0,0.018723432,0,0.018723432,0.00079631805,0.008899884,0.012175481,0.0024973555,0.007741391,0.007047772,0.21750326,0
4542,0,0.033334624,0,0.033334624,0.0020313263,0.0103248935,0.018665737,0.004643231,0.010887212,0.026539726,0.7744442,0
4543,0,0.028031485,0,0.028031485,0.0014686584,0.008975885,0.016069634,0.0042732526,0.0077025536,0.008610667,0.18829665,0
4544,0,0.027560094,0,0.027560094,0.0019836426,0.010248893,0.022696527,0.0045137387,0.008764107,0.020170191,0.22354509,0
4545,0,0.032156147,0,0.032156147,0.0011348724,0.010172892,0.0137468055,0.017766917,0.0068287146,0.012562137,0.3623132,0
4546,0,0.05304765,0,0.05304765,0.0030708313,0.01767874,0.025770858,0.016058605,0.009074804,0.04238968,0.40492707,0
4547,0,0.030859824,0,0.030859824,0.0015258789,0.009906891,0.013917602,0.015355183,0.0066151097,0.0064874887,0.12995775,0
4548,0,0.010869644,0,0.010869644,0.0005173683,0.0074178753,0.009698936,0.0013411723,0.0066215824,0.003921982,0.19969769,0
4549,0,0.041915078,0,0.041915078,0.0019454956,0.018129934,0.02167175,0.0052906936,0.008893564,0.015923835,0.3419116,0
4550,0,0.10175867,0,0.10175867,0.006713867,0.025542418,0.06796519,0.025404079,0.031314444,0.047866546,0.3286008,0
4551,0,0.013068704,0,0.013068704,0.00091552734,0.00806388,0.012551232,0.0034962974,0.0068999166,0.0064285113,0.33135468,0
4552,0,0.058737632,0,0.058737632,0.0022125244,0.023221988,0.024062896,0.008361516,0.008077981,0.012208274,0.18730845,0
4553,0,0.012314741,0,0.012314741,0.00078201294,0.007123374,0.012277958,0.0026083488,0.006925808,0.0076080547,0.1933484,0
4554,0,0.051563308,0,0.051563308,0.0016403198,0.016556932,0.014190876,0.006622616,0.008129764,0.0066349315,0.21469845,0
4555,0,0.017572641,0,0.015958898,0.001373291,0.007949878,0.017572641,0.0038477771,0.007624879,0.014980201,0.2139199,0
4556,0,0.018974753,0,0.018974753,0.0016307831,0.008557882,0.018255826,0.005771666,0.009281937,0.017221333,0.36096483,0
4557,0,0.02685301,0,0.02685301,0.0018310547,0.009944891,0.016821137,0.009471451,0.0082074385,0.00855169,0.20153351,0
4558,0,0.01822079,0,0.01822079,0.0015830994,0.008443882,0.017504321,0.0048837173,0.009048914,0.01374168,0.23648794,0
4559,0,0.06263174,0,0.06263174,0.003929138,0.014960921,0.025770858,0.00725158,0.011612174,0.044333085,0.447741,0
4560,0,0.017777596,0,0.016210219,0.0015258789,0.008633883,0.017777596,0.004643231,0.008246276,0.0143904295,0.16169527,0
4561,1,0.43720075,1,0.43720075,0.024350211,0.08831572,0.37052724,0.056582913,0.025616571,0.57420796,0.6301113,1
4562,0,0.013336895,0,0.01024134,0.0009536743,0.0067908717,0.013336895,0.0029413297,0.007534259,0.01020305,0.24612994,0
4563,0,0.013131939,0,0.0075710523,0.00078201294,0.006714871,0.013131939,0.0020996283,0.006543908,0.00979021,0.29630923,0
4564,0,0.022964042,0,0.022964042,0.0012683868,0.009089886,0.01535229,0.00414376,0.008686432,0.010085096,0.37137294,0
4565,0,0.00948544,0,0.0032200534,0.00022768974,0.005560614,0.00948544,0.0006752109,0.005479119,0.0035681187,0.56557816,0
4566,0,0.029917045,0,0.029917045,0.0020503998,0.011312899,0.021125201,0.00621564,0.008893564,0.015216109,0.28401738,0
4567,1,0.10045706,1,0.10045706,0.004673004,0.028832749,0.057944927,0.010581387,0.010343489,0.029960401,0.4325732,1
4568,0,0.036634352,0,0.036634352,0.0018119812,0.010400894,0.019143965,0.0029413297,0.008349842,0.018872695,0.40216932,0
4569,0,0.20219094,0,0.20219094,0.0076675415,0.022190686,0.110447146,0.013144426,0.011974656,0.34246933,0.8687248,0
4570,0,0.03734144,0,0.03734144,0.002298355,0.011958904,0.018324144,0.0076215584,0.009230154,0.014508383,0.24951409,0
4571,0,0.044388983,0,0.044388983,0.00166893,0.022384055,0.017709278,0.011321344,0.0064597605,0.008197826,0.3531135,0
4572,0,0.021903414,0,0.021903414,0.0015163422,0.008500882,0.01764096,0.0047727237,0.009178371,0.0150981555,0.2625302,0
4573,0,0.015181494,0,0.014576632,0.0011444092,0.00810188,0.015181494,0.0044767405,0.008582866,0.011972365,0.24233288,0
4574,0,0.09033044,0,0.09033044,0.002784729,0.02122384,0.021056883,0.005660672,0.02492592,0.018990649,0.38361925,0
4575,0,0.057005897,0,0.057005897,0.0032424927,0.013820915,0.029888187,0.0057346676,0.013476364,0.027365407,0.2948277,0
4576,0,0.015693882,0,0.01438814,0.001335144,0.008272881,0.015693882,0.004402745,0.007832011,0.011500548,0.5323509,0
4577,0,0.39915034,1,0.39915034,0.023076924,0.083112895,0.26937544,0.12735364,0.09623027,0.4382661,0.6717254,0
4578,0,0.01633588,0,0.01633588,0.0010633469,0.00819688,0.012961143,0.004920715,0.007922632,0.007843964,0.20576544,0
4579,1,0.3666224,1,0.3666224,0.018126737,0.032028005,0.28938356,0.012541492,0.0130621,0.4138546,0.967854,1
4580,0,0.015318131,0,0.012817383,0.0012779236,0.008405882,0.015318131,0.0024233595,0.006770459,0.010615891,0.24967755,0
4581,0,0.067380086,0,0.067380086,0.0038337708,0.018129934,0.041661996,0.0070665907,0.011508608,0.035150394,0.2193172,0
4582,0,0.10045706,0,0.10045706,0.0035858154,0.031697463,0.017231047,0.006437627,0.010835429,0.015216109,0.51376164,0
4583,0,0.10045706,0,0.10045706,0.0012874603,0.035443626,0.015249812,0.0032003147,0.0064727063,0.007961918,0.28551996,0
4584,0,0.012380436,0,0.011749268,0.0011205673,0.007322875,0.012380436,0.0021366263,0.007314181,0.0065759546,0.37634188,0
4585,0,0.0438942,0,0.0438942,0.00166893,0.017420914,0.016069634,0.004328749,0.008634649,0.010792822,0.19259386,0
4586,0,0.017466826,0,0.017466826,0.0012397766,0.008652883,0.014805742,0.0037922803,0.007547205,0.012326228,0.26566488,0
4587,0,0.18649188,0,0.18649188,0.009727478,0.02193286,0.02836696,0.010803374,0.1401159,0.011205662,0.29818574,0
4588,0,0.09785384,0,0.09785384,0.002708435,0.022899706,0.020100424,0.0047727237,0.011741633,0.043803066,0.2260637,0
4589,0,0.009587918,0,0.0065657673,0.0005030632,0.006372869,0.009587918,0.0016001574,0.0061231707,0.0036418403,0.34475037,0
4590,0,0.014190876,0,0.011560776,0.0008773804,0.0075888764,0.014190876,0.0025713511,0.006712203,0.012798046,0.21211898,0
4591,0,0.013382856,0,0.013382856,0.00069618225,0.00821588,0.010792031,0.00258985,0.0066668927,0.0059272056,0.4134212,0
4592,0,0.012892825,0,0.01017851,0.0008678436,0.006705371,0.012892825,0.0029228306,0.006848133,0.0101440735,0.27550977,0
4593,0,0.021903414,0,0.021903414,0.0013542175,0.009070885,0.016479544,0.0034038029,0.0077802283,0.012739069,0.17425323,0
4594,0,0.01426248,0,0.01426248,0.0011062622,0.0076268767,0.014156717,0.002626848,0.00814271,0.010497936,0.25672624,0
4595,0,0.04711028,0,0.04711028,0.002231598,0.015264924,0.020100424,0.027614836,0.0077672824,0.010910776,0.17168163,0
4596,0,0.011816809,0,0.0109324735,0.00092983246,0.006952373,0.011816809,0.003866276,0.007598988,0.00625158,0.2940111,0
4597,0,0.17008601,0,0.1460314,0.0050735474,0.021159383,0.17008601,0.004920715,0.009178371,0.03231949,0.23032148,0
4598,0,0.016342908,0,0.014450971,0.0013065338,0.008044879,0.016342908,0.003884775,0.008841781,0.012621114,0.25920308,0
4599,0,0.27975297,0,0.27975297,0.007209778,0.15769513,0.10611444,0.013043936,0.05236103,0.05493347,0.44660318,0
4600,0,0.02072494,0,0.02072494,0.0016880035,0.0088618845,0.0166845,0.004402745,0.008893564,0.014862247,0.3645006,0
4601,0,0.010655395,0,0.008544922,0.0007200241,0.006838372,0.010655395,0.0026638457,0.006835188,0.00625158,0.27421308,0
4602,0,0.3266089,1,0.3266089,0.019095084,0.25404143,0.19770569,0.10221587,0.13161413,0.044686433,0.50799054,0
4603,0,0.03062413,0,0.03062413,0.0014209747,0.0115029,0.01764096,0.00569767,0.00713294,0.010674868,0.21928547,0
4604,0,0.04166769,0,0.04166769,0.0010061264,0.017420914,0.016001316,0.002552852,0.006738094,0.0067233974,0.19956094,0
4605,0,0.08004235,0,0.08004235,0.0046920776,0.017227544,0.042413518,0.022188433,0.032005094,0.03184767,0.5155054,0
4606,0,0.10175867,0,0.10175867,0.0023841858,0.033019636,0.019553876,0.008398513,0.010447056,0.010438959,0.1967765,0
4607,0,0.02685301,0,0.02685301,0.0015354156,0.010476895,0.016547862,0.0048097214,0.008919456,0.012916001,0.26194847,0
4608,0,0.05205809,1,0.05205809,0.0030899048,0.010248893,0.024951037,0.0038292783,0.021472665,0.025832001,0.19927134,0
4609,0,0.009434202,0,0.005937464,0.00041246414,0.006325369,0.009434202,0.0019701358,0.006220264,0.00312579,0.2519804,0
4610,0,0.019854378,0,0.019854378,0.0010633469,0.013326911,0.012277958,0.0057346676,0.0058739646,0.007313169,0.59649926,0
4611,0,0.011048226,0,0.010304171,0.0008010864,0.00650587,0.011048226,0.001951637,0.0071070488,0.0046002194,0.1743979,0
4612,0,0.030859824,0,0.030859824,0.0015354156,0.00983089,0.014361672,0.017867407,0.007340072,0.007401635,0.16866903,0
4613,0,0.25727063,0,0.25727063,0.008964539,0.21368977,0.08290444,0.038167715,0.0082074385,0.014213498,0.18945833,0
4614,0,0.012107162,0,0.011937759,0.0007009506,0.007645877,0.012107162,0.0030338243,0.0071717775,0.0070772604,0.2611797,0
4615,1,0.1460314,1,0.1460314,0.0041389465,0.025542418,0.040409464,0.008657498,0.012440704,0.24668139,0.37546358,1
4616,0,0.12867521,0,0.12867521,0.0034713745,0.027605021,0.060951006,0.031464707,0.008712323,0.16221367,0.7784964,0
4617,1,0.07371122,1,0.07371122,0.0018501282,0.030816011,0.019280603,0.006770608,0.008090926,0.011441571,0.34250602,1
4618,0,0.024142517,0,0.024142517,0.0011014938,0.009450888,0.013063621,0.0027748393,0.007754337,0.01020305,0.26801756,0
4619,0,0.02920996,0,0.02920996,0.001783371,0.012414906,0.02303812,0.00569767,0.0077802283,0.0143904295,0.18937851,0
4620,0,0.025792383,0,0.025792383,0.0024604797,0.009165886,0.020442016,0.004920715,0.010835429,0.034442667,0.4446831,0
4621,0,0.026145924,0,0.026145924,0.001783371,0.010856897,0.01579636,0.007843546,0.007832011,0.010674868,0.31908068,0
4622,0,0.05205809,0,0.05205809,0.0028800964,0.01767874,0.02932342,0.014752249,0.011586283,0.023119051,0.37731636,0
4623,0,0.019980038,0,0.019980038,0.00078201294,0.010476895,0.011475217,0.0021181274,0.0071717775,0.0061926027,0.5474615,0
4624,0,0.014576632,0,0.014576632,0.0010538101,0.008652883,0.014464149,0.004384246,0.008013252,0.011441571,0.2528979,0
4625,0,0.018974753,0,0.018974753,0.001335144,0.007968879,0.014259194,0.006992595,0.008155655,0.010556913,0.3720719,0
4626,0,0.044388983,0,0.044388983,0.0029754639,0.010400894,0.021876704,0.008435511,0.010628296,0.01769315,0.23630475,0
4627,0,0.0127561875,0,0.01225191,0.0009393692,0.007645877,0.0127561875,0.0027933381,0.0072365063,0.008610667,0.24661268,0
4628,1,0.09915545,1,0.09915545,0.00579834,0.024124376,0.0684662,0.01274247,0.025098583,0.052990068,0.42358267,1
4629,0,0.015079274,0,0.015079274,0.0011014938,0.007493876,0.014532468,0.0034592997,0.007353018,0.009495324,0.25306898,0
4630,0,0.05750068,0,0.05750068,0.0028419495,0.025284592,0.022901481,0.011469335,0.009178371,0.048219893,0.6759406,0
4631,0,0.040183347,0,0.040183347,0.0016307831,0.012338906,0.015044857,0.026007013,0.006712203,0.0080798725,0.14810152,0
4632,0,0.009784333,0,0.008544922,0.0005054474,0.0070853736,0.009784333,0.0015446605,0.006356194,0.004275845,0.19105197,0
4633,0,0.03781283,0,0.03781283,0.0015544891,0.015264924,0.016957775,0.004328749,0.009411395,0.013505772,0.3208295,0
4634,0,0.022846194,0,0.022846194,0.0010967255,0.013630914,0.015659723,0.002330865,0.007417747,0.008905552,0.32263196,0
4635,0,0.15490346,0,0.15490346,0.0045776367,0.053205602,0.07999486,0.009064475,0.011275585,0.020052237,0.24895465,0
4636,0,0.012995303,0,0.011623607,0.0008392334,0.0076268767,0.012995303,0.002173624,0.0066345283,0.006222091,0.2347517,0
4637,0,0.16678599,0,0.16678599,0.005302429,0.071116626,0.07611542,0.012441003,0.013269233,0.031375855,0.5029373,0
4638,0,0.035220183,0,0.035220183,0.0020694733,0.0113889,0.02385794,0.003884775,0.008634649,0.023590868,0.34930745,0
4639,0,0.02402467,0,0.02402467,0.0018596649,0.009146886,0.019143965,0.0058456613,0.010343489,0.016277699,0.3759309,0
4640,0,0.01633588,0,0.01633588,0.0012207031,0.008443882,0.014122557,0.0039772694,0.0076507707,0.008138849,0.16369429,0
4641,0,0.013166099,0,0.010492661,0.00086307526,0.0071043735,0.013166099,0.002626848,0.0070164283,0.007961918,0.21600659,0
4642,0,0.019477395,0,0.019477395,0.0016593933,0.008519882,0.018529098,0.0053276913,0.009903334,0.018636785,0.4996404,0
4643,0,0.027913637,0,0.027913637,0.0012159348,0.010742896,0.014634945,0.003921773,0.0077672824,0.010379982,0.27137685,0
4644,0,0.021196328,0,0.021196328,0.00079631805,0.0103248935,0.012687869,0.0020163832,0.0064597605,0.007313169,0.1812998,0
4645,0,0.030977672,0,0.030977672,0.0025177002,0.011274899,0.021466793,0.0068446035,0.009851551,0.024062686,0.21125917,0
4646,0,0.04290464,0,0.04290464,0.0019454956,0.014960921,0.016957775,0.0034592997,0.009955117,0.014331453,0.19478638,0
4647,0,0.08637348,0,0.08637348,0.0042152405,0.022964163,0.057944927,0.023595277,0.021300001,0.043096375,0.2702357,0
4648,0,0.02308189,0,0.02308189,0.0015354156,0.010628895,0.016411226,0.004402745,0.008259222,0.013210886,0.21214487,0
4649,0,0.32289913,0,0.32289913,0.018578632,0.08558089,0.31043148,0.014752249,0.015429466,0.2404197,0.24092056,0
4650,1,0.7510937,0,0.7510937,0.023076924,0.7344449,0.44431314,0.03919895,0.007935578,0.029134722,0.18368237,0
4651,0,0.014839902,0,0.012691722,0.001206398,0.0074558756,0.014839902,0.0028118372,0.007521313,0.011677479,0.22856656,0
4652,0,0.012503231,0,0.012503231,0.00094890594,0.006895372,0.012107162,0.0021088778,0.0072235605,0.004806639,0.19903049,0
4653,0,0.019226074,0,0.019226074,0.0011348724,0.009678889,0.011406898,0.013546381,0.0060066585,0.007667032,0.3027588,0
4654,0,0.3234372,0,0.3234372,0.01393057,0.0816321,0.24910301,0.059311368,0.009178371,0.3927861,0.5256328,0
4655,0,0.043399423,0,0.043399423,0.0010204315,0.01819439,0.012961143,0.0023863618,0.007547205,0.0053669224,0.336457,0
4656,0,0.025674535,0,0.025674535,0.001964569,0.012414906,0.019485557,0.0051427023,0.008375733,0.012031343,0.16903354,0
4657,0,0.015644746,0,0.015644746,0.0011539459,0.008405882,0.015283971,0.0032928092,0.008039144,0.012444182,0.25290635,0
4658,0,0.027677942,0,0.027677942,0.001206398,0.011578901,0.01620627,0.00984143,0.00675104,0.009849187,0.18260077,0
4659,0,0.026263772,0,0.026263772,0.0016784668,0.010096892,0.017777596,0.006178642,0.00948907,0.01710338,0.3733973,0
4660,0,0.08241652,0,0.08241652,0.005455017,0.016860934,0.062454045,0.016058605,0.03235042,0.06482717,0.53639805,0
4661,0,0.17371799,0,0.17371799,0.008544922,0.056719027,0.069969244,0.014953227,0.04686524,0.043096375,0.37930718,0
4662,0,0.027560094,0,0.027560094,0.0020980835,0.009431887,0.020851927,0.0055866763,0.01052473,0.020642009,0.5143471,0
4663,1,0.15600902,0,0.15600902,0.0044822693,0.033019636,0.07482228,0.009212466,0.008323951,0.33312085,0.5536784,1
4664,0,0.2553839,0,0.2553839,0.004501343,0.16266862,0.054437835,0.0059936526,0.009307829,0.028780859,0.22714017,0
4665,0,0.049336795,0,0.049336795,0.0017642975,0.020643732,0.02023706,0.005253696,0.007314181,0.008787598,0.21092808,0
4666,0,0.046120718,0,0.046120718,0.0011873245,0.02012808,0.017231047,0.0063266335,0.008401625,0.010438959,0.23218875,0
4667,0,0.02107848,0,0.02107848,0.0012969971,0.008348881,0.015488927,0.0040512653,0.008129764,0.017457243,0.17866047,0
4668,0,0.025085296,0,0.025085296,0.0029945374,0.010552894,0.021808386,0.0038107792,0.008453408,0.028898813,0.21007255,0
4669,0,0.014532468,0,0.0126288915,0.001039505,0.0074558756,0.014532468,0.0036812867,0.0076119336,0.010792822,0.26841825,0
4670,0,0.019854378,0,0.019854378,0.0015449524,0.008443882,0.017709278,0.0035517942,0.007586042,0.01710338,0.23602788,0
4671,0,0.012858666,0,0.0109324735,0.00094890594,0.007474876,0.012858666,0.0037367835,0.007598988,0.010497936,0.37037674,0
4672,0,0.020607091,0,0.020607091,0.0016880035,0.011046898,0.016479544,0.0035887922,0.0060778605,0.011323617,0.31705126,0
4673,0,0.021903414,0,0.021903414,0.0012779236,0.008614883,0.016069634,0.004125261,0.00823333,0.011205662,0.21021277,0
4674,0,0.10609736,0,0.10609736,0.003967285,0.018967867,0.024131214,0.04048799,0.017156094,0.016277699,0.29886085,0
4675,0,0.015488927,0,0.015142105,0.001335144,0.0075698765,0.015488927,0.0037552824,0.008556974,0.016985426,0.28899315,0
4676,0,0.014156717,0,0.0137598375,0.0010585785,0.008918885,0.014156717,0.004384246,0.00756015,0.0066349315,0.28386065,0
4677,0,0.009733095,0,0.009110395,0.00049591064,0.0066103707,0.009733095,0.002848835,0.0062914654,0.0037745389,0.36755267,0
4678,0,0.016821137,0,0.0154562555,0.0013065338,0.008937885,0.016821137,0.004088263,0.007145886,0.012798046,0.15305936,0
4679,0,0.031331215,0,0.031331215,0.0012969971,0.010970897,0.014839902,0.004125261,0.009204263,0.0067823743,0.29870996,0
4680,0,0.015581916,0,0.015581916,0.0011920929,0.008025879,0.014293353,0.00414376,0.007935578,0.010733845,0.29363957,0
4681,0,0.041172907,0,0.041172907,0.0038719177,0.012604907,0.025087673,0.005512681,0.014911477,0.02665768,0.45182315,0
4682,0,0.02779579,0,0.02779579,0.001964569,0.009184887,0.019280603,0.004994711,0.010214032,0.015805881,0.22359535,0
4683,0,0.019728716,0,0.019728716,0.0011873245,0.008880884,0.014703264,0.002885833,0.0077802283,0.009082484,0.15732622,0
4684,0,0.014827953,0,0.014827953,0.0007724762,0.008044879,0.01309778,0.0032743104,0.006641001,0.006605443,0.34332183,0
4685,0,0.13908891,0,0.13908891,0.005836487,0.037395194,0.060951006,0.00984143,0.010188141,0.01686747,0.21090057,0
4686,0,0.017215505,0,0.017215505,0.0008535385,0.00810188,0.012551232,0.002552852,0.007793174,0.0080798725,0.23363954,0
4687,0,0.010774951,0,0.009047564,0.0005364418,0.00651537,0.010774951,0.0022568693,0.006246155,0.0039514704,0.22419937,0
4688,0,0.009203627,0,0.0074139764,0.00053167343,0.00651537,0.009203627,0.0024973555,0.0061878995,0.002771927,0.23831485,0
4689,0,0.01633588,0,0.01633588,0.00084877014,0.008842885,0.012243799,0.0024788564,0.006770459,0.0087286215,0.18168698,0
4690,0,0.079250954,0,0.079250954,0.0023460388,0.017088935,0.027273865,0.0055866763,0.008582866,0.020052237,0.2372341,0
4691,0,0.029092113,0,0.029092113,0.0020694733,0.010932897,0.020168742,0.0076215584,0.009463178,0.02229337,0.30586687,0
4692,0,0.021549871,0,0.021549871,0.0010871887,0.010058892,0.014361672,0.004162259,0.0074306927,0.0076080547,0.3850429,0
4693,0,0.058490243,0,0.058490243,0.0031471252,0.011160898,0.054938845,0.006511623,0.009126588,0.14825049,0.6663585,0
4694,0,0.14256015,0,0.14256015,0.0022697449,0.047349896,0.027273865,0.011839314,0.0069387536,0.008787598,0.48066255,0
4695,0,0.016964182,0,0.016964182,0.0006008148,0.011274899,0.010228404,0.0015631594,0.006420923,0.0031110456,0.3518598,0
4696,0,0.010433359,0,0.005937464,0.00048398972,0.006952373,0.010433359,0.0008417012,0.0057898173,0.005042548,0.55103284,0
4697,0,0.083999306,0,0.083999306,0.0008678436,0.030375287,0.013507691,0.0016094068,0.0058221817,0.0035533744,0.13722552,0
4698,0,0.023788974,0,0.023788974,0.0017929077,0.010020891,0.017982552,0.0076215584,0.009074804,0.014862247,0.24611716,0
4699,0,0.011936366,0,0.011874928,0.00077724457,0.006724371,0.011936366,0.0027933381,0.007029374,0.007106749,0.19508116,0
4700,0,0.014122557,0,0.010429831,0.0009775162,0.007778878,0.014122557,0.0017666477,0.0067898775,0.010556913,0.3519674,0
4701,0,0.23198941,0,0.23198941,0.005302429,0.082866095,0.072882555,0.010581387,0.009747985,0.048396565,0.25990105,0
4702,0,0.02779579,0,0.02779579,0.0018501282,0.012034904,0.020578653,0.004680229,0.008259222,0.014862247,0.2407182,0
4703,0,0.25462922,1,0.25462922,0.015092585,0.09416737,0.13344458,0.18002926,0.03235042,0.28160158,0.54228824,0
4704,0,0.017718147,0,0.017718147,0.0014305115,0.008709883,0.016479544,0.0045322375,0.008427517,0.012562137,0.24366243,0
4705,0,0.04735767,0,0.04735767,0.0025749207,0.016100928,0.034146797,0.00776955,0.0091524795,0.02854495,0.57511145,0
4706,0,0.06184035,0,0.06184035,0.002746582,0.025284592,0.029186781,0.008102531,0.00823333,0.019226557,0.29750106,0
4707,0,0.035691574,0,0.035691574,0.0019359589,0.016708933,0.018187506,0.010729378,0.008311004,0.009731233,0.1966846,0
4708,0,0.013268576,0,0.009361716,0.0009584427,0.0067433715,0.013268576,0.0030153254,0.0070164283,0.009908165,0.3481327,0
4709,1,0.50503236,1,0.50503236,0.1597006,0.36798462,0.39409557,0.11744241,0.07016479,0.46473637,0.85778815,1
4710,0,0.01265371,0,0.0126288915,0.0008058548,0.0072468747,0.01265371,0.0034038029,0.0068999166,0.0065464657,0.19047385,0
4711,0,0.015958898,0,0.015958898,0.0013256073,0.00813988,0.015932998,0.004088263,0.008194493,0.014862247,0.24768038,0
4712,0,0.017162729,0,0.016838523,0.0014686584,0.008272881,0.017162729,0.004846719,0.008582866,0.017457243,0.22455104,0
4713,0,0.11367676,0,0.11367676,0.005455017,0.023479814,0.05268429,0.026007013,0.02924249,0.05246005,0.2941054,0
4714,0,0.17545098,0,0.17545098,0.008468628,0.036435258,0.07191269,0.015154205,0.042985857,0.03727357,0.3103958,0
4715,0,0.018095128,0,0.018095128,0.001077652,0.009165886,0.012038844,0.003385304,0.006912862,0.0064874887,0.278421,0
4716,0,0.026970858,0,0.026970858,0.0020503998,0.012072904,0.019143965,0.0047727237,0.009230154,0.019108603,0.34272632,0
4717,0,0.01627459,0,0.015896067,0.0012969971,0.008291881,0.01627459,0.0036812867,0.008168601,0.013977589,0.32859537,0
4718,0,0.04711028,0,0.04711028,0.0031661987,0.011920903,0.02344803,0.007732552,0.016810767,0.026539726,0.31508988,0
4719,0,0.009357343,0,0.002638873,0.0002682209,0.0056176144,0.009357343,0.0008509507,0.005495301,0.003081557,0.20602441,0
4720,0,0.025910228,0,0.025910228,0.0014400482,0.008348881,0.017367685,0.0035887922,0.010602405,0.01710338,0.39691177,0
4721,0,0.041172907,0,0.041172907,0.0013446808,0.017088935,0.014566627,0.010655383,0.009903334,0.009200439,0.30391222,0
4722,0,0.02543884,0,0.02543884,0.001745224,0.018129934,0.016752819,0.008398513,0.008440462,0.009554301,0.23788904,0
4723,0,0.09438288,0,0.09438288,0.0016975403,0.04207976,0.0166845,0.00984143,0.007935578,0.00855169,0.36829683,0
4724,0,0.048099842,0,0.048099842,0.0028419495,0.017549826,0.028913507,0.005364689,0.010783645,0.038453113,0.25396824,0
4725,0,0.13561769,0,0.13561769,0.0038337708,0.029714199,0.09098661,0.0075105648,0.008453408,0.018164968,0.17422143,0
4726,0,0.026145924,0,0.026145924,0.0013637543,0.015264924,0.01764096,0.0033298072,0.0072106146,0.009849187,0.6636854,0
4727,1,0.7888968,1,0.7510937,0.61260825,0.26957804,0.7888968,0.3072352,0.108496375,0.80728596,0.832823,25
4728,0,0.03639866,0,0.03639866,0.0018310547,0.012072904,0.01887069,0.008324518,0.0100069,0.016395653,0.25775483,0
4729,0,0.03875561,0,0.03875561,0.0019264221,0.012832909,0.021056883,0.0064006294,0.00933372,0.026067909,0.2778523,0
4730,0,0.016712861,0,0.016712861,0.00082969666,0.008557882,0.012892825,0.0031818156,0.0077672824,0.007313169,0.23523776,0
4731,0,0.07291982,0,0.07291982,0.003643036,0.01632893,0.026863953,0.008916483,0.010032792,0.043626394,0.4354087,0
4732,0,0.013257195,0,0.013257195,0.00061035156,0.008842885,0.010365041,0.0026823445,0.006272047,0.0040104473,0.22918528,0
4733,0,0.012585391,0,0.012503231,0.00091552734,0.007009373,0.012585391,0.0027193425,0.0078449575,0.0067823743,0.27025667,0
4734,0,0.013439372,0,0.012691722,0.0009202957,0.0074178753,0.013439372,0.0031633168,0.0072882893,0.0101440735,0.24169326,0
4735,0,0.054531995,0,0.054531995,0.0018310547,0.018323302,0.017777596,0.010581387,0.008427517,0.009318393,0.21860617,0
4736,0,0.016712861,0,0.016712861,0.0010156631,0.0081208795,0.013473531,0.0034223017,0.007547205,0.00937737,0.18049711,0
4737,0,0.015147334,0,0.014702292,0.001335144,0.008253881,0.015147334,0.0040512653,0.007624879,0.013446795,0.24146475,0
4738,0,0.015896067,0,0.015896067,0.0012302399,0.007360875,0.015283971,0.0035517942,0.008155655,0.011677479,0.35317314,0
4739,0,0.021785567,0,0.021785567,0.00074386597,0.010970897,0.0108774295,0.0030523231,0.0063238298,0.003730306,0.23267353,0
4740,1,0.33453682,1,0.2786282,0.02077355,0.06424874,0.33453682,0.035589635,0.018537397,0.40971115,0.4949355,3
4741,0,0.00997221,0,0.008921904,0.0005078316,0.0074178753,0.00997221,0.00207188,0.0059678215,0.0030520684,0.34198776,0
4742,0,0.11912931,0,0.11912931,0.005378723,0.017872108,0.09899642,0.0068076057,0.008194493,0.20911126,0.4203834,0
4743,0,0.19870108,0,0.19870108,0.0038146973,0.10587067,0.033645786,0.0065486208,0.0067316215,0.009082484,0.4439748,0
4744,0,0.023199737,0,0.023199737,0.0017547607,0.008880884,0.020100424,0.006511623,0.010032792,0.01792906,0.3330915,0
4745,0,0.15545623,0,0.15545623,0.002155304,0.071433455,0.014122557,0.002330865,0.008220384,0.0037745389,0.24828868,0
4746,0,0.054531995,0,0.054531995,0.0018978119,0.009868891,0.02973333,0.00224762,0.006485652,0.15586677,0.4079455,0
4747,0,0.36095104,0,0.36095104,0.020644438,0.054376744,0.037403382,0.013546381,0.49142194,0.008138849,0.26253834,0
4748,1,0.6491204,1,0.6491204,0.16960317,0.16831873,0.47191826,0.029144434,0.07016479,0.73542696,0.967854,1
4749,0,0.016547862,0,0.014890783,0.0015735626,0.008006879,0.016547862,0.003348306,0.008323951,0.012444182,0.22773299,0
4750,0,0.024378212,0,0.024378212,0.0019073486,0.010856897,0.018119188,0.004920715,0.00899713,0.014331453,0.23538339,0
4751,0,0.013200258,0,0.011497946,0.0009965897,0.0072658747,0.013200258,0.00258985,0.00746953,0.008905552,0.2034847,0
4752,0,0.1893425,0,0.1893425,0.0048065186,0.0350029,0.025087673,0.017264472,0.13448004,0.009495324,0.25062302,0
4753,0,0.02449606,0,0.02449606,0.0012969971,0.009982891,0.016137952,0.004384246,0.007586042,0.011795434,0.3066476,0
4754,0,0.02343543,0,0.02343543,0.0014781952,0.00979289,0.019212283,0.0041992567,0.007922632,0.015452018,0.32838577,0
4755,0,0.012517073,0,0.004115385,0.000910759,0.006030867,0.012517073,0.0008370765,0.0055859215,0.011677479,0.3296711,0
4756,0,0.0113044195,0,0.008796243,0.0007200241,0.0065628705,0.0113044195,0.0024418586,0.0068416605,0.008256803,0.21271962,0
4757,0,0.028502874,0,0.028502874,0.0008916855,0.013364912,0.011509376,0.0025713511,0.0076507707,0.005248968,0.337088,0
4758,0,0.0131943645,0,0.0131943645,0.0009965897,0.007474876,0.012687869,0.0034962974,0.0077025536,0.008610667,0.3245763,0
4759,0,0.021549871,0,0.021549871,0.0013256073,0.009526889,0.015420608,0.003385304,0.008194493,0.008433735,0.24451824,0
4760,0,0.02920996,0,0.02920996,0.0018310547,0.011654901,0.019963788,0.0050317086,0.009100696,0.014154521,0.36515665,0
4761,0,0.07291982,0,0.07291982,0.00289917,0.023028618,0.025634222,0.0055496786,0.008375733,0.030196311,0.53599757,0
4762,0,0.15269235,0,0.15269235,0.005493164,0.020966014,0.048175167,0.011765319,0.029933142,0.03397085,0.21551518,0
4763,0,0.11398677,0,0.11398677,0.004749298,0.016632931,0.017777596,0.011025362,0.08089764,0.0053079454,0.36945057,0
4764,0,0.015581916,0,0.015581916,0.0011062622,0.007531876,0.014942379,0.0038477771,0.007689608,0.01020305,0.17778036,0
4765,0,0.21642438,1,0.21642438,0.011978149,0.02708937,0.038906425,0.09659086,0.016638106,0.016395653,0.32237282,0
4766,0,0.17285149,0,0.17285149,0.0051498413,0.06337463,0.059447967,0.02721288,0.02613456,0.057406895,0.4348502,0
4767,0,0.016838523,0,0.016838523,0.0009584427,0.008538882,0.01309778,0.0021366263,0.007094103,0.010321004,0.3217181,0
4768,0,0.1460314,1,0.1460314,0.0064086914,0.015264924,0.046171114,0.007473567,0.11616269,0.021231782,0.20570235,0
4769,0,0.103060275,0,0.103060275,0.00459671,0.015644927,0.026044132,0.027413858,0.0083886795,0.008256803,0.18090047,0
4770,0,0.01265371,0,0.010995304,0.00069618225,0.0072848746,0.01265371,0.0032003147,0.0067898775,0.007902941,0.24450739,0
4771,0,0.027442247,0,0.027442247,0.001745224,0.011958904,0.022969801,0.0048097214,0.0086087575,0.014154521,0.32084882,0
4772,0,0.01822079,0,0.01822079,0.001745224,0.008310881,0.01805087,0.004680229,0.009566744,0.020759964,0.2664443,0
4773,0,0.05799546,0,0.05799546,0.0020217896,0.02173949,0.02071529,0.004439743,0.00823333,0.015569973,0.40899462,0
4774,0,0.02449606,0,0.02449606,0.0010728836,0.011236899,0.015728042,0.0043657473,0.0068028234,0.009141461,0.16299166,0
4775,0,0.015707577,0,0.015707577,0.001077652,0.00810188,0.015010698,0.0034408006,0.006757513,0.010910776,0.29226848,0
4776,0,0.019477395,0,0.019477395,0.0008869171,0.009279887,0.012277958,0.0038292783,0.007340072,0.0061926027,0.32630846,0
4777,0,0.034748793,0,0.034748793,0.0018882751,0.016936934,0.01887069,0.0055496786,0.008686432,0.010674868,0.41032222,0
4778,0,0.015249812,0,0.012063419,0.0011825562,0.007892879,0.015249812,0.003884775,0.007832011,0.012326228,0.43241036,0
4779,0,0.016712861,0,0.016712861,0.0015354156,0.008006879,0.01627459,0.004125261,0.008764107,0.01710338,0.37686223,0
4780,0,0.020231359,0,0.020231359,0.001411438,0.008424882,0.018324144,0.004125261,0.008556974,0.012208274,0.21909924,0
4781,0,0.014136819,0,0.014136819,0.00068187714,0.007873878,0.012175481,0.0035702933,0.006440342,0.0050720368,0.19592784,0
4782,0,0.015283971,0,0.015267765,0.0012397766,0.00821588,0.015283971,0.0044767405,0.008531082,0.012149297,0.30040708,0
4783,0,0.037105743,0,0.037105743,0.0019359589,0.011920903,0.017231047,0.009915425,0.008026198,0.015452018,0.31353262,0
4784,0,0.011970525,0,0.0056547276,0.00047445297,0.006648371,0.011970525,0.0010544389,0.005867492,0.0053669224,0.31361607,0
4785,0,0.023788974,0,0.023788974,0.0015258789,0.008728883,0.017367685,0.0055866763,0.009385503,0.014213498,0.30673894,0
4786,0,0.014874061,0,0.0131943645,0.0011491776,0.007816878,0.014874061,0.003366805,0.007689608,0.012326228,0.25750944,0
4787,0,0.021903414,0,0.021903414,0.0009012222,0.010362893,0.0127903465,0.002626848,0.007262398,0.0071362373,0.55552465,0
4788,0,0.14950264,0,0.14950264,0.0038528442,0.047935467,0.018734055,0.06476828,0.008686432,0.015687928,0.5574634,0
4789,0,0.044636376,0,0.044636376,0.0014209747,0.015644927,0.014805742,0.0035517942,0.007547205,0.007047772,0.18633415,0
4790,0,0.069754265,0,0.069754265,0.0019264221,0.026831545,0.023311393,0.009693438,0.006809296,0.012326228,0.2687111,0
4791,0,0.024142517,0,0.024142517,0.0016498566,0.0107048955,0.018529098,0.0046247323,0.008867673,0.012798046,0.19034271,0
4792,0,0.031684756,0,0.031684756,0.0011014938,0.017012933,0.013985921,0.0023678627,0.0067769317,0.0056323195,0.28589028,0
4793,0,0.045131154,0,0.045131154,0.0031089783,0.013782915,0.025360947,0.0063266335,0.011612174,0.021939507,0.24002205,0
4794,0,0.19789438,0,0.19789438,0.008392334,0.04852104,0.104876526,0.015053716,0.011689849,0.18052423,0.25146547,0
4795,1,0.8364697,1,0.8364697,0.1465323,0.7775208,0.4840093,0.5707127,0.012440704,0.05493347,0.36255473,0
4796,0,0.077668175,0,0.077668175,0.0037956238,0.017088935,0.04291453,0.017364962,0.03235042,0.044509757,0.43808156,0
4797,0,0.022256956,0,0.022256956,0.0019264221,0.009203887,0.01893901,0.0068076057,0.0104988385,0.020642009,0.3754321,0
4798,0,0.044388983,0,0.044388983,0.0016212463,0.018774498,0.017914234,0.0034223017,0.008129764,0.0143904295,0.45535997,0
4799,0,0.013336895,0,0.011874928,0.00089645386,0.007341875,0.013336895,0.0030153254,0.0074954215,0.008374758,0.44068265,0
4800,0,0.023671126,0,0.023671126,0.0007200241,0.011692902,0.010296722,0.0050687063,0.0068869707,0.004747662,0.32363316,0
4801,0,0.012440401,0,0.012440401,0.0007677078,0.007797878,0.011543535,0.0024788564,0.0067316215,0.006310557,0.18520562,0
4802,0,0.026617315,0,0.026617315,0.00091552734,0.015036922,0.012892825,0.004402745,0.0068287146,0.006516977,0.3884492,0
4803,0,0.11479026,1,0.11479026,0.009155273,0.03566399,0.094219476,0.019575719,0.025961896,0.057053547,0.36563092,0
4804,0,0.044141594,0,0.044141594,0.0024604797,0.013896915,0.026454043,0.0054756827,0.008712323,0.050516643,0.27108338,0
4805,0,0.13388206,0,0.13388206,0.0042915344,0.045007613,0.03840541,0.10221587,0.0086087575,0.014980201,0.20145525,0
4806,0,0.031684756,0,0.031684756,0.002040863,0.0096028885,0.02208166,0.004920715,0.010032792,0.018047014,0.21346048,0
4807,0,0.03875561,0,0.03875561,0.0019359589,0.010628895,0.019007329,0.0075845607,0.008285114,0.013859635,0.19907673,0
4808,0,0.06065326,0,0.06065326,0.0037574768,0.018581128,0.031391226,0.008657498,0.01101667,0.034678575,0.26791734,0
4809,0,0.01646154,0,0.01646154,0.001373291,0.0081208795,0.016035475,0.0035702933,0.008194493,0.01332884,0.4063592,0
4810,0,0.043399423,0,0.043399423,0.0029563904,0.013896915,0.036651865,0.00621564,0.010835429,0.031611763,0.33189875,0
4811,0,0.019854378,0,0.019854378,0.0011634827,0.0092228865,0.015523086,0.004421244,0.008129764,0.012739069,0.39576587,0
4812,0,0.010091767,0,0.008607753,0.0005197525,0.006705371,0.010091767,0.001812895,0.0063626673,0.004541242,0.22188072,0
4813,0,0.01218908,0,0.01218908,0.00071048737,0.007778878,0.011936366,0.0027563404,0.0067963502,0.0076080547,0.19706585,0
4814,0,0.2786282,0,0.2786282,0.023076924,0.06652143,0.17803068,0.038167715,0.13464862,0.1948028,0.5748168,0
4815,0,0.016547862,0,0.016210219,0.001449585,0.008310881,0.016547862,0.0047727237,0.0089712385,0.01792906,0.31676894,0
4816,0,0.1641865,1,0.1641865,0.005531311,0.06652143,0.05543986,0.018470341,0.016292779,0.02418064,0.42933923,0
4817,0,0.17285149,1,0.17285149,0.0052261353,0.06858205,0.04516909,0.016259583,0.016810767,0.021113826,0.33637446,0
4818,1,0.43475235,1,0.43475235,0.07542343,0.04910661,0.17864552,0.0775651,0.52547425,0.05157668,0.35914356,0
4819,0,0.10826672,0,0.10826672,0.0020885468,0.04442204,0.013712646,0.009064475,0.010576514,0.0051310137,0.24009305,0
4820,0,0.20195828,0,0.20195828,0.008049011,0.05144889,0.0816113,0.016159095,0.029933142,0.033263125,0.2605326,0
4821,0,0.03192045,0,0.03192045,0.0017547607,0.0129089095,0.021876704,0.004236255,0.007637825,0.015216109,0.23539345,0
4822,0,0.037577134,0,0.037577134,0.0016880035,0.013440913,0.019143965,0.004088263,0.006977591,0.027011544,0.75527453,0
4823,1,0.103060275,1,0.103060275,0.003452301,0.026960457,0.036401358,0.009434453,0.010835429,0.10102894,0.41081604,3
4824,0,0.0103821205,0,0.009864358,0.0006723404,0.007341875,0.0103821205,0.0036627878,0.0064144502,0.0047771507,0.26365778,0
4825,0,0.022728346,0,0.022728346,0.0010633469,0.009944891,0.013234417,0.0040512653,0.006602164,0.0056323195,0.28794974,0
4826,0,0.012943043,0,0.012943043,0.0009441376,0.007132874,0.011441057,0.0020811295,0.007365964,0.0050720368,0.19704549,0
4827,0,0.012448754,0,0.0103670005,0.00084400177,0.0070948736,0.012448754,0.0023863618,0.0070034824,0.008020895,0.17563272,0
4828,0,0.021314176,0,0.021314176,0.0013542175,0.008291881,0.013951761,0.0021181274,0.007857903,0.01209032,0.21460083,0
4829,0,0.30502358,0,0.30502358,0.019611536,0.16809943,0.29209393,0.026408968,0.027343199,0.0706691,0.53056234,0
4830,0,0.03062413,0,0.03062413,0.002784729,0.009678889,0.021808386,0.0054756827,0.011042561,0.031139946,0.35057792,0
4831,0,0.079250954,0,0.079250954,0.0014877319,0.023479814,0.016616182,0.003144818,0.0067963502,0.0068118633,0.18096432,0
4832,0,0.030741978,0,0.030741978,0.0019454956,0.011920903,0.019348921,0.006289636,0.008634649,0.018400878,0.26143572,0
4833,1,0.8778702,1,0.8778702,0.34942797,0.45135358,0.8255558,0.057492398,0.038911607,0.8897913,0.7784964,2
4834,0,0.01041628,0,0.0074139764,0.00059366226,0.0064108693,0.01041628,0.0021273769,0.0062849927,0.0046002194,0.25995484,0
4835,0,0.016821137,0,0.01608456,0.0014591217,0.007664877,0.016821137,0.0048097214,0.009256045,0.016513607,0.45117465,0
4836,0,0.23235008,0,0.23235008,0.007095337,0.057890166,0.0816113,0.07012023,0.018019408,0.055286817,0.3224816,0
4837,0,0.017341165,0,0.017341165,0.0014305115,0.0086718835,0.016889455,0.0050687063,0.0086087575,0.014449406,0.42215684,0
4838,0,0.020231359,0,0.020231359,0.0014781952,0.010172892,0.017777596,0.0053276913,0.0086087575,0.012208274,0.27828586,0
4839,0,0.03639866,0,0.03639866,0.0018501282,0.015264924,0.017982552,0.0046987277,0.007819066,0.013800657,0.3248088,0
4840,0,0.09525062,0,0.09525062,0.0016784668,0.032468732,0.017299367,0.009545447,0.007417747,0.0066349315,0.36767757,0
4841,0,0.0113044195,0,0.009864358,0.0006723404,0.007360875,0.0113044195,0.0026823445,0.0068999166,0.006310557,0.33210617,0
4842,0,0.015079274,0,0.015079274,0.00094890594,0.0074558756,0.012722028,0.0028673338,0.007521313,0.008787598,0.38288546,0
4843,0,0.05378982,0,0.05378982,0.0025939941,0.012680908,0.023174755,0.007732552,0.009540852,0.03231949,0.26851037,0
4844,0,0.34757367,0,0.34757367,0.017674843,0.05964688,0.06195303,0.015857628,0.49142194,0.010733845,0.46032014,0
4845,0,0.020607091,0,0.020607091,0.0016212463,0.009241886,0.01490822,0.004180758,0.009048914,0.010792822,0.2530531,0
4846,0,0.025910228,0,0.025910228,0.00081062317,0.011236899,0.010894509,0.0026453468,0.0078449575,0.005956694,0.43515763,0
4847,0,0.0128245065,0,0.008984734,0.0006055832,0.006895372,0.0128245065,0.0015354111,0.0067251488,0.009259416,0.2685664,0
4848,0,0.011492296,0,0.010995304,0.00069618225,0.0072468747,0.011492296,0.0029043318,0.0065244893,0.0052194796,0.16635062,0
4849,0,0.015693882,0,0.014702292,0.0011110306,0.0076838774,0.015693882,0.005512681,0.007922632,0.013564749,0.16793334,0
4850,0,0.014600786,0,0.0137598375,0.001077652,0.0075128763,0.014600786,0.0029228306,0.0074954215,0.01250316,0.27056125,0
4851,0,0.057748068,0,0.057748068,0.0010681152,0.022190686,0.011970525,0.015958117,0.0062267366,0.004482265,0.18942894,0
4852,0,0.0438942,0,0.0438942,0.0022697449,0.018967867,0.022218296,0.0059936526,0.00756015,0.015687928,0.43409154,0
4853,0,0.023553278,0,0.023553278,0.001335144,0.019934712,0.01354185,0.0031263188,0.005496919,0.009023507,0.66883874,0
4854,0,0.02826718,0,0.02826718,0.0022602081,0.01313691,0.023994578,0.005660672,0.009981008,0.018636785,0.39390957,0
4855,0,0.025320992,0,0.025320992,0.0014209747,0.011274899,0.02023706,0.0045507364,0.008712323,0.01686747,0.25456047,0
4856,0,0.008904734,0,0.0017749562,0.00013113022,0.005218612,0.008904734,0.00025436026,0.005335097,0.0022411325,0.53378963,0
4857,0,0.017718147,0,0.017718147,0.001411438,0.008367881,0.017026093,0.005253696,0.008841781,0.020288147,0.54915917,0
4858,0,0.014464149,0,0.011120965,0.0010347366,0.0074558756,0.014464149,0.0030153254,0.00756015,0.011323617,0.27958536,0
4859,0,0.012312118,0,0.0076652975,0.0006008148,0.0067433715,0.012312118,0.0032003147,0.00675104,0.011087708,0.281478,0
4860,0,0.16043124,1,0.16043124,0.0052261353,0.06477321,0.05393682,0.017766917,0.016120117,0.024416547,0.4346322,0
4861,0,0.01438814,0,0.01438814,0.0007247925,0.007892879,0.012448754,0.004180758,0.0065827454,0.005189991,0.26904276,0
4862,0,0.27047762,1,0.27047762,0.009002686,0.0670459,0.098067984,0.23846684,0.012492486,0.03420676,0.19411838,0
4863,0,0.01442999,0,0.013445686,0.0011396408,0.007531876,0.01442999,0.0032743104,0.0077154995,0.0108517995,0.2956219,0
4864,0,0.23739935,0,0.23739935,0.018126737,0.075868964,0.084844165,0.10221587,0.012596053,0.04980995,0.21582569,0
4865,0,0.030270588,0,0.030270588,0.00092983246,0.015264924,0.012141321,0.0058826595,0.0069646453,0.0066349315,0.5000029,0
4866,0,0.015249812,0,0.014765122,0.0010681152,0.008044879,0.015249812,0.0030523231,0.00704232,0.009731233,0.21815737,0
4867,0,0.01627459,0,0.015581916,0.0013923645,0.008006879,0.01627459,0.0037182847,0.008453408,0.013269863,0.32863545,0
4868,0,0.013951761,0,0.009990019,0.0010156631,0.006667371,0.013951761,0.0029968263,0.007754337,0.011205662,0.35023296,0
4869,0,0.013576009,0,0.013257195,0.00092983246,0.007607877,0.013576009,0.0029783275,0.007534259,0.009731233,0.2409401,0
4870,0,0.02048268,0,0.02048268,0.0014686584,0.009241886,0.017162729,0.00984143,0.0077672824,0.015923835,0.32330838,0
4871,0,0.09915545,0,0.09915545,0.0050354004,0.022190686,0.057443913,0.01087737,0.0130621,0.044156414,0.2711733,0
4872,0,0.04290464,0,0.04290464,0.002861023,0.014238917,0.022628209,0.029917859,0.009981008,0.021585643,0.27684563,0
4873,1,0.27975297,0,0.27975297,0.0090789795,0.023093075,0.15195307,0.023796257,0.00951496,0.40438387,0.54674625,1
4874,0,0.112746716,1,0.112746716,0.008239746,0.012148905,0.025497584,0.0042732526,0.13582869,0.018518832,0.30417788,0
4875,0,0.013697007,0,0.013697007,0.0007581711,0.00821588,0.012141321,0.0031818156,0.006699257,0.0059272056,0.17571616,0
4876,0,0.024731753,0,0.024731753,0.0019741058,0.010058892,0.020373698,0.0048097214,0.00967031,0.023590868,0.21786077,0
4877,0,0.023788974,0,0.023788974,0.0014400482,0.009906891,0.015523086,0.015455672,0.008000307,0.010262027,0.36161086,0
4878,0,0.05898502,0,0.05898502,0.0035095215,0.025155678,0.032142747,0.029660052,0.009204263,0.016985426,0.3787148,0
4879,0,0.10913446,0,0.10913446,0.0043296814,0.014504919,0.014395831,0.00466173,0.09929679,0.0054258998,0.2542419,0
4880,0,0.018734055,0,0.017969469,0.0018024445,0.00813988,0.018734055,0.0034777985,0.008039144,0.016631562,0.25814074,0
4881,0,0.13561769,0,0.13561769,0.008506775,0.020579277,0.041661996,0.011099357,0.1338057,0.044686433,0.41467223,0
4882,0,0.040183347,0,0.040183347,0.001745224,0.017088935,0.018665737,0.004236255,0.009411395,0.011913388,0.53327596,0
4883,0,0.039935954,0,0.039935954,0.0015354156,0.014808921,0.017299367,0.0059936526,0.0077802283,0.012916001,0.2824079,0
4884,0,0.28547668,0,0.28547668,0.013607788,0.11616662,0.240511,0.010433395,0.009747985,0.17671418,0.5938452,0
4885,0,0.01859777,0,0.01859777,0.00071048737,0.010286893,0.011492296,0.0026453468,0.006543908,0.0059272056,0.18728742,0
4886,0,0.02048268,0,0.02048268,0.0013160706,0.008975885,0.015181494,0.0073625734,0.0074824756,0.012149297,0.21426709,0
4887,0,0.064458095,0,0.06104896,0.0035476685,0.017936565,0.064458095,0.0048837173,0.009230154,0.029842447,0.37459886,0
4888,0,0.012754552,0,0.012754552,0.00067710876,0.008975885,0.010689554,0.0017388993,0.006382086,0.005160502,0.3831084,0
4889,0,0.11429678,0,0.11429678,0.003566742,0.05262003,0.060951006,0.010137413,0.007793174,0.026421772,0.35151806,0
4890,0,0.024378212,0,0.024378212,0.0012874603,0.010856897,0.014190876,0.0052166977,0.007547205,0.007961918,0.2296966,0
4891,0,0.011628932,0,0.009990019,0.00091552734,0.00813988,0.011628932,0.0015446605,0.0063432488,0.008669644,0.44163597,0
4892,0,0.026145924,0,0.026145924,0.0009870529,0.0113509,0.013507691,0.0034408006,0.006543908,0.005602831,0.2904936,0
4893,0,0.017969469,0,0.017969469,0.0005412102,0.0107048955,0.010569996,0.0030338243,0.006003422,0.003980959,0.23586704,0
4894,0,0.04290464,0,0.04290464,0.0018501282,0.010248893,0.022013342,0.0028118372,0.008427517,0.04079962,0.40219644,0
4895,0,0.015393426,0,0.015393426,0.00094890594,0.009260887,0.012585391,0.003348306,0.0074306927,0.010438959,0.30123714,0
4896,0,0.015581916,0,0.015581916,0.0009012222,0.007835878,0.0127561875,0.0030708222,0.007327127,0.008138849,0.42659238,0
4897,0,0.014771583,0,0.013697007,0.0011825562,0.007664877,0.014771583,0.0037922803,0.007793174,0.012680092,0.3363049,0
4898,0,0.014498309,0,0.01419965,0.0012111664,0.007968879,0.014498309,0.0029413297,0.007417747,0.009908165,0.23716478,0
4899,0,0.028856417,0,0.028856417,0.0022602081,0.009146886,0.021740068,0.004643231,0.010162249,0.02229337,0.34326997,0
4900,0,0.02779579,0,0.02779579,0.0020694733,0.012642908,0.020988565,0.0052906936,0.009048914,0.014508383,0.22063246,0
4901,0,0.027206551,0,0.027206551,0.0018119812,0.011578901,0.017914234,0.0052906936,0.010938995,0.015334064,0.37369862,0
4902,0,0.05205809,0,0.05205809,0.0026893616,0.014162917,0.024814399,0.017163984,0.008259222,0.030196311,0.18059689,0
4903,0,0.10783285,0,0.10783285,0.0036239624,0.017936565,0.040409464,0.013043936,0.009955117,0.04115297,0.27713948,0
4904,0,0.024613906,0,0.024613906,0.0020980835,0.011122898,0.020373698,0.0058086636,0.009100696,0.013623727,0.23171182,0
4905,0,0.045131154,0,0.045131154,0.003929138,0.014808921,0.02836696,0.009545447,0.011456826,0.027011544,0.30137822,0
4906,0,0.023788974,0,0.023788974,0.0014686584,0.008614883,0.011628932,0.0018498929,0.011819307,0.007224703,0.28426927,0
4907,0,0.017231047,0,0.015267765,0.0013065338,0.008291881,0.017231047,0.004439743,0.0078449575,0.015216109,0.1827183,0
4908,0,0.025203144,0,0.025203144,0.0017929077,0.010400894,0.018392462,0.004920715,0.009048914,0.016277699,0.3746865,0
4909,0,0.019854378,0,0.019854378,0.00166893,0.008006879,0.016752819,0.0047727237,0.009359611,0.015805881,0.2305543,0
4910,0,0.01834645,0,0.01834645,0.0016593933,0.00806388,0.016957775,0.0047357255,0.009359611,0.016631562,0.44370878,0
4911,0,0.06065326,0,0.06065326,0.0012683868,0.026058068,0.014225035,0.006030651,0.007909686,0.0054848767,0.1876987,0
4912,0,0.015267765,0,0.015267765,0.00096797943,0.008975885,0.013200258,0.0030338243,0.007094103,0.0065759546,0.18193336,0
4913,0,0.03592727,0,0.03592727,0.0021743774,0.012186904,0.018597418,0.005956655,0.009126588,0.016159745,0.19191355,0
4914,0,0.06896287,0,0.06896287,0.0017547607,0.032909457,0.017026093,0.0066596144,0.0068287146,0.009141461,0.45728084,0
4915,0,0.012073003,0,0.0072569004,0.0005030632,0.0075128763,0.012073003,0.0014799143,0.0055956305,0.0087286215,0.4965265,0
4916,0,0.112953395,0,0.112953395,0.0032997131,0.027730936,0.026454043,0.009249465,0.012647836,0.030078357,0.7171461,0
4917,0,0.021549871,0,0.021549871,0.0018596649,0.011008898,0.01887069,0.0052906936,0.0078449575,0.016749516,0.3986748,0
4918,0,0.023317585,0,0.023317585,0.0023651123,0.008994885,0.020442016,0.005438685,0.010214032,0.020642009,0.36034608,0
4919,0,0.016616182,0,0.007351146,0.0015830994,0.0065723704,0.016616182,0.0011191851,0.0057412707,0.019344512,0.29732117,0
4920,0,0.015204934,0,0.015204934,0.0010156631,0.009070885,0.014225035,0.002330865,0.0076507707,0.008492713,0.25575808,0
4921,0,0.017215505,0,0.017215505,0.0013923645,0.00815888,0.01579636,0.0039957687,0.008440462,0.012444182,0.27374464,0
4922,0,0.02638162,0,0.02638162,0.0014400482,0.010476895,0.019895468,0.0045692353,0.008531082,0.013859635,0.21010545,0
4923,0,0.026028076,0,0.026028076,0.0012111664,0.012680908,0.01627459,0.0038292783,0.006912862,0.014862247,0.33161238,0
4924,0,0.085582085,0,0.085582085,0.0024223328,0.03665562,0.02795705,0.00449524,0.008039144,0.011972365,0.44039598,0
4925,0,0.015454767,0,0.0137598375,0.0010967255,0.008538882,0.015454767,0.0022013725,0.006815769,0.013446795,0.23022912,0
4926,0,0.013257195,0,0.013257195,0.0007009506,0.008443882,0.010621235,0.0016279058,0.0065827454,0.004275845,0.22744074,0
4927,0,0.020960633,0,0.020960633,0.0010585785,0.010780896,0.014327513,0.004920715,0.0074954215,0.009141461,0.2671046,0
4928,0,0.057005897,0,0.057005897,0.0023174286,0.013858915,0.02474608,0.008657498,0.009903334,0.09983836,0.46075284,0
4929,0,0.054531995,0,0.054531995,0.0025367737,0.014960921,0.023174755,0.013043936,0.010731863,0.019462466,0.39944243,0
4930,0,0.017215505,0,0.017215505,0.0011920929,0.008652883,0.016479544,0.003903274,0.007948523,0.014036566,0.20414938,0
4931,0,0.011816809,0,0.009675868,0.00076293945,0.0066198707,0.011816809,0.0022013725,0.0069387536,0.0069298176,0.17762965,0
4932,0,0.03309893,0,0.03309893,0.0018787384,0.017614283,0.017914234,0.00621564,0.00823333,0.009908165,0.29187247,0
4933,0,0.029799197,0,0.029799197,0.0022506714,0.011312899,0.022286616,0.0058456613,0.009178371,0.024652457,0.46391407,0
4934,0,0.024967449,0,0.024967449,0.0012302399,0.011844902,0.015181494,0.0026638457,0.007081157,0.00896453,0.1769347,0
4935,0,0.3389984,1,0.3389984,0.023076924,0.06477321,0.21024476,0.024198212,0.2836219,0.34505856,0.49438998,0
4936,1,0.19694418,1,0.19694418,0.006713867,0.030485468,0.07967158,0.016460562,0.012130005,0.3743851,0.4899111,5
4937,0,0.013571346,0,0.013571346,0.0007009506,0.007911879,0.011560614,0.003644289,0.0064144502,0.0045707305,0.2139825,0
4938,0,0.009801413,0,0.0070369947,0.0005221367,0.006838372,0.009801413,0.0015076627,0.0062785195,0.0040104473,0.20403959,0
4939,0,0.027442247,0,0.027442247,0.0021266937,0.009944891,0.019007329,0.00569767,0.009437286,0.0204061,0.5084864,0
4940,0,0.009835573,0,0.008984734,0.00056266785,0.0072468747,0.009835573,0.0017573982,0.006220264,0.0031847672,0.22630909,0
4941,0,0.112436704,0,0.112436704,0.0037002563,0.02982438,0.033645786,0.007917541,0.01119791,0.028898813,0.45114425,0
4942,0,0.016210219,0,0.016210219,0.00056266785,0.010780896,0.013302735,0.00075383135,0.0060260775,0.0064580003,0.29117504,0
4943,0,0.022256956,0,0.022256956,0.0017929077,0.009051885,0.017845914,0.004439743,0.0089712385,0.016277699,0.36703092,0
4944,0,0.01426248,0,0.01426248,0.0010919571,0.0075128763,0.012517073,0.0022661188,0.0075083673,0.008492713,0.19357325,0
4945,0,0.017089844,0,0.017089844,0.0011920929,0.008557882,0.015488927,0.0039587705,0.007573096,0.01102873,0.33763915,0
4946,0,0.01174849,0,0.0043038763,0.00047683716,0.0061068675,0.01174849,0.0009896926,0.0058286544,0.0062810685,0.2011023,0
4947,0,0.014600786,0,0.01438814,0.0013160706,0.0076838774,0.014600786,0.0045507364,0.0075083673,0.011146685,0.26647288,0
4948,0,0.022374803,0,0.022374803,0.0014305115,0.009203887,0.017436003,0.0027748393,0.00814271,0.016277699,0.19564834,0
4949,0,0.019728716,0,0.019728716,0.0015640259,0.007949878,0.0166845,0.0042547537,0.008815889,0.016159745,0.46321943,0
4950,0,0.010826191,0,0.009173225,0.000603199,0.006990373,0.010826191,0.0021458757,0.006815769,0.005160502,0.2799113,0
4951,0,0.020607091,0,0.020607091,0.0015830994,0.008823884,0.01887069,0.0049577127,0.008919456,0.018047014,0.35942215,0
4952,0,0.015249812,0,0.009173225,0.0012111664,0.007151874,0.015249812,0.0019978844,0.0066927844,0.011323617,0.32961783,0
4953,0,0.32919475,1,0.32919475,0.012054443,0.15769513,0.1110661,0.17459276,0.018364733,0.27564603,0.6743243,0
4954,0,0.025360947,0,0.022256956,0.0024986267,0.01302291,0.025360947,0.00310782,0.006912862,0.0204061,0.4177618,0
4955,0,0.024260364,0,0.024260364,0.0014400482,0.010856897,0.017299367,0.003921773,0.007948523,0.013918612,0.35958934,0
4956,0,0.04216247,0,0.04216247,0.0022602081,0.014124917,0.022013342,0.0058086636,0.008336896,0.026303818,0.5383097,0
4957,0,0.01834645,0,0.01834645,0.0006914139,0.009488888,0.011236101,0.0021828737,0.0063950317,0.0040694247,0.2231455,0
4958,0,0.021785567,0,0.021785567,0.0012683868,0.009165886,0.016411226,0.006363631,0.008039144,0.009613278,0.3740504,0
4959,0,0.014639461,0,0.014639461,0.00096797943,0.009488888,0.0137468055,0.0026453468,0.0067963502,0.006693909,0.3635708,0
4960,0,0.06184035,0,0.06184035,0.0024986267,0.01313691,0.023652986,0.003644289,0.011793415,0.012857023,0.22141288,0
4961,0,0.19789438,0,0.19789438,0.007820129,0.02051482,0.03189224,0.013345404,0.13815513,0.0068118633,0.32865685,0
4962,0,0.013849284,0,0.013697007,0.0011062622,0.007949878,0.013849284,0.0030338243,0.007534259,0.009259416,0.42324194,0
4963,0,0.01633588,0,0.01633588,0.0006723404,0.008443882,0.010638315,0.0021366263,0.007314181,0.0051310137,0.2202277,0
4964,0,0.011765569,0,0.009990019,0.00081062317,0.0063918694,0.011765569,0.00258985,0.007197669,0.0070772604,0.2925683,0
4965,0,0.026263772,0,0.026263772,0.0014305115,0.009051885,0.017914234,0.0036997858,0.00948907,0.01710338,0.21516053,0
4966,0,0.012277958,0,0.0056547276,0.0006008148,0.006163868,0.012277958,0.001415168,0.0061814263,0.0068118633,0.3333816,0
4967,0,0.026028076,0,0.026028076,0.0018978119,0.00979289,0.020920247,0.0047172266,0.009644418,0.018518832,0.2598867,0
4968,0,0.046120718,0,0.046120718,0.0020122528,0.02051482,0.020100424,0.006622616,0.00756015,0.013859635,0.5193321,0
4969,0,0.016752819,0,0.015833238,0.0014877319,0.009203887,0.016752819,0.0056236745,0.008375733,0.012149297,0.29840156,0
4970,0,0.24282593,0,0.24282593,0.013285006,0.030265106,0.06946823,0.10221587,0.013424582,0.01769315,0.23496945,0
4971,0,0.01859777,0,0.01859777,0.001783371,0.008538882,0.017436003,0.00466173,0.009178371,0.01769315,0.25626913,0
4972,0,0.11202335,0,0.11202335,0.0073623657,0.016556932,0.060951006,0.010729378,0.025271246,0.10043365,0.403144,0
4973,0,0.012585391,0,0.011183795,0.000910759,0.0067528714,0.012585391,0.0030338243,0.0072106146,0.009908165,0.47290087,0
4974,0,0.049584184,0,0.049584184,0.0024032593,0.011958904,0.02030538,0.025002124,0.011430934,0.011264639,0.26403612,0
4975,0,0.016838523,0,0.016838523,0.0012874603,0.0075508766,0.015420608,0.002885833,0.008349842,0.009967142,0.26030394,0
4976,0,0.050573748,0,0.050573748,0.0032043457,0.014048916,0.026590679,0.0065856185,0.009722093,0.046099816,0.5528427,0
4977,0,0.021196328,0,0.021196328,0.0019359589,0.009184887,0.017231047,0.003866276,0.009307829,0.015923835,0.25038788,0
4978,0,0.037105743,0,0.037105743,0.0022697449,0.012224905,0.017504321,0.009619443,0.009126588,0.012857023,0.1620762,0
4979,0,0.08953904,0,0.08953904,0.0044441223,0.012642908,0.043165036,0.005919657,0.01187109,0.09388545,0.64932215,0
4980,0,0.018723432,0,0.018723432,0.0010538101,0.008500882,0.013883443,0.0032928092,0.0072365063,0.008610667,0.18000336,0
4981,0,0.0131943645,0,0.0131943645,0.0008201599,0.007778878,0.011253181,0.0025713511,0.006550381,0.004629708,0.18774478,0
4982,0,0.015113175,0,0.01438814,0.0012159348,0.007949878,0.015113175,0.003884775,0.007857903,0.0115595255,0.25051957,0
4983,0,0.013885498,0,0.013885498,0.00086307526,0.007607877,0.012995303,0.0048097214,0.006809296,0.009141461,0.20050363,0
4984,0,0.019226074,0,0.019226074,0.0014972687,0.008405882,0.01764096,0.0037552824,0.0089712385,0.01480327,0.44212648,0
4985,0,0.033334624,0,0.033334624,0.0015926361,0.010628895,0.017299367,0.011765319,0.0086087575,0.012916001,0.5433829,0
4986,0,0.016210219,0,0.016210219,0.0012779236,0.009051885,0.015249812,0.0035332954,0.008013252,0.01102873,0.36020327,0
4987,0,0.023788974,0,0.023788974,0.0014877319,0.009564889,0.017162729,0.0050687063,0.0075083673,0.015687928,0.21575484,0
4988,0,0.026617315,0,0.026617315,0.0018692017,0.012148905,0.019690514,0.0046987277,0.008738215,0.013033954,0.24081482,0
4989,0,0.020607091,0,0.020607091,0.00062942505,0.012642908,0.010672474,0.0014429165,0.0061037517,0.0037155617,0.27226517,0
4990,0,0.05824285,0,0.05824285,0.0023174286,0.01625293,0.023789622,0.006178642,0.01101667,0.017575197,0.21018398,0
4991,0,0.054779384,0,0.054779384,0.0016784668,0.014732921,0.016957775,0.009545447,0.011819307,0.011382594,0.1910052,0
4992,0,0.011680172,0,0.009550206,0.00059843063,0.007303875,0.011680172,0.0022013725,0.0063497215,0.0053079454,0.2068777,0
4993,1,0.16331999,1,0.16331999,0.0045394897,0.033680726,0.04216301,0.013144426,0.008259222,0.27564603,0.5222204,2
4994,0,0.022256956,0,0.022256956,0.0014305115,0.011008898,0.017162729,0.0039587705,0.007754337,0.010321004,0.24317709,0
4995,0,0.03734144,0,0.03734144,0.0026893616,0.010096892,0.024609445,0.005364689,0.010343489,0.027837224,0.28253075,0
4996,0,0.020842785,0,0.020842785,0.0011014938,0.009336887,0.014259194,0.0022013725,0.007314181,0.011087708,0.22193468,0
4997,0,0.013576009,0,0.013257195,0.0009584427,0.0076268767,0.013576009,0.0035887922,0.0077154995,0.010556913,0.3352958,0
4998,0,0.011623607,0,0.011623607,0.0005745888,0.00979289,0.0113215,0.0017019014,0.0056409407,0.0054258998,0.34090105,0
4999,0,0.03828422,0,0.03828422,0.0013256073,0.012148905,0.013985921,0.028418748,0.007029374,0.005750274,0.20913401,0
5000,0,0.037105743,0,0.037105743,0.002784729,0.011046898,0.026317406,0.0056236745,0.012492486,0.02689359,0.29843667,0
5001,0,0.021785567,0,0.021785567,0.00076293945,0.011540901,0.012892825,0.0034038029,0.0066280556,0.0069887945,0.2197456,0
5002,0,0.034984488,0,0.034984488,0.002155304,0.012262905,0.021876704,0.0073255757,0.009307829,0.023001095,0.5077242,0
5003,0,0.009818493,0,0.007696713,0.00053167343,0.007028373,0.009818493,0.0014244175,0.006058442,0.002771927,0.24013789,0
5004,0,0.009306105,0,0.0029216092,0.00034809113,0.005669865,0.009306105,0.00087407435,0.00560534,0.004806639,0.34582388,0
5005,0,0.019477395,0,0.019477395,0.001411438,0.009127886,0.016411226,0.004069764,0.0078449575,0.013269863,0.22388344,0
5006,1,0.5559701,1,0.5559701,0.16960317,0.35677677,0.47191826,0.10221587,0.075531214,0.6401225,0.558732,2
5007,0,0.03639866,0,0.03639866,0.0025177002,0.010970897,0.023584666,0.0050687063,0.010628296,0.026539726,0.3396628,0
5008,0,0.1991664,0,0.1991664,0.0062942505,0.100019015,0.07223598,0.04332388,0.010654188,0.03184767,0.23844993,0
5009,0,0.016587202,0,0.016587202,0.0007915497,0.009431887,0.012073003,0.0020626306,0.0066345283,0.0062810685,0.15296987,0
5010,0,0.08241652,0,0.08241652,0.0024223328,0.014580919,0.026317406,0.028016793,0.0073918556,0.07781259,0.28994045,0
5011,0,0.022964042,0,0.022964042,0.0013446808,0.009431887,0.017162729,0.0034408006,0.0082074385,0.015452018,0.32773912,0
5012,0,0.024849601,0,0.024849601,0.0016403198,0.009393888,0.016821137,0.00466173,0.009618527,0.015805881,0.3795137,0
5013,0,0.03639866,0,0.03639866,0.0011730194,0.013820915,0.015249812,0.002848835,0.009981008,0.0094363475,0.28398788,0
5014,1,0.50789946,1,0.50789946,0.024866661,0.08508729,0.39409557,0.089145996,0.039602257,0.57420796,0.8348608,1
5015,0,0.010809111,0,0.008796243,0.0006389618,0.0066293706,0.010809111,0.0018961402,0.00666042,0.004983571,0.1695922,0
5016,0,0.16765249,0,0.16765249,0.01825585,0.10440776,0.13168186,0.028628819,0.032695748,0.1773492,0.31439286,0
5017,0,0.028620722,0,0.028620722,0.0017929077,0.011920903,0.018392462,0.004162259,0.0071588317,0.01769315,0.23003134,0
5018,0,0.08479069,0,0.08479069,0.0019741058,0.026960457,0.020851927,0.002552852,0.0076766624,0.0060746484,0.17917195,0
5019,0,0.014293353,0,0.011497946,0.0011253357,0.007322875,0.014293353,0.0029413297,0.0074954215,0.011736456,0.32842934,0
5020,0,0.17631748,0,0.17631748,0.005607605,0.029934563,0.0838743,0.008102531,0.012803185,0.04009293,0.4261103,0
5021,0,0.32764325,1,0.32764325,0.015350811,0.0838533,0.16031636,0.08252834,0.3203622,0.34375978,0.6734294,0
5022,0,0.027913637,0,0.027913637,0.001335144,0.015872927,0.014771583,0.004088263,0.007353018,0.00666442,0.44899228,0
5023,0,0.022964042,0,0.022964042,0.0008869171,0.0113889,0.011714331,0.0025158543,0.006822242,0.0063695344,0.1919915,0
5024,0,0.023553278,0,0.023553278,0.0016975403,0.009317887,0.017299367,0.005660672,0.009100696,0.016159745,0.42985794,0
5025,0,0.027677942,0,0.027677942,0.0013542175,0.012946909,0.015625564,0.0062526376,0.0068416605,0.011146685,0.44018787,0
5026,0,0.03781283,0,0.03781283,0.0022411346,0.016860934,0.021876704,0.010803374,0.008764107,0.021703599,0.5114884,0
5027,0,0.027560094,0,0.027560094,0.00207901,0.011122898,0.019622196,0.00932346,0.010421164,0.017221333,0.32482594,0
5028,0,0.02543884,0,0.02543884,0.001745224,0.011160898,0.019212283,0.006881601,0.008789998,0.016395653,0.37595665,0
5029,0,0.022728346,0,0.022728346,0.00084400177,0.010628895,0.010655395,0.0058086636,0.0069516995,0.0034943973,0.18511206,0
5030,0,0.028974265,0,0.028974265,0.0023078918,0.0103248935,0.017299367,0.004347248,0.007857903,0.01875474,0.28333336,0
5031,0,0.022728346,0,0.022728346,0.0013923645,0.010096892,0.017777596,0.0047727237,0.008155655,0.016159745,0.3205571,0
5032,0,0.011458136,0,0.009675868,0.00067710876,0.0069713728,0.011458136,0.0018591423,0.0064985976,0.0063695344,0.20820597,0
5033,0,0.16331999,0,0.16331999,0.005340576,0.054376744,0.031140719,0.02721288,0.04363242,0.07424085,0.52338004,0
5034,1,0.43230394,1,0.43230394,0.020257099,0.086852804,0.29984993,0.034300596,0.023889944,0.57420796,0.51132,0
5035,0,0.30427247,1,0.30427247,0.016125489,0.082619295,0.12815644,0.17769934,0.060443077,0.06518051,0.3229963,0
5036,0,0.015488927,0,0.013822667,0.0012016296,0.007322875,0.015488927,0.004236255,0.008362788,0.013859635,0.2407634,0
5037,0,0.02072494,0,0.02072494,0.0017642975,0.00979289,0.019485557,0.006622616,0.008841781,0.016749516,0.26004905,0
5038,0,0.0414203,0,0.0414203,0.001783371,0.018516673,0.013712646,0.0040512653,0.0077802283,0.009082484,0.33969617,0
5039,0,0.02343543,0,0.02343543,0.0015544891,0.009374888,0.0166845,0.003385304,0.008634649,0.014921224,0.23117258,0
5040,0,0.11098998,0,0.11098998,0.0038909912,0.019999169,0.018734055,0.08170113,0.018710058,0.009318393,0.21180674,0
5041,0,0.012277958,0,0.011623607,0.0008392334,0.0070758737,0.012277958,0.0030153254,0.00704232,0.0094363475,0.2665673,0
5042,0,0.019100413,0,0.019100413,0.0010585785,0.009241886,0.013336895,0.0039772694,0.0075083673,0.010438959,0.24669684,0
5043,0,0.08716487,0,0.08716487,0.0032424927,0.014732921,0.020646973,0.010507392,0.045895394,0.010556913,0.32473087,0
5044,0,0.013948329,0,0.013948329,0.0009870529,0.007778878,0.013131939,0.0031818156,0.007534259,0.0072541917,0.1783762,0
5045,0,0.30427247,0,0.30427247,0.020257099,0.16551061,0.15985115,0.06294931,0.043309137,0.06518051,0.44232652,0
5046,0,0.06184035,0,0.06184035,0.002861023,0.0233509,0.031641733,0.008435511,0.012285355,0.024652457,0.38260734,0
5047,0,0.013439372,0,0.009487377,0.00081539154,0.0074368757,0.013439372,0.0016464046,0.0064532873,0.009495324,0.18389986,0
5048,0,0.031684756,0,0.031684756,0.0014209747,0.011730902,0.017914234,0.00466173,0.008440462,0.013092931,0.21463218,0
5049,0,0.017843807,0,0.017843807,0.00078201294,0.009032886,0.012961143,0.0019053896,0.006039023,0.011618502,0.26587918,0
5050,0,0.021432023,0,0.021432023,0.0016593933,0.010666896,0.01887069,0.00449524,0.007974415,0.011382594,0.20691308,0
5051,0,0.029445656,0,0.029445656,0.0015830994,0.011160898,0.01887069,0.004606233,0.0075083673,0.016395653,0.364537,0
5052,0,0.03309893,0,0.03309893,0.0020217896,0.010628895,0.015318131,0.0068446035,0.010809537,0.010792822,0.23546675,0
5053,0,0.021667719,0,0.021667719,0.0014972687,0.009640889,0.01846078,0.0045322375,0.007870848,0.014744292,0.36653048,0
5054,0,0.08874765,0,0.08874765,0.0032043457,0.023221988,0.059948977,0.0071775843,0.008505191,0.038217206,0.28385624,0
5055,0,0.021903414,0,0.021903414,0.0016498566,0.009488888,0.018597418,0.0037737815,0.008686432,0.01686747,0.28226054,0
5056,0,0.02107848,0,0.02107848,0.0010871887,0.009355888,0.013849284,0.0034408006,0.007754337,0.0094363475,0.22921963,0
5057,0,0.112333365,0,0.112333365,0.0050735474,0.028942931,0.05543986,0.0068446035,0.010680079,0.059526972,0.6198006,0
5058,0,0.012346277,0,0.008921904,0.00096321106,0.0067623714,0.012346277,0.0026638457,0.007327127,0.00937737,0.5492597,0
5059,0,0.014890783,0,0.014890783,0.0010251999,0.007778878,0.014088398,0.0027193425,0.007314181,0.010321004,0.3476619,0
5060,0,0.024260364,0,0.024260364,0.0011873245,0.011578901,0.01535229,0.0034592997,0.0077802283,0.008256803,0.21657571,0
5061,0,0.1641865,0,0.1641865,0.0025749207,0.053791173,0.016616182,0.003866276,0.008867673,0.006340046,0.3981608,0
5062,0,0.09394901,0,0.09394901,0.0032806396,0.020579277,0.03715288,0.005105704,0.010265815,0.020759964,0.15553437,0
5063,0,0.021903414,0,0.021903414,0.0018787384,0.012148905,0.020168742,0.004643231,0.0077802283,0.012857023,0.21023479,0
5064,0,0.017843807,0,0.017843807,0.001411438,0.007664877,0.017777596,0.004587734,0.008686432,0.017457243,0.36993164,0
5065,0,0.017843807,0,0.017843807,0.00096797943,0.009241886,0.013644327,0.0036812867,0.0076766624,0.008315781,0.2293851,0
5066,0,0.01128734,0,0.010995304,0.00059843063,0.007778878,0.01128734,0.0020626306,0.006220264,0.004983571,0.2327252,0
5067,0,0.01847211,0,0.01847211,0.0016975403,0.008044879,0.017231047,0.0038292783,0.009074804,0.016631562,0.3124582,0
5068,0,0.011560614,0,0.009801528,0.00074863434,0.006838372,0.011560614,0.002848835,0.0070164283,0.00666442,0.27618244,0
5069,0,0.079250954,1,0.079250954,0.0015163422,0.034341812,0.014361672,0.0047172266,0.007081157,0.00666442,0.25580126,0
5070,0,0.018974753,0,0.018974753,0.0013446808,0.007341875,0.015249812,0.0039587705,0.009411395,0.010085096,0.39587468,0
5071,0,0.036870047,0,0.036870047,0.0026512146,0.011160898,0.026590679,0.0061416444,0.010913103,0.026775636,0.244766,0
5072,0,0.027677942,0,0.027677942,0.0020217896,0.010096892,0.019007329,0.005401687,0.00899713,0.01875474,0.6790727,0
5073,0,0.029445656,0,0.029445656,0.0016975403,0.012300906,0.017709278,0.00449524,0.009178371,0.013151909,0.22725888,0
5074,0,0.02072494,0,0.02072494,0.00096797943,0.012452906,0.0128245065,0.0019053896,0.0062008454,0.008374758,0.30833122,0
5075,0,0.1460314,0,0.1460314,0.005340576,0.028942931,0.066963166,0.009915425,0.026479885,0.047159854,0.2196403,0
5076,0,0.021432023,0,0.021432023,0.0015163422,0.009070885,0.015420608,0.0032928092,0.008220384,0.011500548,0.2787375,0
5077,0,0.067380086,0,0.067380086,0.0013160706,0.022770792,0.014293353,0.00258985,0.006815769,0.0057797628,0.1618254,0
5078,0,0.012754552,0,0.012754552,0.00056028366,0.008804884,0.00993805,0.0022661188,0.006220264,0.0046002194,0.33951205,0
5079,0,0.02543884,0,0.02543884,0.001206398,0.011692902,0.016342908,0.0069185994,0.0072753434,0.012031343,0.27487224,0
5080,0,0.028974265,0,0.028974265,0.002193451,0.010476895,0.01893901,0.0039587705,0.009307829,0.0204061,0.2672067,0
5081,0,0.02107848,0,0.02107848,0.0013923645,0.010248893,0.017026093,0.004328749,0.008272167,0.012739069,0.2619593,0
